(root)	download.log	10241	bare_file	download.log
MISC	RSDir.lzh	1718	ok	rsdir
MISC	RSDir.lzh	1718	ok	readme.rsdir
MISC	RSDir.lzh	1718	ok	ssdcm.a
MISC	addins.lzh	19400	ok	Help.doc
MISC	addins.lzh	19400	ok	Initvdu.doc
MISC	addins.lzh	19400	ok	Launch.doc
MISC	addins.lzh	19400	ok	Readme.doc
MISC	addins.lzh	19400	ok	cls
MISC	addins.lzh	19400	ok	config
MISC	addins.lzh	19400	ok	emacsrc.pc
MISC	addins.lzh	19400	ok	emacsrc.root
MISC	addins.lzh	19400	ok	emacsrc.vt100
MISC	addins.lzh	19400	ok	emacsrc.wyse120
MISC	addins.lzh	19400	ok	help
MISC	addins.lzh	19400	ok	initvdu
MISC	addins.lzh	19400	ok	launch
MISC	addins.lzh	19400	ok	umacsrc.pc
MISC	addins.lzh	19400	ok	umacsrc.vt100
MISC	addins.lzh	19400	ok	umacsrc.wyse120
MISC	alps.t.Z	2331	ok	alps
MISC	alps.t.Z	2331	ok	alps.c
MISC	alps.t.Z	2331	ok	alps.doc
MISC	ccheck.lzh	14707	ok	ccheck
MISC	ccheck.lzh	14707	ok	ccheck.c
MISC	ccheck.lzh	14707	ok	ccheck.man
MISC	ccheck.lzh	14707	ok	makefile
MISC	chown.c	1619	bare_file	chown.c
MISC	file.lzh	44670	ok	file
MISC	file.lzh	44670	ok	file.c
MISC	file.lzh	44670	ok	file.h
MISC	file.lzh	44670	ok	help.c
MISC	file.lzh	44670	ok	istar.c
MISC	file.lzh	44670	ok	magic
MISC	file.lzh	44670	ok	makefile
MISC	file.lzh	44670	ok	makefile.cc
MISC	file.lzh	44670	ok	makefile.ucc
MISC	file.lzh	44670	ok	makefile.unix
MISC	file.lzh	44670	ok	readmagic.c
MISC	file.lzh	44670	ok	readme
MISC	file.lzh	44670	ok	strextra.c
MISC	file.lzh	44670	ok	strtoul.c
MISC	howfrag.lzh	916	ok	howfrag.c
MISC	howfrag.lzh	916	ok	howfrag.doc
MISC	lgrep_v2.lzh	6719	ok	lgrep.c
MISC	lgrep_v2.lzh	6719	ok	lt.f
MISC	lgrep_v2.lzh	6719	ok	makefile
MISC	lgrep_v2.lzh	6719	ok	readme
MISC	lgrep_v2.lzh	6719	ok	regex
MISC	man.lzh	3661	ok	MAN/.man
MISC	man.lzh	3661	ok	MAN/Man.prf
MISC	man.lzh	3661	ok	MAN/man.c
MISC	mtp.shar	47294	shar	
MISC	screen	66654	os9_module	screen
MISC	screen.hlp	713	bare_file	screen.hlp
MISC	setterm2.lzh	19970	ok	Copying
MISC	setterm2.lzh	19970	ok	Setterm.doc
MISC	setterm2.lzh	19970	ok	setterm
MISC	setterm2.lzh	19970	ok	setterm.c
MISC	setterm2.lzh	19970	ok	sys.setterm
MISC	setterm2.lzh	19970	ok	termcap.extra
MISC	speedisk.lzh	40163	ok	quikdoc
MISC	speedisk.lzh	40163	ok	sddemo
MISC	stf.lzh	168818	ok	contents
MISC	stf.lzh	168818	ok	ds9quotes
MISC	stf.lzh	168818	ok	renum.c
MISC	stf.lzh	168818	ok	stf.c
MISC	stf.lzh	168818	ok	stf.doc
MISC	stf.lzh	168818	ok	stquotes
MISC	textb.t.Z	10764	ok	textb
MISC	textb.t.Z	10764	ok	textb.c
MISC	textb.t.Z	10764	ok	textb.doc
MISC	ucc_support.txt	553	bare_file	ucc_support.txt
MISC	ucc_support_68k.uue	91143	bare_file	ucc_support_68k.uue
MISC	vh_1.4.lzh	645100	ok	CMDS/jargon
MISC	vh_1.4.lzh	645100	ok	VH/
MISC	vh_1.4.lzh	645100	ok	VH/COPYING
MISC	vh_1.4.lzh	645100	ok	VH/Makefile
MISC	vh_1.4.lzh	645100	ok	VH/READ.ME
MISC	vh_1.4.lzh	645100	ok	VH/README.AMIGA
MISC	vh_1.4.lzh	645100	ok	VH/Readme.OSK
MISC	vh_1.4.lzh	645100	ok	VH/TurboMake
MISC	vh_1.4.lzh	645100	ok	VH/browse.c
MISC	vh_1.4.lzh	645100	ok	VH/browse.r
MISC	vh_1.4.lzh	645100	ok	VH/jargon.idx
MISC	vh_1.4.lzh	645100	ok	VH/jargon.txt
MISC	vh_1.4.lzh	645100	ok	VH/makefile.org
MISC	vh_1.4.lzh	645100	ok	VH/screen.c
MISC	vh_1.4.lzh	645100	ok	VH/screen.h
MISC	vh_1.4.lzh	645100	ok	VH/screen.r
MISC	vh_1.4.lzh	645100	ok	VH/vh.1
MISC	vh_1.4.lzh	645100	ok	VH/vh.c
MISC	vh_1.4.lzh	645100	ok	VH/vh.h
MISC	vh_1.4.lzh	645100	ok	VH/vh.ps
MISC	vh_1.4.lzh	645100	ok	VH/vh.r
MISC	who.lzh	17904	ok	Field.doc
MISC	who.lzh	17904	ok	Join.doc
MISC	who.lzh	17904	ok	Readme.doc
MISC	who.lzh	17904	ok	Uniq.doc
MISC	who.lzh	17904	ok	field
MISC	who.lzh	17904	ok	join
MISC	who.lzh	17904	ok	uids
MISC	who.lzh	17904	ok	uniq
MISC	who.lzh	17904	ok	users
MISC	who.lzh	17904	ok	who
MISC	xasm.bin.lzh	85213	ok	as0
MISC	xasm.bin.lzh	85213	ok	as09
MISC	xasm.bin.lzh	85213	ok	as1
MISC	xasm.bin.lzh	85213	ok	as11
MISC	xasm.bin.lzh	85213	ok	as4
MISC	xasm.bin.lzh	85213	ok	as5
MISC	xasm.bin.lzh	85213	ok	ascii
SHELLS	bash.lzh	123652	ok	bash
SHELLS	bash.lzh	123652	ok	oskBashStory
SHELLS	bash.lzh	123652	ok	oskProjects
SHELLS	bash.lzh	123652	ok	readme.bash
SHELLS	pd_ksh.e11.lzh	376717	ok	Changes.jrm
SHELLS	pd_ksh.e11.lzh	376717	ok	Changes.mlj
SHELLS	pd_ksh.e11.lzh	376717	ok	install
SHELLS	pd_ksh.e11.lzh	376717	ok	machines
SHELLS	pd_ksh.e11.lzh	376717	ok	manifest
SHELLS	pd_ksh.e11.lzh	376717	ok	Makefile
SHELLS	pd_ksh.e11.lzh	376717	ok	OSK/CMDS/dmake
SHELLS	pd_ksh.e11.lzh	376717	ok	OSK/CMDS/ksh
SHELLS	pd_ksh.e11.lzh	376717	ok	OSK/DEFS/SYS/stat.h
SHELLS	pd_ksh.e11.lzh	376717	ok	OSK/DEFS/SYS/types.h
SHELLS	pd_ksh.e11.lzh	376717	ok	OSK/DEFS/dirent.h
SHELLS	pd_ksh.e11.lzh	376717	ok	OSK/DEFS/fcntl.h
SHELLS	pd_ksh.e11.lzh	376717	ok	OSK/DEFS/ioctl.h
SHELLS	pd_ksh.e11.lzh	376717	ok	OSK/DEFS/osk.h
SHELLS	pd_ksh.e11.lzh	376717	ok	OSK/DEFS/signal.h
SHELLS	pd_ksh.e11.lzh	376717	ok	OSK/DEFS/stddef.h
SHELLS	pd_ksh.e11.lzh	376717	ok	OSK/DEFS/stdh.h
SHELLS	pd_ksh.e11.lzh	376717	ok	OSK/DEFS/stdlib.h
SHELLS	pd_ksh.e11.lzh	376717	ok	OSK/DEFS/string.h
SHELLS	pd_ksh.e11.lzh	376717	ok	OSK/DEFS/termio.h
SHELLS	pd_ksh.e11.lzh	376717	ok	OSK/DEFS/termios.h
SHELLS	pd_ksh.e11.lzh	376717	ok	OSK/DEFS/times.h
SHELLS	pd_ksh.e11.lzh	376717	ok	OSK/DEFS/unistd.h
SHELLS	pd_ksh.e11.lzh	376717	ok	OSK/DEFS/wait.h
SHELLS	pd_ksh.e11.lzh	376717	ok	OSK/DOC/Readme.osk
SHELLS	pd_ksh.e11.lzh	376717	ok	OSK/DOC/dmake.p
SHELLS	pd_ksh.e11.lzh	376717	ok	OSK/INCL/ic_ksh.c
SHELLS	pd_ksh.e11.lzh	376717	ok	OSK/INCL/iexec.c
SHELLS	pd_ksh.e11.lzh	376717	ok	OSK/INCL/ijobs.c
SHELLS	pd_ksh.e11.lzh	376717	ok	OSK/INCL/ijobs0.c
SHELLS	pd_ksh.e11.lzh	376717	ok	OSK/INCL/imisc.c
SHELLS	pd_ksh.e11.lzh	376717	ok	OSK/INCL/nblk.x
SHELLS	pd_ksh.e11.lzh	376717	ok	OSK/SAMPLE/.profile.ksh
SHELLS	pd_ksh.e11.lzh	376717	ok	OSK/SAMPLE/envi.ksh
SHELLS	pd_ksh.e11.lzh	376717	ok	OSK/SAMPLE/mark
SHELLS	pd_ksh.e11.lzh	376717	ok	OSK/SAMPLE/profile.ksh
SHELLS	pd_ksh.e11.lzh	376717	ok	OSK/SRC/_x_access.c
SHELLS	pd_ksh.e11.lzh	376717	ok	OSK/SRC/_x_creat.c
SHELLS	pd_ksh.e11.lzh	376717	ok	OSK/SRC/_x_open.c
SHELLS	pd_ksh.e11.lzh	376717	ok	OSK/SRC/_x_opendir.c
SHELLS	pd_ksh.e11.lzh	376717	ok	OSK/SRC/dmakefile
SHELLS	pd_ksh.e11.lzh	376717	ok	OSK/SRC/execve.c
SHELLS	pd_ksh.e11.lzh	376717	ok	OSK/SRC/fcntl.c
SHELLS	pd_ksh.e11.lzh	376717	ok	OSK/SRC/fputc.c
SHELLS	pd_ksh.e11.lzh	376717	ok	OSK/SRC/getcwd.c
SHELLS	pd_ksh.e11.lzh	376717	ok	OSK/SRC/getgid.c
SHELLS	pd_ksh.e11.lzh	376717	ok	OSK/SRC/getppid.c
SHELLS	pd_ksh.e11.lzh	376717	ok	OSK/SRC/ioctl.c
SHELLS	pd_ksh.e11.lzh	376717	ok	OSK/SRC/laccess.c
SHELLS	pd_ksh.e11.lzh	376717	ok	OSK/SRC/maketemp.c
SHELLS	pd_ksh.e11.lzh	376717	ok	OSK/SRC/osk.c
SHELLS	pd_ksh.e11.lzh	376717	ok	OSK/SRC/setvbuf.c
SHELLS	pd_ksh.e11.lzh	376717	ok	OSK/SRC/signal.c
SHELLS	pd_ksh.e11.lzh	376717	ok	OSK/SRC/srcdbg.init
SHELLS	pd_ksh.e11.lzh	376717	ok	OSK/SRC/ssmpermit.a
SHELLS	pd_ksh.e11.lzh	376717	ok	OSK/SRC/ssmprotect.a
SHELLS	pd_ksh.e11.lzh	376717	ok	OSK/SRC/stat.c
SHELLS	pd_ksh.e11.lzh	376717	ok	OSK/SRC/strnicmp.c
SHELLS	pd_ksh.e11.lzh	376717	ok	OSK/SRC/tempnam.c
SHELLS	pd_ksh.e11.lzh	376717	ok	OSK/SRC/times.c
SHELLS	pd_ksh.e11.lzh	376717	ok	OSK/SRC/unistd.c
SHELLS	pd_ksh.e11.lzh	376717	ok	OSK/SYS/startup.mk
SHELLS	pd_ksh.e11.lzh	376717	ok	patchdates
SHELLS	pd_ksh.e11.lzh	376717	ok	readme
SHELLS	pd_ksh.e11.lzh	376717	ok	ReadMe.jrm
SHELLS	pd_ksh.e11.lzh	376717	ok	ReadMe.sjg
SHELLS	pd_ksh.e11.lzh	376717	ok	ReadMe.vimode
SHELLS	pd_ksh.e11.lzh	376717	ok	bug_report
SHELLS	pd_ksh.e11.lzh	376717	ok	etc/ksh.kshrc
SHELLS	pd_ksh.e11.lzh	376717	ok	etc/profile
SHELLS	pd_ksh.e11.lzh	376717	ok	etc/sys_config.sh
SHELLS	pd_ksh.e11.lzh	376717	ok	ksh.1
SHELLS	pd_ksh.e11.lzh	376717	ok	ksh.tex
SHELLS	pd_ksh.e11.lzh	376717	ok	sh/.1
SHELLS	pd_ksh.e11.lzh	376717	ok	sh/ChangeLog
SHELLS	pd_ksh.e11.lzh	376717	ok	sh/Changes
SHELLS	pd_ksh.e11.lzh	376717	ok	sh/Makefile
SHELLS	pd_ksh.e11.lzh	376717	ok	sh/ReadMe
SHELLS	pd_ksh.e11.lzh	376717	ok	sh/alloc.c
SHELLS	pd_ksh.e11.lzh	376717	ok	sh/alloc.h
SHELLS	pd_ksh.e11.lzh	376717	ok	sh/c_ksh.c
SHELLS	pd_ksh.e11.lzh	376717	ok	sh/c_sh.c
SHELLS	pd_ksh.e11.lzh	376717	ok	sh/c_test.c
SHELLS	pd_ksh.e11.lzh	376717	ok	sh/config.h
SHELLS	pd_ksh.e11.lzh	376717	ok	sh/dmake.depend
SHELLS	pd_ksh.e11.lzh	376717	ok	sh/dmakefile
SHELLS	pd_ksh.e11.lzh	376717	ok	sh/do_ulimit.c
SHELLS	pd_ksh.e11.lzh	376717	ok	sh/edit.c
SHELLS	pd_ksh.e11.lzh	376717	ok	sh/edit.h
SHELLS	pd_ksh.e11.lzh	376717	ok	sh/emacs.c
SHELLS	pd_ksh.e11.lzh	376717	ok	sh/eval.c
SHELLS	pd_ksh.e11.lzh	376717	ok	sh/exec.c
SHELLS	pd_ksh.e11.lzh	376717	ok	sh/expand.h
SHELLS	pd_ksh.e11.lzh	376717	ok	sh/expr.c
SHELLS	pd_ksh.e11.lzh	376717	ok	sh/getopts.c
SHELLS	pd_ksh.e11.lzh	376717	ok	sh/history.c
SHELLS	pd_ksh.e11.lzh	376717	ok	sh/io.c
SHELLS	pd_ksh.e11.lzh	376717	ok	sh/jobs.c
SHELLS	pd_ksh.e11.lzh	376717	ok	sh/lex.c
SHELLS	pd_ksh.e11.lzh	376717	ok	sh/lex.h
SHELLS	pd_ksh.e11.lzh	376717	ok	sh/mail.c
SHELLS	pd_ksh.e11.lzh	376717	ok	sh/main.c
SHELLS	pd_ksh.e11.lzh	376717	ok	sh/misc.c
SHELLS	pd_ksh.e11.lzh	376717	ok	sh/osk_ed
SHELLS	pd_ksh.e11.lzh	376717	ok	sh/patchlevel.h
SHELLS	pd_ksh.e11.lzh	376717	ok	sh/proto.h
SHELLS	pd_ksh.e11.lzh	376717	ok	sh/sh.h
SHELLS	pd_ksh.e11.lzh	376717	ok	sh/sigact.c
SHELLS	pd_ksh.e11.lzh	376717	ok	sh/sigact.h
SHELLS	pd_ksh.e11.lzh	376717	ok	sh/srcdbg.init
SHELLS	pd_ksh.e11.lzh	376717	ok	sh/stdh.h
SHELLS	pd_ksh.e11.lzh	376717	ok	sh/syn.c
SHELLS	pd_ksh.e11.lzh	376717	ok	sh/table.c
SHELLS	pd_ksh.e11.lzh	376717	ok	sh/table.h
SHELLS	pd_ksh.e11.lzh	376717	ok	sh/trace.c
SHELLS	pd_ksh.e11.lzh	376717	ok	sh/trace.h
SHELLS	pd_ksh.e11.lzh	376717	ok	sh/trap.c
SHELLS	pd_ksh.e11.lzh	376717	ok	sh/tree.c
SHELLS	pd_ksh.e11.lzh	376717	ok	sh/tree.h
SHELLS	pd_ksh.e11.lzh	376717	ok	sh/tty.h
SHELLS	pd_ksh.e11.lzh	376717	ok	sh/var.c
SHELLS	pd_ksh.e11.lzh	376717	ok	sh/version.c
SHELLS	pd_ksh.e11.lzh	376717	ok	sh/vi.c
SHELLS	pd_ksh.e11.lzh	376717	ok	sh/xxx
SHELLS	pd_ksh.e11.lzh	376717	ok	std/Makefile
SHELLS	pd_ksh.e11.lzh	376717	ok	std/mklinks
SHELLS	pd_ksh.e11.lzh	376717	ok	std/posix/ChangeLog
SHELLS	pd_ksh.e11.lzh	376717	ok	std/posix/Makefile
SHELLS	pd_ksh.e11.lzh	376717	ok	std/posix/dirent.C
SHELLS	pd_ksh.e11.lzh	376717	ok	std/posix/dirent.H
SHELLS	pd_ksh.e11.lzh	376717	ok	std/posix/dup2.c
SHELLS	pd_ksh.e11.lzh	376717	ok	std/posix/fcntl.c
SHELLS	pd_ksh.e11.lzh	376717	ok	std/posix/fcntl.h
SHELLS	pd_ksh.e11.lzh	376717	ok	std/posix/fixincludes
SHELLS	pd_ksh.e11.lzh	376717	ok	std/posix/io.h
SHELLS	pd_ksh.e11.lzh	376717	ok	std/posix/time.h
SHELLS	pd_ksh.e11.lzh	376717	ok	std/posix/times.c
SHELLS	pd_ksh.e11.lzh	376717	ok	std/posix/times.h
SHELLS	pd_ksh.e11.lzh	376717	ok	std/posix/unistd.c
SHELLS	pd_ksh.e11.lzh	376717	ok	std/posix/unistd.h
SHELLS	pd_ksh.e11.lzh	376717	ok	std/posix/wait.h
SHELLS	pd_ksh.e11.lzh	376717	ok	std/stdc/ChangeLog
SHELLS	pd_ksh.e11.lzh	376717	ok	std/stdc/Makefile
SHELLS	pd_ksh.e11.lzh	376717	ok	std/stdc/clock.c
SHELLS	pd_ksh.e11.lzh	376717	ok	std/stdc/fprintf.c
SHELLS	pd_ksh.e11.lzh	376717	ok	std/stdc/limits.h
SHELLS	pd_ksh.e11.lzh	376717	ok	std/stdc/memchr.c
SHELLS	pd_ksh.e11.lzh	376717	ok	std/stdc/memcmp.c
SHELLS	pd_ksh.e11.lzh	376717	ok	std/stdc/memcpy.c
SHELLS	pd_ksh.e11.lzh	376717	ok	std/stdc/memmove.c
SHELLS	pd_ksh.e11.lzh	376717	ok	std/stdc/memset.c
SHELLS	pd_ksh.e11.lzh	376717	ok	std/stdc/setvbuf.c
SHELLS	pd_ksh.e11.lzh	376717	ok	std/stdc/sprintf.c
SHELLS	pd_ksh.e11.lzh	376717	ok	std/stdc/stdarg.h
SHELLS	pd_ksh.e11.lzh	376717	ok	std/stdc/stddef.h
SHELLS	pd_ksh.e11.lzh	376717	ok	std/stdc/stdio.c
SHELLS	pd_ksh.e11.lzh	376717	ok	std/stdc/stdio.h_std
SHELLS	pd_ksh.e11.lzh	376717	ok	std/stdc/stdio.sed
SHELLS	pd_ksh.e11.lzh	376717	ok	std/stdc/stdlib.h
SHELLS	pd_ksh.e11.lzh	376717	ok	std/stdc/strcat.c
SHELLS	pd_ksh.e11.lzh	376717	ok	std/stdc/strchr.c
SHELLS	pd_ksh.e11.lzh	376717	ok	std/stdc/strcmp.c
SHELLS	pd_ksh.e11.lzh	376717	ok	std/stdc/strcpy.c
SHELLS	pd_ksh.e11.lzh	376717	ok	std/stdc/strcspn.c
SHELLS	pd_ksh.e11.lzh	376717	ok	std/stdc/strerror.c
SHELLS	pd_ksh.e11.lzh	376717	ok	std/stdc/string.h
SHELLS	pd_ksh.e11.lzh	376717	ok	std/stdc/strlen.c
SHELLS	pd_ksh.e11.lzh	376717	ok	std/stdc/strncat.c
SHELLS	pd_ksh.e11.lzh	376717	ok	std/stdc/strncmp.c
SHELLS	pd_ksh.e11.lzh	376717	ok	std/stdc/strncpy.c
SHELLS	pd_ksh.e11.lzh	376717	ok	std/stdc/strpbrk.c
SHELLS	pd_ksh.e11.lzh	376717	ok	std/stdc/strrchr.c
SHELLS	pd_ksh.e11.lzh	376717	ok	std/stdc/strspn.c
SHELLS	pd_ksh.e11.lzh	376717	ok	std/stdc/strstr.c
SHELLS	pd_ksh.e11.lzh	376717	ok	std/stdc/strtok.c
SHELLS	pd_ksh.e11.lzh	376717	ok	std/stdc/time.h
SHELLS	pd_ksh.e11.lzh	376717	ok	std/stdc/types.h
SHELLS	pd_ksh.e11.lzh	376717	ok	std/stdc/vprintf.c
SHELLS	sh.lzh	28012	ok	sh
SHELLS	sh.readme	1806	bare_file	sh.readme
SHELLS	sh73.html	122195	bare_file	sh73.html
SHELLS	sh73.lzh	129994	ok	CMDS/
SHELLS	sh73.lzh	129994	ok	CMDS/basename
SHELLS	sh73.lzh	129994	ok	CMDS/cat
SHELLS	sh73.lzh	129994	ok	CMDS/dirname
SHELLS	sh73.lzh	129994	ok	CMDS/sh
SHELLS	sh73.lzh	129994	ok	CMDS/strcmp
SHELLS	sh73.lzh	129994	ok	DOC/
SHELLS	sh73.lzh	129994	ok	DOC/changelog.sh
SHELLS	sh73.lzh	129994	ok	DOC/sh.doc
SHELLS	sh73.lzh	129994	ok	DOC/strcmp.doc
SHELLS	sh73.lzh	129994	ok	SCRIPTS/
SHELLS	sh73.lzh	129994	ok	SCRIPTS/adduser
SHELLS	sh73.lzh	129994	ok	SCRIPTS/argsandopts
SHELLS	sh73.lzh	129994	ok	SCRIPTS/compat
SHELLS	sh73.lzh	129994	ok	SCRIPTS/contbreak
SHELLS	sh73.lzh	129994	ok	SCRIPTS/delfunc
SHELLS	sh73.lzh	129994	ok	SCRIPTS/dev
SHELLS	sh73.lzh	129994	ok	SCRIPTS/dirbasedemo
SHELLS	sh73.lzh	129994	ok	SCRIPTS/emptyvars
SHELLS	sh73.lzh	129994	ok	SCRIPTS/exargs
SHELLS	sh73.lzh	129994	ok	SCRIPTS/find
SHELLS	sh73.lzh	129994	ok	SCRIPTS/funcdemo
SHELLS	sh73.lzh	129994	ok	SCRIPTS/install.shell
SHELLS	sh73.lzh	129994	ok	SCRIPTS/irq
SHELLS	sh73.lzh	129994	ok	SCRIPTS/longline
SHELLS	sh73.lzh	129994	ok	SCRIPTS/longvar
SHELLS	sh73.lzh	129994	ok	SCRIPTS/longword
SHELLS	sh73.lzh	129994	ok	SCRIPTS/mergedemo
SHELLS	sh73.lzh	129994	ok	SCRIPTS/pids
SHELLS	sh73.lzh	129994	ok	SCRIPTS/prio
SHELLS	sh73.lzh	129994	ok	SCRIPTS/quotedhere
SHELLS	sh73.lzh	129994	ok	SCRIPTS/readvar
SHELLS	sh73.lzh	129994	ok	SCRIPTS/tests
SHELLS	sh73.lzh	129994	ok	SCRIPTS/tree
SHELLS	sh73.lzh	129994	ok	SCRIPTS/undefcase
SHELLS	sh73.lzh	129994	ok	SCRIPTS/unixcompat
SHELLS	sh73.lzh	129994	ok	SCRIPTS/use_cat
SHELLS	sh73.lzh	129994	ok	SCRIPTS/use_strcmp
SHELLS	sh73.lzh	129994	ok	SCRIPTS/varsexpl
SHELLS	sh73.lzh	129994	ok	SCRIPTS/which
SHELLS	sh73.lzh	129994	ok	SCRIPTS/xcopy
SHELLS	sh73.lzh	129994	ok	SYS/
SHELLS	sh73.lzh	129994	ok	SYS/dot.login
SHELLS	sh73.lzh	129994	ok	SYS/dot.profile
SHELLS	sh73.lzh	129994	ok	SYS/password.sh
SHELLS	sh74.html	122377	bare_file	sh74.html
SHELLS	sh74.lzh	130595	ok	CMDS/
SHELLS	sh74.lzh	130595	ok	CMDS/basename
SHELLS	sh74.lzh	130595	ok	CMDS/cat
SHELLS	sh74.lzh	130595	ok	CMDS/dirname
SHELLS	sh74.lzh	130595	ok	CMDS/sh
SHELLS	sh74.lzh	130595	ok	CMDS/strcmp
SHELLS	sh74.lzh	130595	ok	DOC/
SHELLS	sh74.lzh	130595	ok	DOC/changelog.sh
SHELLS	sh74.lzh	130595	ok	DOC/sh.doc
SHELLS	sh74.lzh	130595	ok	DOC/strcmp.doc
SHELLS	sh74.lzh	130595	ok	SCRIPTS/
SHELLS	sh74.lzh	130595	ok	SCRIPTS/adduser
SHELLS	sh74.lzh	130595	ok	SCRIPTS/argsandopts
SHELLS	sh74.lzh	130595	ok	SCRIPTS/compat
SHELLS	sh74.lzh	130595	ok	SCRIPTS/contbreak
SHELLS	sh74.lzh	130595	ok	SCRIPTS/delfunc
SHELLS	sh74.lzh	130595	ok	SCRIPTS/dev
SHELLS	sh74.lzh	130595	ok	SCRIPTS/dirbasedemo
SHELLS	sh74.lzh	130595	ok	SCRIPTS/emptyvars
SHELLS	sh74.lzh	130595	ok	SCRIPTS/exargs
SHELLS	sh74.lzh	130595	ok	SCRIPTS/find
SHELLS	sh74.lzh	130595	ok	SCRIPTS/funcdemo
SHELLS	sh74.lzh	130595	ok	SCRIPTS/install.shell
SHELLS	sh74.lzh	130595	ok	SCRIPTS/irq
SHELLS	sh74.lzh	130595	ok	SCRIPTS/longline
SHELLS	sh74.lzh	130595	ok	SCRIPTS/longvar
SHELLS	sh74.lzh	130595	ok	SCRIPTS/longword
SHELLS	sh74.lzh	130595	ok	SCRIPTS/mergedemo
SHELLS	sh74.lzh	130595	ok	SCRIPTS/pids
SHELLS	sh74.lzh	130595	ok	SCRIPTS/prio
SHELLS	sh74.lzh	130595	ok	SCRIPTS/quotedhere
SHELLS	sh74.lzh	130595	ok	SCRIPTS/readvar
SHELLS	sh74.lzh	130595	ok	SCRIPTS/tests
SHELLS	sh74.lzh	130595	ok	SCRIPTS/tree
SHELLS	sh74.lzh	130595	ok	SCRIPTS/undefcase
SHELLS	sh74.lzh	130595	ok	SCRIPTS/unixcompat
SHELLS	sh74.lzh	130595	ok	SCRIPTS/use_cat
SHELLS	sh74.lzh	130595	ok	SCRIPTS/use_strcmp
SHELLS	sh74.lzh	130595	ok	SCRIPTS/varsexpl
SHELLS	sh74.lzh	130595	ok	SCRIPTS/which
SHELLS	sh74.lzh	130595	ok	SCRIPTS/xcopy
SHELLS	sh74.lzh	130595	ok	SYS/
SHELLS	sh74.lzh	130595	ok	SYS/dot.login
SHELLS	sh74.lzh	130595	ok	SYS/dot.profile
SHELLS	sh74.lzh	130595	ok	SYS/password.sh
SHELLS	sh75.lzh	130926	ok	CMDS/
SHELLS	sh75.lzh	130926	ok	CMDS/basename
SHELLS	sh75.lzh	130926	ok	CMDS/cat
SHELLS	sh75.lzh	130926	ok	CMDS/dirname
SHELLS	sh75.lzh	130926	ok	CMDS/sh
SHELLS	sh75.lzh	130926	ok	CMDS/strcmp
SHELLS	sh75.lzh	130926	ok	DOC/
SHELLS	sh75.lzh	130926	ok	DOC/changelog.sh
SHELLS	sh75.lzh	130926	ok	DOC/sh.doc
SHELLS	sh75.lzh	130926	ok	DOC/strcmp.doc
SHELLS	sh75.lzh	130926	ok	SCRIPTS/
SHELLS	sh75.lzh	130926	ok	SCRIPTS/adduser
SHELLS	sh75.lzh	130926	ok	SCRIPTS/argsandopts
SHELLS	sh75.lzh	130926	ok	SCRIPTS/compat
SHELLS	sh75.lzh	130926	ok	SCRIPTS/contbreak
SHELLS	sh75.lzh	130926	ok	SCRIPTS/delfunc
SHELLS	sh75.lzh	130926	ok	SCRIPTS/dev
SHELLS	sh75.lzh	130926	ok	SCRIPTS/dirbasedemo
SHELLS	sh75.lzh	130926	ok	SCRIPTS/emptyvars
SHELLS	sh75.lzh	130926	ok	SCRIPTS/exargs
SHELLS	sh75.lzh	130926	ok	SCRIPTS/find
SHELLS	sh75.lzh	130926	ok	SCRIPTS/funcdemo
SHELLS	sh75.lzh	130926	ok	SCRIPTS/install.shell
SHELLS	sh75.lzh	130926	ok	SCRIPTS/irq
SHELLS	sh75.lzh	130926	ok	SCRIPTS/longline
SHELLS	sh75.lzh	130926	ok	SCRIPTS/longvar
SHELLS	sh75.lzh	130926	ok	SCRIPTS/longword
SHELLS	sh75.lzh	130926	ok	SCRIPTS/mergedemo
SHELLS	sh75.lzh	130926	ok	SCRIPTS/pids
SHELLS	sh75.lzh	130926	ok	SCRIPTS/prio
SHELLS	sh75.lzh	130926	ok	SCRIPTS/quotedhere
SHELLS	sh75.lzh	130926	ok	SCRIPTS/readvar
SHELLS	sh75.lzh	130926	ok	SCRIPTS/tests
SHELLS	sh75.lzh	130926	ok	SCRIPTS/tree
SHELLS	sh75.lzh	130926	ok	SCRIPTS/undefcase
SHELLS	sh75.lzh	130926	ok	SCRIPTS/unixcompat
SHELLS	sh75.lzh	130926	ok	SCRIPTS/use_cat
SHELLS	sh75.lzh	130926	ok	SCRIPTS/use_strcmp
SHELLS	sh75.lzh	130926	ok	SCRIPTS/varsexpl
SHELLS	sh75.lzh	130926	ok	SCRIPTS/which
SHELLS	sh75.lzh	130926	ok	SCRIPTS/xcopy
SHELLS	sh75.lzh	130926	ok	SYS/
SHELLS	sh75.lzh	130926	ok	SYS/dot.login
SHELLS	sh75.lzh	130926	ok	SYS/dot.profile
SHELLS	sh75.lzh	130926	ok	SYS/password.sh
SHELLS	sh_utils73.lzh	154639	ok	CMDS/
SHELLS	sh_utils73.lzh	154639	ok	CMDS/env
SHELLS	sh_utils73.lzh	154639	ok	CMDS/expr
SHELLS	sh_utils73.lzh	154639	ok	CMDS/ggrep
SHELLS	sh_utils73.lzh	154639	ok	CMDS/grep.grep
SHELLS	sh_utils73.lzh	154639	ok	CMDS/logname
SHELLS	sh_utils73.lzh	154639	ok	CMDS/printf
SHELLS	sh_utils73.lzh	154639	ok	CMDS/sed
SHELLS	sh_utils73.lzh	154639	ok	CMDS/su
SHELLS	sh_utils73.lzh	154639	ok	CMDS/whoami
SHELLS	sh_utils73.lzh	154639	ok	copying
SHELLS	sh_utils73.lzh	154639	ok	readme
SHELLS	shell.html	119652	bare_file	shell.html
SHELLS	shell.lzh	127561	ok	CMDS/
SHELLS	shell.lzh	127561	ok	CMDS/basename
SHELLS	shell.lzh	127561	ok	CMDS/cat
SHELLS	shell.lzh	127561	ok	CMDS/dirname
SHELLS	shell.lzh	127561	ok	CMDS/sh
SHELLS	shell.lzh	127561	ok	CMDS/strcmp
SHELLS	shell.lzh	127561	ok	DOC/
SHELLS	shell.lzh	127561	ok	DOC/changelog.sh
SHELLS	shell.lzh	127561	ok	DOC/sh.doc
SHELLS	shell.lzh	127561	ok	DOC/strcmp.doc
SHELLS	shell.lzh	127561	ok	SCRIPTS/
SHELLS	shell.lzh	127561	ok	SCRIPTS/argsandopts
SHELLS	shell.lzh	127561	ok	SCRIPTS/compat
SHELLS	shell.lzh	127561	ok	SCRIPTS/contbreak
SHELLS	shell.lzh	127561	ok	SCRIPTS/delfunc
SHELLS	shell.lzh	127561	ok	SCRIPTS/dev
SHELLS	shell.lzh	127561	ok	SCRIPTS/dirbasedemo
SHELLS	shell.lzh	127561	ok	SCRIPTS/emptyvars
SHELLS	shell.lzh	127561	ok	SCRIPTS/exargs
SHELLS	shell.lzh	127561	ok	SCRIPTS/find
SHELLS	shell.lzh	127561	ok	SCRIPTS/funcdemo
SHELLS	shell.lzh	127561	ok	SCRIPTS/install.shell
SHELLS	shell.lzh	127561	ok	SCRIPTS/irq
SHELLS	shell.lzh	127561	ok	SCRIPTS/longline
SHELLS	shell.lzh	127561	ok	SCRIPTS/longvar
SHELLS	shell.lzh	127561	ok	SCRIPTS/longword
SHELLS	shell.lzh	127561	ok	SCRIPTS/mergedemo
SHELLS	shell.lzh	127561	ok	SCRIPTS/pids
SHELLS	shell.lzh	127561	ok	SCRIPTS/prio
SHELLS	shell.lzh	127561	ok	SCRIPTS/quotedhere
SHELLS	shell.lzh	127561	ok	SCRIPTS/readvar
SHELLS	shell.lzh	127561	ok	SCRIPTS/tests
SHELLS	shell.lzh	127561	ok	SCRIPTS/tree
SHELLS	shell.lzh	127561	ok	SCRIPTS/undefcase
SHELLS	shell.lzh	127561	ok	SCRIPTS/unixcompat
SHELLS	shell.lzh	127561	ok	SCRIPTS/use_cat
SHELLS	shell.lzh	127561	ok	SCRIPTS/use_strcmp
SHELLS	shell.lzh	127561	ok	SCRIPTS/varsexpl
SHELLS	shell.lzh	127561	ok	SCRIPTS/which
SHELLS	shell.lzh	127561	ok	SCRIPTS/xcopy
SHELLS	shell.lzh	127561	ok	SYS/
SHELLS	shell.lzh	127561	ok	SYS/dot.login
SHELLS	shell.lzh	127561	ok	SYS/dot.profile
SHELLS	shell.lzh	127561	ok	SYS/password.sh
SHELLS	tshell.readme	677	bare_file	tshell.readme
SHELLS	tshell.zip	72371	ok	tshell
SHELLS	updates.lzh	27034	ok	keydrv.mm1
SHELLS	updates.lzh	27034	ok	msdrv.901_340
SHELLS	updates.lzh	27034	ok	msdrv_340.901.ms
SHELLS	updates.lzh	27034	ok	rb37c65
SHELLS	updates.lzh	27034	ok	scsi_mm1a
SHELLS	updates.lzh	27034	ok	snddrv
SHELLS	updates.lzh	27034	ok	windio.52
ARCHIVERS	LHa.bin	63676	os9_module	LHa.bin
ARCHIVERS	ar	22772	os9_module	ar
ARCHIVERS	ar-static.gz	62959	plain_gz	ar-static
ARCHIVERS	ar.gz	11316	plain_gz	ar
ARCHIVERS	arc	38492	os9_module	arc
ARCHIVERS	gzip_1_2_2.bin	77778	os9_module	gzip_1_2_2.bin
ARCHIVERS	gziposk124.tar	418304	ok	gzip020_csl
ARCHIVERS	gziposk124.tar	418304	ok	gzip020_nocsl
ARCHIVERS	gziposk124.tar	418304	ok	gzip68k_csl
ARCHIVERS	gziposk124.tar	418304	ok	gzip68k_nocsl
ARCHIVERS	gziposk124.tar	418304	ok	gzipcpu32_nocsl
ARCHIVERS	gziposk124.tar	418304	ok	gzipcpu32k_csl
ARCHIVERS	lha205.lzh	66218	ok	append.c
ARCHIVERS	lha205.lzh	66218	ok	crcio.c
ARCHIVERS	lha205.lzh	66218	ok	dhuf.c
ARCHIVERS	lha205.lzh	66218	ok	extract.c
ARCHIVERS	lha205.lzh	66218	ok	header.c
ARCHIVERS	lha205.lzh	66218	ok	header.inf
ARCHIVERS	lha205.lzh	66218	ok	huf.c
ARCHIVERS	lha205.lzh	66218	ok	intrface.h
ARCHIVERS	lha205.lzh	66218	ok	larc.c
ARCHIVERS	lha205.lzh	66218	ok	lha.doc
ARCHIVERS	lha205.lzh	66218	ok	lhadd.c
ARCHIVERS	lha205.lzh	66218	ok	lharc.c
ARCHIVERS	lha205.lzh	66218	ok	lharc.h
ARCHIVERS	lha205.lzh	66218	ok	lhdir.c
ARCHIVERS	lha205.lzh	66218	ok	lhdir.h
ARCHIVERS	lha205.lzh	66218	ok	lhext.c
ARCHIVERS	lha205.lzh	66218	ok	lhlist.c
ARCHIVERS	lha205.lzh	66218	ok	ln.c
ARCHIVERS	lha205.lzh	66218	ok	makefile.lin
ARCHIVERS	lha205.lzh	66218	ok	makefile.osk
ARCHIVERS	lha205.lzh	66218	ok	makefile.unx
ARCHIVERS	lha205.lzh	66218	ok	maketbl.c
ARCHIVERS	lha205.lzh	66218	ok	maketree.c
ARCHIVERS	lha205.lzh	66218	ok	memmove.c
ARCHIVERS	lha205.lzh	66218	ok	memset.c
ARCHIVERS	lha205.lzh	66218	ok	osk.c
ARCHIVERS	lha205.lzh	66218	ok	patmatch.c
ARCHIVERS	lha205.lzh	66218	ok	rename.c
ARCHIVERS	lha205.lzh	66218	ok	shuf.c
ARCHIVERS	lha205.lzh	66218	ok	slide.c
ARCHIVERS	lha205.lzh	66218	ok	slidehuf.h
ARCHIVERS	lha205.lzh	66218	ok	strdup.c
ARCHIVERS	lha205.lzh	66218	ok	strucmp.c
ARCHIVERS	lha205.lzh	66218	ok	util.c
ARCHIVERS	lha206.bin	64024	os9_module	lha206.bin
ARCHIVERS	lha208.bin	65560	os9_module	lha208.bin
ARCHIVERS	lha208.doc	15472	bare_file	lha208.doc
ARCHIVERS	lha208.lzh	114323	ok	lha208.bin
ARCHIVERS	lha208.lzh	114323	ok	lha208.doc
ARCHIVERS	lha208.lzh	114323	ok	lha208.readme
ARCHIVERS	lha208.lzh	114323	ok	lha208src.lzh
ARCHIVERS	lha208.readme	273	bare_file	lha208.readme
ARCHIVERS	lha208src.lzh	75362	ok	LHA/
ARCHIVERS	lha208src.lzh	75362	ok	LHA/DOC/
ARCHIVERS	lha208src.lzh	75362	ok	LHA/DOC/lha.doc
ARCHIVERS	lha208src.lzh	75362	ok	LHA/DOC/lha.hlp
ARCHIVERS	lha208src.lzh	75362	ok	LHA/SRC/
ARCHIVERS	lha208src.lzh	75362	ok	LHA/SRC/Makefile
ARCHIVERS	lha208src.lzh	75362	ok	LHA/SRC/Makefile.lin
ARCHIVERS	lha208src.lzh	75362	ok	LHA/SRC/Makefile.osk
ARCHIVERS	lha208src.lzh	75362	ok	LHA/SRC/Makefile.sco
ARCHIVERS	lha208src.lzh	75362	ok	LHA/SRC/Makefile.unx
ARCHIVERS	lha208src.lzh	75362	ok	LHA/SRC/RELS/
ARCHIVERS	lha208src.lzh	75362	ok	LHA/SRC/append.c
ARCHIVERS	lha208src.lzh	75362	ok	LHA/SRC/crcio.c
ARCHIVERS	lha208src.lzh	75362	ok	LHA/SRC/dhuf.c
ARCHIVERS	lha208src.lzh	75362	ok	LHA/SRC/extract.c
ARCHIVERS	lha208src.lzh	75362	ok	LHA/SRC/header.c
ARCHIVERS	lha208src.lzh	75362	ok	LHA/SRC/header.inf
ARCHIVERS	lha208src.lzh	75362	ok	LHA/SRC/huf.c
ARCHIVERS	lha208src.lzh	75362	ok	LHA/SRC/intrface.h
ARCHIVERS	lha208src.lzh	75362	ok	LHA/SRC/larc.c
ARCHIVERS	lha208src.lzh	75362	ok	LHA/SRC/lha.doc
ARCHIVERS	lha208src.lzh	75362	ok	LHA/SRC/lhadd.c
ARCHIVERS	lha208src.lzh	75362	ok	LHA/SRC/lharc.c
ARCHIVERS	lha208src.lzh	75362	ok	LHA/SRC/lharc.h
ARCHIVERS	lha208src.lzh	75362	ok	LHA/SRC/lhdir.c
ARCHIVERS	lha208src.lzh	75362	ok	LHA/SRC/lhdir.h
ARCHIVERS	lha208src.lzh	75362	ok	LHA/SRC/lhext.c
ARCHIVERS	lha208src.lzh	75362	ok	LHA/SRC/lhlist.c
ARCHIVERS	lha208src.lzh	75362	ok	LHA/SRC/ln.c
ARCHIVERS	lha208src.lzh	75362	ok	LHA/SRC/maketbl.c
ARCHIVERS	lha208src.lzh	75362	ok	LHA/SRC/maketree.c
ARCHIVERS	lha208src.lzh	75362	ok	LHA/SRC/memmove.c
ARCHIVERS	lha208src.lzh	75362	ok	LHA/SRC/memset.c
ARCHIVERS	lha208src.lzh	75362	ok	LHA/SRC/osk.c
ARCHIVERS	lha208src.lzh	75362	ok	LHA/SRC/patmatch.c
ARCHIVERS	lha208src.lzh	75362	ok	LHA/SRC/rename.c
ARCHIVERS	lha208src.lzh	75362	ok	LHA/SRC/shuf.c
ARCHIVERS	lha208src.lzh	75362	ok	LHA/SRC/slide.c
ARCHIVERS	lha208src.lzh	75362	ok	LHA/SRC/slidehuf.h
ARCHIVERS	lha208src.lzh	75362	ok	LHA/SRC/strdup.c
ARCHIVERS	lha208src.lzh	75362	ok	LHA/SRC/strucmp.c
ARCHIVERS	lha208src.lzh	75362	ok	LHA/SRC/util.c
ARCHIVERS	lharc1.03	48540	os9_module	lharc1.03
ARCHIVERS	lharc1.03.doc	12447	bare_file	lharc1.03.doc
ARCHIVERS	lhasrc.lzh	64217	ok	append.c
ARCHIVERS	lhasrc.lzh	64217	ok	crcio.c
ARCHIVERS	lhasrc.lzh	64217	ok	dhuf.c
ARCHIVERS	lhasrc.lzh	64217	ok	extract.c
ARCHIVERS	lhasrc.lzh	64217	ok	header.c
ARCHIVERS	lhasrc.lzh	64217	ok	huf.c
ARCHIVERS	lhasrc.lzh	64217	ok	intrface.h
ARCHIVERS	lhasrc.lzh	64217	ok	larc.c
ARCHIVERS	lhasrc.lzh	64217	ok	lha.doc
ARCHIVERS	lhasrc.lzh	64217	ok	lhadd.c
ARCHIVERS	lhasrc.lzh	64217	ok	lharc.c
ARCHIVERS	lhasrc.lzh	64217	ok	lharc.h
ARCHIVERS	lhasrc.lzh	64217	ok	lhdir.c
ARCHIVERS	lhasrc.lzh	64217	ok	lhdir.h
ARCHIVERS	lhasrc.lzh	64217	ok	lhext.c
ARCHIVERS	lhasrc.lzh	64217	ok	lhlist.c
ARCHIVERS	lhasrc.lzh	64217	ok	ln.c
ARCHIVERS	lhasrc.lzh	64217	ok	makefile
ARCHIVERS	lhasrc.lzh	64217	ok	makefile.lin
ARCHIVERS	lhasrc.lzh	64217	ok	makefile.osk
ARCHIVERS	lhasrc.lzh	64217	ok	makefile.unx
ARCHIVERS	lhasrc.lzh	64217	ok	maketbl.c
ARCHIVERS	lhasrc.lzh	64217	ok	maketree.c
ARCHIVERS	lhasrc.lzh	64217	ok	memmove.c
ARCHIVERS	lhasrc.lzh	64217	ok	memset.c
ARCHIVERS	lhasrc.lzh	64217	ok	osk.c
ARCHIVERS	lhasrc.lzh	64217	ok	patmatch.c
ARCHIVERS	lhasrc.lzh	64217	ok	rename.c
ARCHIVERS	lhasrc.lzh	64217	ok	shuf.c
ARCHIVERS	lhasrc.lzh	64217	ok	slide.c
ARCHIVERS	lhasrc.lzh	64217	ok	slidehuf.h
ARCHIVERS	lhasrc.lzh	64217	ok	strdup.c
ARCHIVERS	lhasrc.lzh	64217	ok	strucmp.c
ARCHIVERS	lhasrc.lzh	64217	ok	util.c
ARCHIVERS	macunpack2_0b3.bin	53208	os9_module	macunpack2_0b3.bin
ARCHIVERS	unsit.bin	21978	os9_module	unsit.bin
ARCHIVERS	unzip50_bin.lzh	52998	ok	readme
ARCHIVERS	unzip50_bin.lzh	52998	ok	funzip
ARCHIVERS	unzip50_bin.lzh	52998	ok	funzip.1
ARCHIVERS	unzip50_bin.lzh	52998	ok	unzip
ARCHIVERS	unzip50_bin.lzh	52998	ok	unzip.1
ARCHIVERS	unzip50_bin.lzh	52998	ok	zipinfo
ARCHIVERS	unzip50_bin.lzh	52998	ok	zipinfo.1
ARCHIVERS	unzip50_doc.lzh	11304	ok	funzip.man
ARCHIVERS	unzip50_doc.lzh	11304	ok	unzip.man
ARCHIVERS	unzip50_doc.lzh	11304	ok	zipinfo.man
ARCHIVERS	unzip50_src.lzh	179378	ok	unzip50/bugs
ARCHIVERS	unzip50_src.lzh	179378	ok	unzip50/contents
ARCHIVERS	unzip50_src.lzh	179378	ok	unzip50/contribs
ARCHIVERS	unzip50_src.lzh	179378	ok	unzip50/copying
ARCHIVERS	unzip50_src.lzh	179378	ok	unzip50/envargs.c
ARCHIVERS	unzip50_src.lzh	179378	ok	unzip50/explode.c
ARCHIVERS	unzip50_src.lzh	179378	ok	unzip50/extract.c
ARCHIVERS	unzip50_src.lzh	179378	ok	unzip50/file_io.c
ARCHIVERS	unzip50_src.lzh	179378	ok	unzip50/funzip.1
ARCHIVERS	unzip50_src.lzh	179378	ok	unzip50/funzip.c
ARCHIVERS	unzip50_src.lzh	179378	ok	unzip50/funzip.doc
ARCHIVERS	unzip50_src.lzh	179378	ok	unzip50/history.500
ARCHIVERS	unzip50_src.lzh	179378	ok	unzip50/inflate.c
ARCHIVERS	unzip50_src.lzh	179378	ok	unzip50/makefile
ARCHIVERS	unzip50_src.lzh	179378	ok	unzip50/makefile.cc
ARCHIVERS	unzip50_src.lzh	179378	ok	unzip50/makefile.gcc
ARCHIVERS	unzip50_src.lzh	179378	ok	unzip50/makefile.orig
ARCHIVERS	unzip50_src.lzh	179378	ok	unzip50/mapname.c
ARCHIVERS	unzip50_src.lzh	179378	ok	unzip50/match.c
ARCHIVERS	unzip50_src.lzh	179378	ok	unzip50/match_.c
ARCHIVERS	unzip50_src.lzh	179378	ok	unzip50/misc.c
ARCHIVERS	unzip50_src.lzh	179378	ok	unzip50/misc_.c
ARCHIVERS	unzip50_src.lzh	179378	ok	unzip50/readme
ARCHIVERS	unzip50_src.lzh	179378	ok	unzip50/unreduce.c
ARCHIVERS	unzip50_src.lzh	179378	ok	unzip50/unshrink.c
ARCHIVERS	unzip50_src.lzh	179378	ok	unzip50/unzip.1
ARCHIVERS	unzip50_src.lzh	179378	ok	unzip50/unzip.c
ARCHIVERS	unzip50_src.lzh	179378	ok	unzip50/unzip.doc
ARCHIVERS	unzip50_src.lzh	179378	ok	unzip50/unzip.h
ARCHIVERS	unzip50_src.lzh	179378	ok	unzip50/where
ARCHIVERS	unzip50_src.lzh	179378	ok	unzip50/zip.h
ARCHIVERS	unzip50_src.lzh	179378	ok	unzip50/zipinfo.1
ARCHIVERS	unzip50_src.lzh	179378	ok	unzip50/zipinfo.c
ARCHIVERS	unzip50_src.lzh	179378	ok	unzip50/zipinfo.doc
ARCHIVERS	unzip50_src.lzh	179378	ok	unzip50/ziprules
ARCHIVERS	unzip_src.lzh	163265	ok	bugs
ARCHIVERS	unzip_src.lzh	163265	ok	contents
ARCHIVERS	unzip_src.lzh	163265	ok	contribs
ARCHIVERS	unzip_src.lzh	163265	ok	copying
ARCHIVERS	unzip_src.lzh	163265	ok	envargs.c
ARCHIVERS	unzip_src.lzh	163265	ok	explode.c
ARCHIVERS	unzip_src.lzh	163265	ok	extract.c
ARCHIVERS	unzip_src.lzh	163265	ok	file_io.c
ARCHIVERS	unzip_src.lzh	163265	ok	funzip.1
ARCHIVERS	unzip_src.lzh	163265	ok	funzip.c
ARCHIVERS	unzip_src.lzh	163265	ok	funzip.doc
ARCHIVERS	unzip_src.lzh	163265	ok	history.500
ARCHIVERS	unzip_src.lzh	163265	ok	inflate.c
ARCHIVERS	unzip_src.lzh	163265	ok	makefile
ARCHIVERS	unzip_src.lzh	163265	ok	makefile.orig
ARCHIVERS	unzip_src.lzh	163265	ok	mapname.c
ARCHIVERS	unzip_src.lzh	163265	ok	match.c
ARCHIVERS	unzip_src.lzh	163265	ok	misc.c
ARCHIVERS	unzip_src.lzh	163265	ok	readme
ARCHIVERS	unzip_src.lzh	163265	ok	unreduce.c
ARCHIVERS	unzip_src.lzh	163265	ok	unshrink.c
ARCHIVERS	unzip_src.lzh	163265	ok	unzip.1
ARCHIVERS	unzip_src.lzh	163265	ok	unzip.c
ARCHIVERS	unzip_src.lzh	163265	ok	unzip.doc
ARCHIVERS	unzip_src.lzh	163265	ok	unzip.h
ARCHIVERS	unzip_src.lzh	163265	ok	where
ARCHIVERS	unzip_src.lzh	163265	ok	zip.h
ARCHIVERS	unzip_src.lzh	163265	ok	zipinfo.1
ARCHIVERS	unzip_src.lzh	163265	ok	zipinfo.c
ARCHIVERS	unzip_src.lzh	163265	ok	zipinfo.doc
ARCHIVERS	unzip_src.lzh	163265	ok	ziprules
ARCHIVERS	zip_bin.lzh	93443	ok	zip
ARCHIVERS	zip_bin.lzh	93443	ok	zip.1
ARCHIVERS	zip_bin.lzh	93443	ok	zipnote
ARCHIVERS	zip_bin.lzh	93443	ok	zipsplit
ARCHIVERS	zoov2.1.lzh	295527	ok	ZOOV2.1/BOOZ/addbfcrc.c
ARCHIVERS	zoov2.1.lzh	295527	ok	ZOOV2.1/BOOZ/ar.h
ARCHIVERS	zoov2.1.lzh	295527	ok	ZOOV2.1/BOOZ/booz.c
ARCHIVERS	zoov2.1.lzh	295527	ok	ZOOV2.1/BOOZ/booz.h
ARCHIVERS	zoov2.1.lzh	295527	ok	ZOOV2.1/BOOZ/decode.c
ARCHIVERS	zoov2.1.lzh	295527	ok	ZOOV2.1/BOOZ/func.h
ARCHIVERS	zoov2.1.lzh	295527	ok	ZOOV2.1/BOOZ/huf.c
ARCHIVERS	zoov2.1.lzh	295527	ok	ZOOV2.1/BOOZ/io.c
ARCHIVERS	zoov2.1.lzh	295527	ok	ZOOV2.1/BOOZ/lzd.c
ARCHIVERS	zoov2.1.lzh	295527	ok	ZOOV2.1/BOOZ/lzh.h
ARCHIVERS	zoov2.1.lzh	295527	ok	ZOOV2.1/BOOZ/makefile
ARCHIVERS	zoov2.1.lzh	295527	ok	ZOOV2.1/BOOZ/makefile.original
ARCHIVERS	zoov2.1.lzh	295527	ok	ZOOV2.1/BOOZ/makefile.tcc
ARCHIVERS	zoov2.1.lzh	295527	ok	ZOOV2.1/BOOZ/maketbl.c
ARCHIVERS	zoov2.1.lzh	295527	ok	ZOOV2.1/BOOZ/oozext.c
ARCHIVERS	zoov2.1.lzh	295527	ok	ZOOV2.1/BOOZ/options.h
ARCHIVERS	zoov2.1.lzh	295527	ok	ZOOV2.1/BOOZ/portable.c
ARCHIVERS	zoov2.1.lzh	295527	ok	ZOOV2.1/BOOZ/sample.zoo
ARCHIVERS	zoov2.1.lzh	295527	ok	ZOOV2.1/BOOZ/zoo.h
ARCHIVERS	zoov2.1.lzh	295527	ok	ZOOV2.1/CMDS/booz
ARCHIVERS	zoov2.1.lzh	295527	ok	ZOOV2.1/CMDS/fiz
ARCHIVERS	zoov2.1.lzh	295527	ok	ZOOV2.1/CMDS/zoo
ARCHIVERS	zoov2.1.lzh	295527	ok	ZOOV2.1/Checksums
ARCHIVERS	zoov2.1.lzh	295527	ok	ZOOV2.1/Copyright
ARCHIVERS	zoov2.1.lzh	295527	ok	ZOOV2.1/Install
ARCHIVERS	zoov2.1.lzh	295527	ok	ZOOV2.1/List
ARCHIVERS	zoov2.1.lzh	295527	ok	ZOOV2.1/MAN/booz.doc
ARCHIVERS	zoov2.1.lzh	295527	ok	ZOOV2.1/MAN/fiz.1
ARCHIVERS	zoov2.1.lzh	295527	ok	ZOOV2.1/MAN/fiz.man
ARCHIVERS	zoov2.1.lzh	295527	ok	ZOOV2.1/MAN/options.doc
ARCHIVERS	zoov2.1.lzh	295527	ok	ZOOV2.1/MAN/vmsbugs.doc
ARCHIVERS	zoov2.1.lzh	295527	ok	ZOOV2.1/MAN/zoo.1
ARCHIVERS	zoov2.1.lzh	295527	ok	ZOOV2.1/MAN/zoo.man
ARCHIVERS	zoov2.1.lzh	295527	ok	ZOOV2.1/Readme.osk
ARCHIVERS	zoov2.1.lzh	295527	ok	ZOOV2.1/addbfcrc.c
ARCHIVERS	zoov2.1.lzh	295527	ok	ZOOV2.1/addbftcc.c
ARCHIVERS	zoov2.1.lzh	295527	ok	ZOOV2.1/addfname.c
ARCHIVERS	zoov2.1.lzh	295527	ok	ZOOV2.1/ar.h
ARCHIVERS	zoov2.1.lzh	295527	ok	ZOOV2.1/asmconst.ai
ARCHIVERS	zoov2.1.lzh	295527	ok	ZOOV2.1/assert.h
ARCHIVERS	zoov2.1.lzh	295527	ok	ZOOV2.1/basename.c
ARCHIVERS	zoov2.1.lzh	295527	ok	ZOOV2.1/bilf.c
ARCHIVERS	zoov2.1.lzh	295527	ok	ZOOV2.1/bsd.c
ARCHIVERS	zoov2.1.lzh	295527	ok	ZOOV2.1/comment.c
ARCHIVERS	zoov2.1.lzh	295527	ok	ZOOV2.1/crcdefs.c
ARCHIVERS	zoov2.1.lzh	295527	ok	ZOOV2.1/debug.h
ARCHIVERS	zoov2.1.lzh	295527	ok	ZOOV2.1/decode.c
ARCHIVERS	zoov2.1.lzh	295527	ok	ZOOV2.1/descrip.mms
ARCHIVERS	zoov2.1.lzh	295527	ok	ZOOV2.1/encode.c
ARCHIVERS	zoov2.1.lzh	295527	ok	ZOOV2.1/errors.i
ARCHIVERS	zoov2.1.lzh	295527	ok	ZOOV2.1/file.fix
ARCHIVERS	zoov2.1.lzh	295527	ok	ZOOV2.1/fiz.c
ARCHIVERS	zoov2.1.lzh	295527	ok	ZOOV2.1/generic.c
ARCHIVERS	zoov2.1.lzh	295527	ok	ZOOV2.1/getfile.c
ARCHIVERS	zoov2.1.lzh	295527	ok	ZOOV2.1/huf.c
ARCHIVERS	zoov2.1.lzh	295527	ok	ZOOV2.1/io.c
ARCHIVERS	zoov2.1.lzh	295527	ok	ZOOV2.1/lzc.asm
ARCHIVERS	zoov2.1.lzh	295527	ok	ZOOV2.1/lzc.c
ARCHIVERS	zoov2.1.lzh	295527	ok	ZOOV2.1/lzconst.h
ARCHIVERS	zoov2.1.lzh	295527	ok	ZOOV2.1/lzd.asm
ARCHIVERS	zoov2.1.lzh	295527	ok	ZOOV2.1/lzd.c
ARCHIVERS	zoov2.1.lzh	295527	ok	ZOOV2.1/lzh.c
ARCHIVERS	zoov2.1.lzh	295527	ok	ZOOV2.1/lzh.h
ARCHIVERS	zoov2.1.lzh	295527	ok	ZOOV2.1/machine.c
ARCHIVERS	zoov2.1.lzh	295527	ok	ZOOV2.1/machine.h
ARCHIVERS	zoov2.1.lzh	295527	ok	ZOOV2.1/macros.ai
ARCHIVERS	zoov2.1.lzh	295527	ok	ZOOV2.1/makefile
ARCHIVERS	zoov2.1.lzh	295527	ok	ZOOV2.1/makefile.original
ARCHIVERS	zoov2.1.lzh	295527	ok	ZOOV2.1/makefile.tcc
ARCHIVERS	zoov2.1.lzh	295527	ok	ZOOV2.1/makelist.c
ARCHIVERS	zoov2.1.lzh	295527	ok	ZOOV2.1/maketbl.c
ARCHIVERS	zoov2.1.lzh	295527	ok	ZOOV2.1/maketree.c
ARCHIVERS	zoov2.1.lzh	295527	ok	ZOOV2.1/misc.c
ARCHIVERS	zoov2.1.lzh	295527	ok	ZOOV2.1/misc2.c
ARCHIVERS	zoov2.1.lzh	295527	ok	ZOOV2.1/msdos.c
ARCHIVERS	zoov2.1.lzh	295527	ok	ZOOV2.1/mstime.i
ARCHIVERS	zoov2.1.lzh	295527	ok	ZOOV2.1/needed.c
ARCHIVERS	zoov2.1.lzh	295527	ok	ZOOV2.1/nextfile.c
ARCHIVERS	zoov2.1.lzh	295527	ok	ZOOV2.1/nixmode.i
ARCHIVERS	zoov2.1.lzh	295527	ok	ZOOV2.1/nixtime.i
ARCHIVERS	zoov2.1.lzh	295527	ok	ZOOV2.1/options.c
ARCHIVERS	zoov2.1.lzh	295527	ok	ZOOV2.1/options.h
ARCHIVERS	zoov2.1.lzh	295527	ok	ZOOV2.1/options.opt
ARCHIVERS	zoov2.1.lzh	295527	ok	ZOOV2.1/osk.c
ARCHIVERS	zoov2.1.lzh	295527	ok	ZOOV2.1/oskfiz.i
ARCHIVERS	zoov2.1.lzh	295527	ok	ZOOV2.1/parse.c
ARCHIVERS	zoov2.1.lzh	295527	ok	ZOOV2.1/parse.h
ARCHIVERS	zoov2.1.lzh	295527	ok	ZOOV2.1/portable.c
ARCHIVERS	zoov2.1.lzh	295527	ok	ZOOV2.1/portable.h
ARCHIVERS	zoov2.1.lzh	295527	ok	ZOOV2.1/prterror.c
ARCHIVERS	zoov2.1.lzh	295527	ok	ZOOV2.1/sysv.c
ARCHIVERS	zoov2.1.lzh	295527	ok	ZOOV2.1/turboc.c
ARCHIVERS	zoov2.1.lzh	295527	ok	ZOOV2.1/turboc.cfg
ARCHIVERS	zoov2.1.lzh	295527	ok	ZOOV2.1/varargs.h
ARCHIVERS	zoov2.1.lzh	295527	ok	ZOOV2.1/various.h
ARCHIVERS	zoov2.1.lzh	295527	ok	ZOOV2.1/version.c
ARCHIVERS	zoov2.1.lzh	295527	ok	ZOOV2.1/vms.c
ARCHIVERS	zoov2.1.lzh	295527	ok	ZOOV2.1/vmsbuild.com
ARCHIVERS	zoov2.1.lzh	295527	ok	ZOOV2.1/vmstime.c
ARCHIVERS	zoov2.1.lzh	295527	ok	ZOOV2.1/zoo.c
ARCHIVERS	zoov2.1.lzh	295527	ok	ZOOV2.1/zoo.h
ARCHIVERS	zoov2.1.lzh	295527	ok	ZOOV2.1/zooadd.c
ARCHIVERS	zoov2.1.lzh	295527	ok	ZOOV2.1/zooadd2.c
ARCHIVERS	zoov2.1.lzh	295527	ok	ZOOV2.1/zoodel.c
ARCHIVERS	zoov2.1.lzh	295527	ok	ZOOV2.1/zooext.c
ARCHIVERS	zoov2.1.lzh	295527	ok	ZOOV2.1/zoofilt.c
ARCHIVERS	zoov2.1.lzh	295527	ok	ZOOV2.1/zoofns.h
ARCHIVERS	zoov2.1.lzh	295527	ok	ZOOV2.1/zooio.h
ARCHIVERS	zoov2.1.lzh	295527	ok	ZOOV2.1/zoolist.c
ARCHIVERS	zoov2.1.lzh	295527	ok	ZOOV2.1/zoomem.h
ARCHIVERS	zoov2.1.lzh	295527	ok	ZOOV2.1/zoopack.c
CMDS	SYSMON.lzh	64985	ok	/dd/cmds/sysmon
CMDS	SYSMON.lzh	64985	ok	sysmon.c
CMDS	ancient.tar.Z	1802	ok	Makefile
CMDS	ancient.tar.Z	1802	ok	ancient.c
CMDS	aprocs.lzh	6433	ok	aprocs
CMDS	autolf24.lzh	30550	ok	autolf.sun
CMDS	autolf24.lzh	30550	ok	autolf.osk
CMDS	autolf24.lzh	30550	ok	autolf.exe
CMDS	autolf24.lzh	30550	ok	autolf.txt
CMDS	beav.1.40.lzh	216643	ok	BEAV140/
CMDS	beav.1.40.lzh	216643	ok	BEAV140/.beavrc.vt100
CMDS	beav.1.40.lzh	216643	ok	BEAV140/.beavrc.vt220
CMDS	beav.1.40.lzh	216643	ok	BEAV140/Makefile
CMDS	beav.1.40.lzh	216643	ok	BEAV140/Read.me
CMDS	beav.1.40.lzh	216643	ok	BEAV140/Readme.OSK
CMDS	beav.1.40.lzh	216643	ok	BEAV140/Readme.OSK.old
CMDS	beav.1.40.lzh	216643	ok	BEAV140/Readme.amg
CMDS	beav.1.40.lzh	216643	ok	BEAV140/amibeav.lnk
CMDS	beav.1.40.lzh	216643	ok	BEAV140/amiga.c
CMDS	beav.1.40.lzh	216643	ok	BEAV140/basic.c
CMDS	beav.1.40.lzh	216643	ok	BEAV140/beav
CMDS	beav.1.40.lzh	216643	ok	BEAV140/beav.def
CMDS	beav.1.40.lzh	216643	ok	BEAV140/beav.lnk
CMDS	beav.1.40.lzh	216643	ok	BEAV140/beav140.txt
CMDS	beav.1.40.lzh	216643	ok	BEAV140/beav32.def
CMDS	beav.1.40.lzh	216643	ok	BEAV140/beavdoc.tex
CMDS	beav.1.40.lzh	216643	ok	BEAV140/buffer.c
CMDS	beav.1.40.lzh	216643	ok	BEAV140/bug.letter
CMDS	beav.1.40.lzh	216643	ok	BEAV140/cinfo.c
CMDS	beav.1.40.lzh	216643	ok	BEAV140/def.h
CMDS	beav.1.40.lzh	216643	ok	BEAV140/display.c
CMDS	beav.1.40.lzh	216643	ok	BEAV140/ebcdic.c
CMDS	beav.1.40.lzh	216643	ok	BEAV140/echo.c
CMDS	beav.1.40.lzh	216643	ok	BEAV140/english.c
CMDS	beav.1.40.lzh	216643	ok	BEAV140/extend.c
CMDS	beav.1.40.lzh	216643	ok	BEAV140/file.c
CMDS	beav.1.40.lzh	216643	ok	BEAV140/fileio.c
CMDS	beav.1.40.lzh	216643	ok	BEAV140/format.c
CMDS	beav.1.40.lzh	216643	ok	BEAV140/kbd.c
CMDS	beav.1.40.lzh	216643	ok	BEAV140/language.c
CMDS	beav.1.40.lzh	216643	ok	BEAV140/line.c
CMDS	beav.1.40.lzh	216643	ok	BEAV140/main.c
CMDS	beav.1.40.lzh	216643	ok	BEAV140/makefile.286
CMDS	beav.1.40.lzh	216643	ok	BEAV140/makefile.amg
CMDS	beav.1.40.lzh	216643	ok	BEAV140/makefile.bsd
CMDS	beav.1.40.lzh	216643	ok	BEAV140/makefile.mc5
CMDS	beav.1.40.lzh	216643	ok	BEAV140/makefile.mc7
CMDS	beav.1.40.lzh	216643	ok	BEAV140/makefile.os2
CMDS	beav.1.40.lzh	216643	ok	BEAV140/makefile.rs6
CMDS	beav.1.40.lzh	216643	ok	BEAV140/makefile.utx
CMDS	beav.1.40.lzh	216643	ok	BEAV140/makefile.uxv
CMDS	beav.1.40.lzh	216643	ok	BEAV140/osk.c
CMDS	beav.1.40.lzh	216643	ok	BEAV140/prototyp.h
CMDS	beav.1.40.lzh	216643	ok	BEAV140/random.c
CMDS	beav.1.40.lzh	216643	ok	BEAV140/region.c
CMDS	beav.1.40.lzh	216643	ok	BEAV140/search.c
CMDS	beav.1.40.lzh	216643	ok	BEAV140/spawn.c
CMDS	beav.1.40.lzh	216643	ok	BEAV140/symbol.c
CMDS	beav.1.40.lzh	216643	ok	BEAV140/tcap.c
CMDS	beav.1.40.lzh	216643	ok	BEAV140/termcap.c
CMDS	beav.1.40.lzh	216643	ok	BEAV140/termcap.dat
CMDS	beav.1.40.lzh	216643	ok	BEAV140/termcap.h
CMDS	beav.1.40.lzh	216643	ok	BEAV140/termio.c
CMDS	beav.1.40.lzh	216643	ok	BEAV140/termio_osk.c
CMDS	beav.1.40.lzh	216643	ok	BEAV140/text.c
CMDS	beav.1.40.lzh	216643	ok	BEAV140/tty.c
CMDS	beav.1.40.lzh	216643	ok	BEAV140/ttyio.c
CMDS	beav.1.40.lzh	216643	ok	BEAV140/ttykbd.c
CMDS	beav.1.40.lzh	216643	ok	BEAV140/wangpc.c
CMDS	beav.1.40.lzh	216643	ok	BEAV140/window.c
CMDS	beav.1.40.lzh	216643	ok	BEAV140/word.c
CMDS	cal.lzh	18207	ok	/dd/cmds/cal
CMDS	cal.lzh	18207	ok	/dd/sys/cal.holidays
CMDS	cal.lzh	18207	ok	/dd/sys/cal.init
CMDS	cal.lzh	18207	ok	Readme
CMDS	cal.lzh	18207	ok	docs.txt
CMDS	cal.lzh	18207	ok	docs.vpt
CMDS	cal.lzh	18207	ok	registration.txt
CMDS	carlutil.lzh	85694	ok	ReadMe
CMDS	carlutil.lzh	85694	ok	arc
CMDS	carlutil.lzh	85694	ok	bsplt68
CMDS	carlutil.lzh	85694	ok	cat
CMDS	carlutil.lzh	85694	ok	cb
CMDS	carlutil.lzh	85694	ok	charcnt
CMDS	carlutil.lzh	85694	ok	chgrp
CMDS	carlutil.lzh	85694	ok	chown
CMDS	carlutil.lzh	85694	ok	cmake
CMDS	carlutil.lzh	85694	ok	cp
CMDS	carlutil.lzh	85694	ok	cxref
CMDS	carlutil.lzh	85694	ok	dearc
CMDS	carlutil.lzh	85694	ok	dedit
CMDS	carlutil.lzh	85694	ok	detab
CMDS	carlutil.lzh	85694	ok	splman
CMDS	carlutil.lzh	85694	ok	splprt
CMDS	carlutil.lzh	85694	ok	splstat
CMDS	carlutil.lzh	85694	ok	strings
CMDS	carlutil.lzh	85694	ok	subber
CMDS	carlutil.lzh	85694	ok	tail
CMDS	carlutil.lzh	85694	ok	tcmp
CMDS	carlutil.lzh	85694	ok	tplot
CMDS	carlutil.lzh	85694	ok	tree
CMDS	carlutil.lzh	85694	ok	uniq
CMDS	carlutil.lzh	85694	ok	unp
CMDS	carlutil.lzh	85694	ok	wc
CMDS	checkenv.lzh	2749	ok	checkenv
CMDS	checkenv.lzh	2749	ok	checkenv.c
CMDS	checkenv.lzh	2749	ok	checkenv.doc
CMDS	checkenv.lzh	2749	ok	checkenv.x
CMDS	chown.tar.Z	2081	ok	Makefile
CMDS	chown.tar.Z	2081	ok	chown.c
CMDS	compress.tar.Z	41880	ok	INTRO
CMDS	compress.tar.Z	41880	ok	Makefile
CMDS	compress.tar.Z	41880	ok	Makefile.unix
CMDS	compress.tar.Z	41880	ok	README
CMDS	compress.tar.Z	41880	ok	README3.0
CMDS	compress.tar.Z	41880	ok	atob.c
CMDS	compress.tar.Z	41880	ok	btoa.1
CMDS	compress.tar.Z	41880	ok	btoa.c
CMDS	compress.tar.Z	41880	ok	compress.1
CMDS	compress.tar.Z	41880	ok	compress.c
CMDS	compress.tar.Z	41880	ok	compressdir
CMDS	compress.tar.Z	41880	ok	compressdir.1
CMDS	compress.tar.Z	41880	ok	maker
CMDS	compress.tar.Z	41880	ok	tarmail
CMDS	compress.tar.Z	41880	ok	uncompressdir
CMDS	compress.tar.Z	41880	ok	untarmail
CMDS	compress.tar.Z	41880	ok	usermem
CMDS	compress.tar.Z	41880	ok	zcmp
CMDS	compress.tar.Z	41880	ok	zcmp.1
CMDS	compress.tar.Z	41880	ok	zdiff
CMDS	compress.tar.Z	41880	ok	zmore
CMDS	compress.tar.Z	41880	ok	zmore.1
CMDS	cowen_tools.lzh	20054	ok	delbak
CMDS	cowen_tools.lzh	20054	ok	delbak.c
CMDS	cowen_tools.lzh	20054	ok	delbak.x
CMDS	cowen_tools.lzh	20054	ok	eps.b
CMDS	cowen_tools.lzh	20054	ok	hex
CMDS	cowen_tools.lzh	20054	ok	hex.c
CMDS	cowen_tools.lzh	20054	ok	hex.x
CMDS	cowen_tools.lzh	20054	ok	l
CMDS	cowen_tools.lzh	20054	ok	l.c
CMDS	cowen_tools.lzh	20054	ok	l.doc
CMDS	cowen_tools.lzh	20054	ok	l.x
CMDS	cowen_tools.lzh	20054	ok	owner
CMDS	cowen_tools.lzh	20054	ok	owner.c
CMDS	cowen_tools.lzh	20054	ok	owner.doc
CMDS	cowen_tools.lzh	20054	ok	owner.x
CMDS	cowen_tools.lzh	20054	ok	owner1.c
CMDS	cron.tar.Z	4286	ok	cron.doc
CMDS	cron.tar.Z	4286	ok	Makefile
CMDS	cron.tar.Z	4286	ok	cron.c
CMDS	cron.tar.Z	4286	ok	crontab.eg
CMDS	date	442	os9_module	date
CMDS	dback.lzh	15061	ok	dback
CMDS	dback.lzh	15061	ok	dback.c
CMDS	dback.lzh	15061	ok	dback.doc
CMDS	dback.lzh	15061	ok	dback.x
CMDS	des.t.Z	12153	ok	README
CMDS	des.t.Z	12153	ok	des.c
CMDS	des.t.Z	12153	ok	makefile
CMDS	diff.tar	53760	ok	README
CMDS	diff.tar	53760	ok	Makefile
CMDS	diff.tar	53760	ok	Makefile.unix
CMDS	diff.tar	53760	ok	diff.1
CMDS	diff.tar	53760	ok	diff.c
CMDS	diff.tar	53760	ok	diff.doc
CMDS	divide.lzh	3873	ok	/h0/cmds/divide
CMDS	divide.lzh	3873	ok	divide.doc_1.1
CMDS	dmake.lzh	10752	ok	dmake
CMDS	dmode.lzh	6778	ok	Dmode.doc
CMDS	dmode.lzh	6778	ok	dmode.c
CMDS	dmode.lzh	6778	ok	dmode.txt
CMDS	dmode.lzh	6778	ok	rbfparams.h
CMDS	dmode_25.lhz	5450	ok	Dmode.doc
CMDS	dmode_25.lhz	5450	ok	README.txt
CMDS	dmode_25.lhz	5450	ok	dmode.c
CMDS	ed_0.2.lzh	262962	ok	COPYING
CMDS	ed_0.2.lzh	262962	ok	ChangeLog
CMDS	ed_0.2.lzh	262962	ok	INSTALL
CMDS	ed_0.2.lzh	262962	ok	Makefile
CMDS	ed_0.2.lzh	262962	ok	Makefile.in
CMDS	ed_0.2.lzh	262962	ok	NEWS
CMDS	ed_0.2.lzh	262962	ok	POSIX
CMDS	ed_0.2.lzh	262962	ok	README
CMDS	ed_0.2.lzh	262962	ok	ReadMe.OSK
CMDS	ed_0.2.lzh	262962	ok	THANKS
CMDS	ed_0.2.lzh	262962	ok	TODO
CMDS	ed_0.2.lzh	262962	ok	alloca.c
CMDS	ed_0.2.lzh	262962	ok	buf.c
CMDS	ed_0.2.lzh	262962	ok	config.h
CMDS	ed_0.2.lzh	262962	ok	config.h.in
CMDS	ed_0.2.lzh	262962	ok	configure
CMDS	ed_0.2.lzh	262962	ok	configure.in
CMDS	ed_0.2.lzh	262962	ok	ed
CMDS	ed_0.2.lzh	262962	ok	ed.1
CMDS	ed_0.2.lzh	262962	ok	ed.h
CMDS	ed_0.2.lzh	262962	ok	ed.info
CMDS	ed_0.2.lzh	262962	ok	ed.ps
CMDS	ed_0.2.lzh	262962	ok	ed.quiz
CMDS	ed_0.2.lzh	262962	ok	ed.texinfo
CMDS	ed_0.2.lzh	262962	ok	error.c
CMDS	ed_0.2.lzh	262962	ok	getopt.c
CMDS	ed_0.2.lzh	262962	ok	getopt.h
CMDS	ed_0.2.lzh	262962	ok	getopt1.c
CMDS	ed_0.2.lzh	262962	ok	glbl.c
CMDS	ed_0.2.lzh	262962	ok	install.sh
CMDS	ed_0.2.lzh	262962	ok	io.c
CMDS	ed_0.2.lzh	262962	ok	main.c
CMDS	ed_0.2.lzh	262962	ok	mkinstalldirs
CMDS	ed_0.2.lzh	262962	ok	pathmax.h
CMDS	ed_0.2.lzh	262962	ok	re.c
CMDS	ed_0.2.lzh	262962	ok	regex.c
CMDS	ed_0.2.lzh	262962	ok	regex.h
CMDS	ed_0.2.lzh	262962	ok	signal.c
CMDS	ed_0.2.lzh	262962	ok	stamp_h.in
CMDS	ed_0.2.lzh	262962	ok	sub.c
CMDS	ed_0.2.lzh	262962	ok	texinfo.tex
CMDS	ed_0.2.lzh	262962	ok	undo.c
CMDS	ed_0.2.lzh	262962	ok	version.c
CMDS	ed_0.2.lzh	262962	ok	xmalloc.c
CMDS	elvis1.7.lzh	242113	ok	elvis1.7/
CMDS	elvis1.7.lzh	242113	ok	elvis1.7/README.OSK
CMDS	elvis1.7.lzh	242113	ok	elvis1.7/alias.c
CMDS	elvis1.7.lzh	242113	ok	elvis1.7/alias.c.orig
CMDS	elvis1.7.lzh	242113	ok	elvis1.7/amiga.c
CMDS	elvis1.7.lzh	242113	ok	elvis1.7/amiprsv.c
CMDS	elvis1.7.lzh	242113	ok	elvis1.7/amistat.h
CMDS	elvis1.7.lzh	242113	ok	elvis1.7/amisysio.c
CMDS	elvis1.7.lzh	242113	ok	elvis1.7/amitty.c
CMDS	elvis1.7.lzh	242113	ok	elvis1.7/amiwild.c
CMDS	elvis1.7.lzh	242113	ok	elvis1.7/atari.c
CMDS	elvis1.7.lzh	242113	ok	elvis1.7/blk.c
CMDS	elvis1.7.lzh	242113	ok	elvis1.7/borland.h
CMDS	elvis1.7.lzh	242113	ok	elvis1.7/clean.os9
CMDS	elvis1.7.lzh	242113	ok	elvis1.7/clob.os9
CMDS	elvis1.7.lzh	242113	ok	elvis1.7/cmd1.c
CMDS	elvis1.7.lzh	242113	ok	elvis1.7/cmd2.c
CMDS	elvis1.7.lzh	242113	ok	elvis1.7/config.h
CMDS	elvis1.7.lzh	242113	ok	elvis1.7/ctags.c
CMDS	elvis1.7.lzh	242113	ok	elvis1.7/ctype.c
CMDS	elvis1.7.lzh	242113	ok	elvis1.7/ctype.h
CMDS	elvis1.7.lzh	242113	ok	elvis1.7/curses.c
CMDS	elvis1.7.lzh	242113	ok	elvis1.7/curses.h
CMDS	elvis1.7.lzh	242113	ok	elvis1.7/cut.c
CMDS	elvis1.7.lzh	242113	ok	elvis1.7/doc/
CMDS	elvis1.7.lzh	242113	ok	elvis1.7/doc/ctags.doc
CMDS	elvis1.7.lzh	242113	ok	elvis1.7/doc/ctags.man
CMDS	elvis1.7.lzh	242113	ok	elvis1.7/doc/elvis.doc
CMDS	elvis1.7.lzh	242113	ok	elvis1.7/doc/elvis.man
CMDS	elvis1.7.lzh	242113	ok	elvis1.7/doc/elvprsv.doc
CMDS	elvis1.7.lzh	242113	ok	elvis1.7/doc/elvprsv.man
CMDS	elvis1.7.lzh	242113	ok	elvis1.7/doc/elvrec.doc
CMDS	elvis1.7.lzh	242113	ok	elvis1.7/doc/elvrec.man
CMDS	elvis1.7.lzh	242113	ok	elvis1.7/doc/fmt.doc
CMDS	elvis1.7.lzh	242113	ok	elvis1.7/doc/fmt.man
CMDS	elvis1.7.lzh	242113	ok	elvis1.7/doc/ref.doc
CMDS	elvis1.7.lzh	242113	ok	elvis1.7/doc/ref.man
CMDS	elvis1.7.lzh	242113	ok	elvis1.7/dummy
CMDS	elvis1.7.lzh	242113	ok	elvis1.7/dummy.c
CMDS	elvis1.7.lzh	242113	ok	elvis1.7/elvis.lnk
CMDS	elvis1.7.lzh	242113	ok	elvis1.7/elvis.mak
CMDS	elvis1.7.lzh	242113	ok	elvis1.7/elvis.prj
CMDS	elvis1.7.lzh	242113	ok	elvis1.7/elvprsv.c
CMDS	elvis1.7.lzh	242113	ok	elvis1.7/elvrec.c
CMDS	elvis1.7.lzh	242113	ok	elvis1.7/ex.c
CMDS	elvis1.7.lzh	242113	ok	elvis1.7/fmt.c
CMDS	elvis1.7.lzh	242113	ok	elvis1.7/input.c
CMDS	elvis1.7.lzh	242113	ok	elvis1.7/install
CMDS	elvis1.7.lzh	242113	ok	elvis1.7/install.c
CMDS	elvis1.7.lzh	242113	ok	elvis1.7/instman.sh
CMDS	elvis1.7.lzh	242113	ok	elvis1.7/linkelv.os9
CMDS	elvis1.7.lzh	242113	ok	elvis1.7/linkinput.os9
CMDS	elvis1.7.lzh	242113	ok	elvis1.7/linkvi.os9
CMDS	elvis1.7.lzh	242113	ok	elvis1.7/linkview.os9
CMDS	elvis1.7.lzh	242113	ok	elvis1.7/main.c
CMDS	elvis1.7.lzh	242113	ok	elvis1.7/makefile
CMDS	elvis1.7.lzh	242113	ok	elvis1.7/makefile.mix
CMDS	elvis1.7.lzh	242113	ok	elvis1.7/makefile.old
CMDS	elvis1.7.lzh	242113	ok	elvis1.7/misc.c
CMDS	elvis1.7.lzh	242113	ok	elvis1.7/modify.c
CMDS	elvis1.7.lzh	242113	ok	elvis1.7/move1.c
CMDS	elvis1.7.lzh	242113	ok	elvis1.7/move2.c
CMDS	elvis1.7.lzh	242113	ok	elvis1.7/move3.c
CMDS	elvis1.7.lzh	242113	ok	elvis1.7/move4.c
CMDS	elvis1.7.lzh	242113	ok	elvis1.7/move5.c
CMDS	elvis1.7.lzh	242113	ok	elvis1.7/novice.rc
CMDS	elvis1.7.lzh	242113	ok	elvis1.7/opts.c
CMDS	elvis1.7.lzh	242113	ok	elvis1.7/osk.c
CMDS	elvis1.7.lzh	242113	ok	elvis1.7/osk.h
CMDS	elvis1.7.lzh	242113	ok	elvis1.7/pc.c
CMDS	elvis1.7.lzh	242113	ok	elvis1.7/pkgfile
CMDS	elvis1.7.lzh	242113	ok	elvis1.7/profile.sh
CMDS	elvis1.7.lzh	242113	ok	elvis1.7/prsvdos.c
CMDS	elvis1.7.lzh	242113	ok	elvis1.7/prsvunix.c
CMDS	elvis1.7.lzh	242113	ok	elvis1.7/readme
CMDS	elvis1.7.lzh	242113	ok	elvis1.7/recycle.c
CMDS	elvis1.7.lzh	242113	ok	elvis1.7/redraw.c
CMDS	elvis1.7.lzh	242113	ok	elvis1.7/ref.c
CMDS	elvis1.7.lzh	242113	ok	elvis1.7/regexp.c
CMDS	elvis1.7.lzh	242113	ok	elvis1.7/regexp.h
CMDS	elvis1.7.lzh	242113	ok	elvis1.7/regsub.c
CMDS	elvis1.7.lzh	242113	ok	elvis1.7/shell.c
CMDS	elvis1.7.lzh	242113	ok	elvis1.7/sysdos.c
CMDS	elvis1.7.lzh	242113	ok	elvis1.7/system.c
CMDS	elvis1.7.lzh	242113	ok	elvis1.7/tinyprnt.c
CMDS	elvis1.7.lzh	242113	ok	elvis1.7/tinytcap.c
CMDS	elvis1.7.lzh	242113	ok	elvis1.7/tio.c
CMDS	elvis1.7.lzh	242113	ok	elvis1.7/tmp.c
CMDS	elvis1.7.lzh	242113	ok	elvis1.7/unix.c
CMDS	elvis1.7.lzh	242113	ok	elvis1.7/vars.c
CMDS	elvis1.7.lzh	242113	ok	elvis1.7/vcmd.c
CMDS	elvis1.7.lzh	242113	ok	elvis1.7/vi.c
CMDS	elvis1.7.lzh	242113	ok	elvis1.7/vi.h
CMDS	elvis1.7.lzh	242113	ok	elvis1.7/vmsbuild.com
CMDS	elvis1.7.lzh	242113	ok	elvis1.7/vmsio.c
CMDS	elvis1.7.lzh	242113	ok	elvis1.7/vmslink.opt
CMDS	elvis1.7.lzh	242113	ok	elvis1.7/vmssetup.com
CMDS	elvis1.7.lzh	242113	ok	elvis1.7/vmswild.c
CMDS	elvis1.7.lzh	242113	ok	elvis1.7/wildcard.c
CMDS	exist	2702	os9_module	exist
CMDS	file.lzh	44787	ok	IDIR/
CMDS	file.lzh	44787	ok	IDIR/OS9/
CMDS	file.lzh	44787	ok	IDIR/OS9K/
CMDS	file.lzh	44787	ok	RELS/
CMDS	file.lzh	44787	ok	RELS/hp97k/
CMDS	file.lzh	44787	ok	RELS/sun4/
CMDS	file.lzh	44787	ok	file
CMDS	file.lzh	44787	ok	file.c
CMDS	file.lzh	44787	ok	file.h
CMDS	file.lzh	44787	ok	help.c
CMDS	file.lzh	44787	ok	istar.c
CMDS	file.lzh	44787	ok	magic
CMDS	file.lzh	44787	ok	makefile
CMDS	file.lzh	44787	ok	makefile.cc
CMDS	file.lzh	44787	ok	makefile.ucc
CMDS	file.lzh	44787	ok	makefile.unix
CMDS	file.lzh	44787	ok	readmagic.c
CMDS	file.lzh	44787	ok	readme
CMDS	file.lzh	44787	ok	strextra.c
CMDS	file.lzh	44787	ok	strtoul.c
CMDS	find_1_1_5.lzh	17386	ok	CMDS/
CMDS	find_1_1_5.lzh	17386	ok	CMDS/find
CMDS	find_1_1_5.lzh	17386	ok	find.doc
CMDS	find_1_1_5.lzh	17386	ok	find.man
CMDS	find_1_1_5.lzh	17386	ok	find.rnote
CMDS	freeb.tar.Z	2822	ok	Makefile
CMDS	freeb.tar.Z	2822	ok	freeb.c
CMDS	freeb.tar.Z	2822	ok	freeb.doc
CMDS	getenv	3784	os9_module	getenv
CMDS	gs_3_33_osk_tar.gz	1200140	ok	commprod.doc
CMDS	gs_3_33_osk_tar.gz	1200140	ok	current.doc
CMDS	gs_3_33_osk_tar.gz	1200140	ok	fontmap
CMDS	gs_3_33_osk_tar.gz	1200140	ok	fonts.doc
CMDS	gs_3_33_osk_tar.gz	1200140	ok	gs33
CMDS	gs_3_33_osk_tar.gz	1200140	ok	gs_btokn.ps
CMDS	gs_3_33_osk_tar.gz	1200140	ok	gs_ccfnt.ps
CMDS	gs_3_33_osk_tar.gz	1200140	ok	gs_cidfn.ps
CMDS	gs_3_33_osk_tar.gz	1200140	ok	gs_cmdl.ps
CMDS	gs_3_33_osk_tar.gz	1200140	ok	gs_dbt_e.ps
CMDS	gs_3_33_osk_tar.gz	1200140	ok	gs_dps1.ps
CMDS	gs_3_33_osk_tar.gz	1200140	ok	gs_fonts.ps
CMDS	gs_3_33_osk_tar.gz	1200140	ok	gs_init.ps
CMDS	gs_3_33_osk_tar.gz	1200140	ok	gs_iso_e.ps
CMDS	gs_3_33_osk_tar.gz	1200140	ok	gs_kanji.ps
CMDS	gs_3_33_osk_tar.gz	1200140	ok	gs_ksb_e.ps
CMDS	gs_3_33_osk_tar.gz	1200140	ok	gs_lev2.ps
CMDS	gs_3_33_osk_tar.gz	1200140	ok	gs_mex_e.ps
CMDS	gs_3_33_osk_tar.gz	1200140	ok	gs_mro_e.ps
CMDS	gs_3_33_osk_tar.gz	1200140	ok	gs_pdf.ps
CMDS	gs_3_33_osk_tar.gz	1200140	ok	gs_pdf_e.ps
CMDS	gs_3_33_osk_tar.gz	1200140	ok	gs_pfile.ps
CMDS	gs_3_33_osk_tar.gz	1200140	ok	gs_res.ps
CMDS	gs_3_33_osk_tar.gz	1200140	ok	gs_setpd.ps
CMDS	gs_3_33_osk_tar.gz	1200140	ok	gs_statd.ps
CMDS	gs_3_33_osk_tar.gz	1200140	ok	gs_std_e.ps
CMDS	gs_3_33_osk_tar.gz	1200140	ok	gs_sym_e.ps
CMDS	gs_3_33_osk_tar.gz	1200140	ok	gs_type0.ps
CMDS	gs_3_33_osk_tar.gz	1200140	ok	gs_type1.ps
CMDS	gs_3_33_osk_tar.gz	1200140	ok	gs_wan_e.ps
CMDS	gs_3_33_osk_tar.gz	1200140	ok	history1.doc
CMDS	gs_3_33_osk_tar.gz	1200140	ok	history2.doc
CMDS	gs_3_33_osk_tar.gz	1200140	ok	language.doc
CMDS	gs_3_33_osk_tar.gz	1200140	ok	lib.doc
CMDS	gs_3_33_osk_tar.gz	1200140	ok	mm1_osk.doc
CMDS	gs_3_33_osk_tar.gz	1200140	ok	n019003l.afm
CMDS	gs_3_33_osk_tar.gz	1200140	ok	n019003l.gsf
CMDS	gs_3_33_osk_tar.gz	1200140	ok	n021003l.afm
CMDS	gs_3_33_osk_tar.gz	1200140	ok	n021003l.gsf
CMDS	gs_3_33_osk_tar.gz	1200140	ok	ncrb.gsf
CMDS	gs_3_33_osk_tar.gz	1200140	ok	ncrbi.gsf
CMDS	gs_3_33_osk_tar.gz	1200140	ok	ncrr.gsf
CMDS	gs_3_33_osk_tar.gz	1200140	ok	ncrri.gsf
CMDS	gs_3_33_osk_tar.gz	1200140	ok	pdf_2ps.ps
CMDS	gs_3_33_osk_tar.gz	1200140	ok	pdf_base.ps
CMDS	gs_3_33_osk_tar.gz	1200140	ok	pdf_draw.ps
CMDS	gs_3_33_osk_tar.gz	1200140	ok	pdf_font.ps
CMDS	gs_3_33_osk_tar.gz	1200140	ok	pdf_main.ps
CMDS	gs_3_33_osk_tar.gz	1200140	ok	phvb.gsf
CMDS	gs_3_33_osk_tar.gz	1200140	ok	phvbo.gsf
CMDS	gs_3_33_osk_tar.gz	1200140	ok	phvr.gsf
CMDS	gs_3_33_osk_tar.gz	1200140	ok	phvro.gsf
CMDS	gs_3_33_osk_tar.gz	1200140	ok	phvrrn.gsf
CMDS	gs_3_33_osk_tar.gz	1200140	ok	psfiles.doc
CMDS	gs_3_33_osk_tar.gz	1200140	ok	psyr.gsf
CMDS	gs_3_33_osk_tar.gz	1200140	ok	ptmb.gsf
CMDS	gs_3_33_osk_tar.gz	1200140	ok	ptmbi.gsf
CMDS	gs_3_33_osk_tar.gz	1200140	ok	ptmr.gsf
CMDS	gs_3_33_osk_tar.gz	1200140	ok	ptmri.gsf
CMDS	gs_3_33_osk_tar.gz	1200140	ok	public
CMDS	gs_3_33_osk_tar.gz	1200140	ok	use.doc
CMDS	gs_psdemos_osk.tar.gz	627824	ok	PDF
CMDS	gs_psdemos_osk.tar.gz	627824	ok	PDF/usconst.pdf
CMDS	gs_psdemos_osk.tar.gz	627824	ok	PDF/tourread.pdf
CMDS	gs_psdemos_osk.tar.gz	627824	ok	asstdemo.ps
CMDS	gs_psdemos_osk.tar.gz	627824	ok	blckbook.ps
CMDS	gs_psdemos_osk.tar.gz	627824	ok	bluebook.ps
CMDS	gs_psdemos_osk.tar.gz	627824	ok	cheq.ps
CMDS	gs_psdemos_osk.tar.gz	627824	ok	chess.ps
CMDS	gs_psdemos_osk.tar.gz	627824	ok	colorcir.ps
CMDS	gs_psdemos_osk.tar.gz	627824	ok	demo1.ps
CMDS	gs_psdemos_osk.tar.gz	627824	ok	demo2.ps
CMDS	gs_psdemos_osk.tar.gz	627824	ok	demo4.ps
CMDS	gs_psdemos_osk.tar.gz	627824	ok	escher.ps
CMDS	gs_psdemos_osk.tar.gz	627824	ok	golfer.ps
CMDS	gs_psdemos_osk.tar.gz	627824	ok	grenbook.ps
CMDS	gs_psdemos_osk.tar.gz	627824	ok	jstk.ps
CMDS	gs_psdemos_osk.tar.gz	627824	ok	kwc3.ps
CMDS	gs_psdemos_osk.tar.gz	627824	ok	snowflak.ps
CMDS	gs_psdemos_osk.tar.gz	627824	ok	tev.ps
CMDS	gs_psdemos_osk.tar.gz	627824	ok	tiger.ps
CMDS	gs_readme_osk.txt	2723	bare_file	gs_readme_osk.txt
CMDS	hdump_1.1.lsm	1669	bare_file	hdump_1.1.lsm
CMDS	hdump_1.1.tgz	4708	ok	hdump-1.1
CMDS	hdump_1.1.tgz	4708	ok	hdump-1.1/Makefile
CMDS	hdump_1.1.tgz	4708	ok	hdump-1.1/cnv.c
CMDS	hdump_1.1.tgz	4708	ok	hdump-1.1/cnv.h
CMDS	hdump_1.1.tgz	4708	ok	hdump-1.1/od.c
CMDS	hdump_1.1.tgz	4708	ok	hdump-1.1/README
CMDS	hdump_1.1.tgz	4708	ok	hdump-1.1/Description
CMDS	hdump_1.1.tgz	4708	ok	hdump-1.1/undump.c
CMDS	hexedit.tgz	43128	ok	hexedit
CMDS	hexedit.tgz	43128	ok	hexedit/Makefile
CMDS	hexedit.tgz	43128	ok	hexedit/hex.c
CMDS	hexedit.tgz	43128	ok	hexedit/proto.h
CMDS	hexedit.tgz	43128	ok	hexedit/hex
CMDS	hexedit.tgz	43128	ok	hexedit/readme.os9
CMDS	less.osk.tar.Z	75423	ok	README
CMDS	less.osk.tar.Z	75423	ok	less
CMDS	less.osk.tar.Z	75423	ok	less.nro
CMDS	less.osk.tar.Z	75423	ok	lesskey
CMDS	less.osk.tar.Z	75423	ok	lesskey.nro
CMDS	less.v177.lzh	262719	ok	less/CHANGES
CMDS	less290.tar.gz	80314	ok	BIN
CMDS	less290.tar.gz	80314	ok	BIN/less
CMDS	less290.tar.gz	80314	ok	BIN/lesskey
CMDS	less290.tar.gz	80314	ok	DOC
CMDS	less290.tar.gz	80314	ok	DOC/less.man
CMDS	less290.tar.gz	80314	ok	DOC/lesskey.man
CMDS	less290.tar.gz	80314	ok	DOC/README
CMDS	less290.tar.gz	80314	ok	DOC/NEWS
CMDS	less290.tar.gz	80314	ok	SYS
CMDS	less290.tar.gz	80314	ok	SYS/less.hlp
CMDS	less_330.lzh	94453	ok	CMDS/
CMDS	less_330.lzh	94453	ok	CMDS/less
CMDS	less_330.lzh	94453	ok	CMDS/lessecho
CMDS	less_330.lzh	94453	ok	CMDS/lesskey
CMDS	less_330.lzh	94453	ok	DOC/
CMDS	less_330.lzh	94453	ok	DOC/INSTALL
CMDS	less_330.lzh	94453	ok	DOC/NEWS
CMDS	less_330.lzh	94453	ok	DOC/README
CMDS	less_330.lzh	94453	ok	DOC/less.man
CMDS	less_330.lzh	94453	ok	DOC/less.nro
CMDS	less_330.lzh	94453	ok	DOC/lesskey.man
CMDS	less_330.lzh	94453	ok	DOC/lesskey.nro
CMDS	less_330.lzh	94453	ok	readme
CMDS	less_332.lzh	270298	ok	less_332/
CMDS	less_332.lzh	270298	ok	less_332/INSTALL
CMDS	less_332.lzh	270298	ok	less_332/Makefile.aut
CMDS	less_332.lzh	270298	ok	less_332/Makefile.dsb
CMDS	less_332.lzh	270298	ok	less_332/Makefile.dsg
CMDS	less_332.lzh	270298	ok	less_332/Makefile.dsm
CMDS	less_332.lzh	270298	ok	less_332/Makefile.in
CMDS	less_332.lzh	270298	ok	less_332/Makefile.o2e
CMDS	less_332.lzh	270298	ok	less_332/Makefile.o9c
CMDS	less_332.lzh	270298	ok	less_332/Makefile.o9u
CMDS	less_332.lzh	270298	ok	less_332/Makefile.wnb
CMDS	less_332.lzh	270298	ok	less_332/Makefile.wnm
CMDS	less_332.lzh	270298	ok	less_332/NEWS
CMDS	less_332.lzh	270298	ok	less_332/README
CMDS	less_332.lzh	270298	ok	less_332/acconfig.h
CMDS	less_332.lzh	270298	ok	less_332/brac.c
CMDS	less_332.lzh	270298	ok	less_332/ch.c
CMDS	less_332.lzh	270298	ok	less_332/charset.c
CMDS	less_332.lzh	270298	ok	less_332/cmd.h
CMDS	less_332.lzh	270298	ok	less_332/cmdbuf.c
CMDS	less_332.lzh	270298	ok	less_332/command.c
CMDS	less_332.lzh	270298	ok	less_332/configure
CMDS	less_332.lzh	270298	ok	less_332/configure.in
CMDS	less_332.lzh	270298	ok	less_332/decode.c
CMDS	less_332.lzh	270298	ok	less_332/defines.ds
CMDS	less_332.lzh	270298	ok	less_332/defines.h
CMDS	less_332.lzh	270298	ok	less_332/defines.h.in
CMDS	less_332.lzh	270298	ok	less_332/defines.h.top
CMDS	less_332.lzh	270298	ok	less_332/defines.o2
CMDS	less_332.lzh	270298	ok	less_332/defines.o9
CMDS	less_332.lzh	270298	ok	less_332/defines.wn
CMDS	less_332.lzh	270298	ok	less_332/edit.c
CMDS	less_332.lzh	270298	ok	less_332/error.txt
CMDS	less_332.lzh	270298	ok	less_332/filename.c
CMDS	less_332.lzh	270298	ok	less_332/forwback.c
CMDS	less_332.lzh	270298	ok	less_332/funcs.h
CMDS	less_332.lzh	270298	ok	less_332/help.c
CMDS	less_332.lzh	270298	ok	less_332/ifile.c
CMDS	less_332.lzh	270298	ok	less_332/input.c
CMDS	less_332.lzh	270298	ok	less_332/install.sh
CMDS	less_332.lzh	270298	ok	less_332/jump.c
CMDS	less_332.lzh	270298	ok	less_332/less.h
CMDS	less_332.lzh	270298	ok	less_332/less.hlp
CMDS	less_332.lzh	270298	ok	less_332/less.man
CMDS	less_332.lzh	270298	ok	less_332/less.nro
CMDS	less_332.lzh	270298	ok	less_332/lessecho.c
CMDS	less_332.lzh	270298	ok	less_332/lesskey.c
CMDS	less_332.lzh	270298	ok	less_332/lesskey.h
CMDS	less_332.lzh	270298	ok	less_332/lesskey.man
CMDS	less_332.lzh	270298	ok	less_332/lesskey.nro
CMDS	less_332.lzh	270298	ok	less_332/lglob.h
CMDS	less_332.lzh	270298	ok	less_332/line.c
CMDS	less_332.lzh	270298	ok	less_332/linenum.c
CMDS	less_332.lzh	270298	ok	less_332/lsystem.c
CMDS	less_332.lzh	270298	ok	less_332/main.c
CMDS	less_332.lzh	270298	ok	less_332/makefile
CMDS	less_332.lzh	270298	ok	less_332/mark.c
CMDS	less_332.lzh	270298	ok	less_332/mkfuncs.awk
CMDS	less_332.lzh	270298	ok	less_332/mkhelp.c
CMDS	less_332.lzh	270298	ok	less_332/mkinstalldirs
CMDS	less_332.lzh	270298	ok	less_332/optfunc.c
CMDS	less_332.lzh	270298	ok	less_332/option.c
CMDS	less_332.lzh	270298	ok	less_332/option.h
CMDS	less_332.lzh	270298	ok	less_332/opttbl.c
CMDS	less_332.lzh	270298	ok	less_332/os.c
CMDS	less_332.lzh	270298	ok	less_332/output.c
CMDS	less_332.lzh	270298	ok	less_332/pckeys.h
CMDS	less_332.lzh	270298	ok	less_332/position.c
CMDS	less_332.lzh	270298	ok	less_332/position.h
CMDS	less_332.lzh	270298	ok	less_332/prompt.c
CMDS	less_332.lzh	270298	ok	less_332/regexp.c
CMDS	less_332.lzh	270298	ok	less_332/regexp.h
CMDS	less_332.lzh	270298	ok	less_332/screen.c
CMDS	less_332.lzh	270298	ok	less_332/search.c
CMDS	less_332.lzh	270298	ok	less_332/signal.c
CMDS	less_332.lzh	270298	ok	less_332/tags.c
CMDS	less_332.lzh	270298	ok	less_332/ttyin.c
CMDS	less_332.lzh	270298	ok	less_332/version.c
CMDS	less_exec.lzh	42492	ok	/dd/cmds/less
CMDS	less_exec.lzh	42492	ok	/dd/cmds/lessecho
CMDS	less_exec.lzh	42492	ok	/dd/cmds/lesskey
CMDS	lwf.tar.gz	47867	ok	lwf
CMDS	lwf.tar.gz	47867	ok	lwf.c
CMDS	lwf.tar.gz	47867	ok	lwf.c.orig
CMDS	lwf.tar.gz	47867	ok	lwf.man
CMDS	lwf.tar.gz	47867	ok	lwf.r
CMDS	lwf.tar.gz	47867	ok	makefile
CMDS	lwf.tar.gz	47867	ok	makefile.orig
CMDS	lwf.tar.gz	47867	ok	prologue
CMDS	lwf.tar.gz	47867	ok	range.c
CMDS	lwf.tar.gz	47867	ok	range.r
CMDS	lwf.tar.gz	47867	ok	read_me
CMDS	lwf.tar.gz	47867	ok	read_me.osk
CMDS	lwf.tar.gz	47867	ok	readme
CMDS	lwf.tar.gz	47867	ok	readme.lwf
CMDS	memacs400_cmds.lzh	205674	ok	MEMACS400/
CMDS	memacs400_cmds.lzh	205674	ok	MEMACS400/CMD/
CMDS	memacs400_cmds.lzh	205674	ok	MEMACS400/CMD/bpage.cmd
CMDS	memacs400_cmds.lzh	205674	ok	MEMACS400/CMD/chklist.ms
CMDS	memacs400_cmds.lzh	205674	ok	MEMACS400/CMD/cpage.cmd
CMDS	memacs400_cmds.lzh	205674	ok	MEMACS400/CMD/cua.cmd
CMDS	memacs400_cmds.lzh	205674	ok	MEMACS400/CMD/dev.cmd
CMDS	memacs400_cmds.lzh	205674	ok	MEMACS400/CMD/ehelp.cmd
CMDS	memacs400_cmds.lzh	205674	ok	MEMACS400/CMD/ehelp1.txt
CMDS	memacs400_cmds.lzh	205674	ok	MEMACS400/CMD/ehelp2.txt
CMDS	memacs400_cmds.lzh	205674	ok	MEMACS400/CMD/emacs.rc
CMDS	memacs400_cmds.lzh	205674	ok	MEMACS400/CMD/epage.cmd
CMDS	memacs400_cmds.lzh	205674	ok	MEMACS400/CMD/error.cmd
CMDS	memacs400_cmds.lzh	205674	ok	MEMACS400/CMD/filter.cmd
CMDS	memacs400_cmds.lzh	205674	ok	MEMACS400/CMD/lpage.cmd
CMDS	memacs400_cmds.lzh	205674	ok	MEMACS400/CMD/mdi.cmd
CMDS	memacs400_cmds.lzh	205674	ok	MEMACS400/CMD/mewin.cmd
CMDS	memacs400_cmds.lzh	205674	ok	MEMACS400/CMD/newpage.cmd
CMDS	memacs400_cmds.lzh	205674	ok	MEMACS400/CMD/opage.cmd
CMDS	memacs400_cmds.lzh	205674	ok	MEMACS400/CMD/ppage.cmd
CMDS	memacs400_cmds.lzh	205674	ok	MEMACS400/CMD/shell.cmd
CMDS	memacs400_cmds.lzh	205674	ok	MEMACS400/CMD/wpage.cmd
CMDS	memacs400_cmds.lzh	205674	ok	MEMACS400/CMDS/
CMDS	memacs400_cmds.lzh	205674	ok	MEMACS400/CMDS/ctags
CMDS	memacs400_cmds.lzh	205674	ok	MEMACS400/CMDS/emacs
CMDS	memacs400_cmds.lzh	205674	ok	MEMACS400/CMDS/emacs.mm1
CMDS	memacs400_cmds.lzh	205674	ok	MEMACS400/CMDS/emacsrc.mm1
CMDS	memacs400_cmds.lzh	205674	ok	MEMACS400/CMDS/emacsrc.vt100
CMDS	memacs400_cmds.lzh	205674	ok	MEMACS400/MM1.termcap.entry
CMDS	memacs400_cmds.lzh	205674	ok	MEMACS400/Readme.OSK
CMDS	memacs400_doc.lzh	206659	ok	MEMACS400/
CMDS	memacs400_doc.lzh	206659	ok	MEMACS400/DOC/
CMDS	memacs400_doc.lzh	206659	ok	MEMACS400/DOC/avail
CMDS	memacs400_doc.lzh	206659	ok	MEMACS400/DOC/bavail
CMDS	memacs400_doc.lzh	206659	ok	MEMACS400/DOC/ctags.1
CMDS	memacs400_doc.lzh	206659	ok	MEMACS400/DOC/ctags.ps
CMDS	memacs400_doc.lzh	206659	ok	MEMACS400/DOC/emacs.mss
CMDS	memacs400_doc.lzh	206659	ok	MEMACS400/DOC/install.dat
CMDS	memacs400_doc.lzh	206659	ok	MEMACS400/DOC/memacs4.00.doc.ps
CMDS	memacs400_doc.lzh	206659	ok	MEMACS400/DOC/page.mss
CMDS	memacs400_doc.lzh	206659	ok	MEMACS400/DOC/readme
CMDS	memacs400_doc.lzh	206659	ok	MEMACS400/MM1.termcap.entry
CMDS	memacs400_doc.lzh	206659	ok	MEMACS400/Readme.OSK
CMDS	memacs400_src.lzh	575780	ok	MEMACS400/H/
CMDS	memacs400_src.lzh	575780	ok	MEMACS400/H/dutch.h
CMDS	memacs400_src.lzh	575780	ok	MEMACS400/H/ebind.h
CMDS	memacs400_src.lzh	575780	ok	MEMACS400/H/edef.h
CMDS	memacs400_src.lzh	575780	ok	MEMACS400/H/efunc.h
CMDS	memacs400_src.lzh	575780	ok	MEMACS400/H/elang.h
CMDS	memacs400_src.lzh	575780	ok	MEMACS400/H/english.h
CMDS	memacs400_src.lzh	575780	ok	MEMACS400/H/epath.h
CMDS	memacs400_src.lzh	575780	ok	MEMACS400/H/eproto.h
CMDS	memacs400_src.lzh	575780	ok	MEMACS400/H/estruct.h
CMDS	memacs400_src.lzh	575780	ok	MEMACS400/H/evar.h
CMDS	memacs400_src.lzh	575780	ok	MEMACS400/H/french.h
CMDS	memacs400_src.lzh	575780	ok	MEMACS400/H/frenchis.h
CMDS	memacs400_src.lzh	575780	ok	MEMACS400/H/german.h
CMDS	memacs400_src.lzh	575780	ok	MEMACS400/H/japan.h
CMDS	memacs400_src.lzh	575780	ok	MEMACS400/H/latin.h
CMDS	memacs400_src.lzh	575780	ok	MEMACS400/H/mswhelp.h
CMDS	memacs400_src.lzh	575780	ok	MEMACS400/H/mswin.h
CMDS	memacs400_src.lzh	575780	ok	MEMACS400/H/mswmenu.h
CMDS	memacs400_src.lzh	575780	ok	MEMACS400/H/mswrid.h
CMDS	memacs400_src.lzh	575780	ok	MEMACS400/H/platin.h
CMDS	memacs400_src.lzh	575780	ok	MEMACS400/H/spanish.h
CMDS	memacs400_src.lzh	575780	ok	MEMACS400/SRC/
CMDS	memacs400_src.lzh	575780	ok	MEMACS400/SRC/Makefile
CMDS	memacs400_src.lzh	575780	ok	MEMACS400/SRC/abbrev.c
CMDS	memacs400_src.lzh	575780	ok	MEMACS400/SRC/amigados.c
CMDS	memacs400_src.lzh	575780	ok	MEMACS400/SRC/ansi.c
CMDS	memacs400_src.lzh	575780	ok	MEMACS400/SRC/aosvs.c
CMDS	memacs400_src.lzh	575780	ok	MEMACS400/SRC/basic.c
CMDS	memacs400_src.lzh	575780	ok	MEMACS400/SRC/bind.c
CMDS	memacs400_src.lzh	575780	ok	MEMACS400/SRC/buffer.c
CMDS	memacs400_src.lzh	575780	ok	MEMACS400/SRC/char.c
CMDS	memacs400_src.lzh	575780	ok	MEMACS400/SRC/cmdfix.c
CMDS	memacs400_src.lzh	575780	ok	MEMACS400/SRC/crypt.c
CMDS	memacs400_src.lzh	575780	ok	MEMACS400/SRC/dg10.c
CMDS	memacs400_src.lzh	575780	ok	MEMACS400/SRC/display.c
CMDS	memacs400_src.lzh	575780	ok	MEMACS400/SRC/dolock.c
CMDS	memacs400_src.lzh	575780	ok	MEMACS400/SRC/eval.c
CMDS	memacs400_src.lzh	575780	ok	MEMACS400/SRC/exec.c
CMDS	memacs400_src.lzh	575780	ok	MEMACS400/SRC/execpr.asm
CMDS	memacs400_src.lzh	575780	ok	MEMACS400/SRC/file.c
CMDS	memacs400_src.lzh	575780	ok	MEMACS400/SRC/fileio.c
CMDS	memacs400_src.lzh	575780	ok	MEMACS400/SRC/fmr.c
CMDS	memacs400_src.lzh	575780	ok	MEMACS400/SRC/fmrdos.c
CMDS	memacs400_src.lzh	575780	ok	MEMACS400/SRC/gsscsz.c
CMDS	memacs400_src.lzh	575780	ok	MEMACS400/SRC/history.c
CMDS	memacs400_src.lzh	575780	ok	MEMACS400/SRC/hp110.c
CMDS	memacs400_src.lzh	575780	ok	MEMACS400/SRC/hp150.c
CMDS	memacs400_src.lzh	575780	ok	MEMACS400/SRC/i55.c
CMDS	memacs400_src.lzh	575780	ok	MEMACS400/SRC/ibmpc.c
CMDS	memacs400_src.lzh	575780	ok	MEMACS400/SRC/input.c
CMDS	memacs400_src.lzh	575780	ok	MEMACS400/SRC/isearch.c
CMDS	memacs400_src.lzh	575780	ok	MEMACS400/SRC/keyboard.c
CMDS	memacs400_src.lzh	575780	ok	MEMACS400/SRC/line.c
CMDS	memacs400_src.lzh	575780	ok	MEMACS400/SRC/lock.c
CMDS	memacs400_src.lzh	575780	ok	MEMACS400/SRC/main.c
CMDS	memacs400_src.lzh	575780	ok	MEMACS400/SRC/mouse.c
CMDS	memacs400_src.lzh	575780	ok	MEMACS400/SRC/mpe.c
CMDS	memacs400_src.lzh	575780	ok	MEMACS400/SRC/msdos.c
CMDS	memacs400_src.lzh	575780	ok	MEMACS400/SRC/mswdisp.c
CMDS	memacs400_src.lzh	575780	ok	MEMACS400/SRC/mswdrv.c
CMDS	memacs400_src.lzh	575780	ok	MEMACS400/SRC/mswemacs.c
CMDS	memacs400_src.lzh	575780	ok	MEMACS400/SRC/mswexec.c
CMDS	memacs400_src.lzh	575780	ok	MEMACS400/SRC/mswfile.c
CMDS	memacs400_src.lzh	575780	ok	MEMACS400/SRC/mswfont.c
CMDS	memacs400_src.lzh	575780	ok	MEMACS400/SRC/mswinput.c
CMDS	memacs400_src.lzh	575780	ok	MEMACS400/SRC/mswmem.c
CMDS	memacs400_src.lzh	575780	ok	MEMACS400/SRC/mswmenu.c
CMDS	memacs400_src.lzh	575780	ok	MEMACS400/SRC/mswsys.c
CMDS	memacs400_src.lzh	575780	ok	MEMACS400/SRC/nec.c
CMDS	memacs400_src.lzh	575780	ok	MEMACS400/SRC/necdos.c
CMDS	memacs400_src.lzh	575780	ok	MEMACS400/SRC/nt.c
CMDS	memacs400_src.lzh	575780	ok	MEMACS400/SRC/ntconio.c
CMDS	memacs400_src.lzh	575780	ok	MEMACS400/SRC/os2.c
CMDS	memacs400_src.lzh	575780	ok	MEMACS400/SRC/os2npm.c
CMDS	memacs400_src.lzh	575780	ok	MEMACS400/SRC/posix.c
CMDS	memacs400_src.lzh	575780	ok	MEMACS400/SRC/random.c
CMDS	memacs400_src.lzh	575780	ok	MEMACS400/SRC/region.c
CMDS	memacs400_src.lzh	575780	ok	MEMACS400/SRC/replace.c
CMDS	memacs400_src.lzh	575780	ok	MEMACS400/SRC/screen.c
CMDS	memacs400_src.lzh	575780	ok	MEMACS400/SRC/search.c
CMDS	memacs400_src.lzh	575780	ok	MEMACS400/SRC/select.c
CMDS	memacs400_src.lzh	575780	ok	MEMACS400/SRC/smg.c
CMDS	memacs400_src.lzh	575780	ok	MEMACS400/SRC/st52.c
CMDS	memacs400_src.lzh	575780	ok	MEMACS400/SRC/stmouse.s
CMDS	memacs400_src.lzh	575780	ok	MEMACS400/SRC/tags
CMDS	memacs400_src.lzh	575780	ok	MEMACS400/SRC/tags.c
CMDS	memacs400_src.lzh	575780	ok	MEMACS400/SRC/tcap.c
CMDS	memacs400_src.lzh	575780	ok	MEMACS400/SRC/tipc.c
CMDS	memacs400_src.lzh	575780	ok	MEMACS400/SRC/tos.c
CMDS	memacs400_src.lzh	575780	ok	MEMACS400/SRC/undo.c
CMDS	memacs400_src.lzh	575780	ok	MEMACS400/SRC/unix.c
CMDS	memacs400_src.lzh	575780	ok	MEMACS400/SRC/vms.c
CMDS	memacs400_src.lzh	575780	ok	MEMACS400/SRC/vt52.c
CMDS	memacs400_src.lzh	575780	ok	MEMACS400/SRC/window.c
CMDS	memacs400_src.lzh	575780	ok	MEMACS400/SRC/wmcs.c
CMDS	memacs400_src.lzh	575780	ok	MEMACS400/SRC/word.c
CMDS	memacs400_src.lzh	575780	ok	MEMACS400/SRC/xvt.c
CMDS	memacs400_src.lzh	575780	ok	MEMACS400/SRC/xvtdos.c
CMDS	memacs400_src.lzh	575780	ok	MEMACS400/SRC/z309.c
CMDS	mexist	4262	os9_module	mexist
CMDS	modbust.lzh	19291	ok	MODBUSTER/
CMDS	modbust.lzh	19291	ok	MODBUSTER/Makefile
CMDS	modbust.lzh	19291	ok	MODBUSTER/RELS/
CMDS	modbust.lzh	19291	ok	MODBUSTER/RELS/modbuster.r
CMDS	modbust.lzh	19291	ok	MODBUSTER/modbuster
CMDS	modbust.lzh	19291	ok	MODBUSTER/modbuster.c
CMDS	mtools_3.6.cmds.lzh	1210017	ok	MTOOLS_3.6/CMDS/msattrib
CMDS	mtools_3.6.cmds.lzh	1210017	ok	MTOOLS_3.6/CMDS/msbadblocks
CMDS	mtools_3.6.cmds.lzh	1210017	ok	MTOOLS_3.6/CMDS/mscd
CMDS	mtools_3.6.cmds.lzh	1210017	ok	MTOOLS_3.6/CMDS/mscheck
CMDS	mtools_3.6.cmds.lzh	1210017	ok	MTOOLS_3.6/CMDS/mscopy
CMDS	mtools_3.6.cmds.lzh	1210017	ok	MTOOLS_3.6/CMDS/msdel
CMDS	mtools_3.6.cmds.lzh	1210017	ok	MTOOLS_3.6/CMDS/msdeltree
CMDS	mtools_3.6.cmds.lzh	1210017	ok	MTOOLS_3.6/CMDS/msdir
CMDS	mtools_3.6.cmds.lzh	1210017	ok	MTOOLS_3.6/CMDS/msformat
CMDS	mtools_3.6.cmds.lzh	1210017	ok	MTOOLS_3.6/CMDS/msinfo
CMDS	mtools_3.6.cmds.lzh	1210017	ok	MTOOLS_3.6/CMDS/mslabel
CMDS	mtools_3.6.cmds.lzh	1210017	ok	MTOOLS_3.6/CMDS/msmd
CMDS	mtools_3.6.cmds.lzh	1210017	ok	MTOOLS_3.6/CMDS/msmove
CMDS	mtools_3.6.cmds.lzh	1210017	ok	MTOOLS_3.6/CMDS/msrd
CMDS	mtools_3.6.cmds.lzh	1210017	ok	MTOOLS_3.6/CMDS/msread
CMDS	mtools_3.6.cmds.lzh	1210017	ok	MTOOLS_3.6/CMDS/msren
CMDS	mtools_3.6.cmds.lzh	1210017	ok	MTOOLS_3.6/CMDS/mstoolstest
CMDS	mtools_3.6.cmds.lzh	1210017	ok	MTOOLS_3.6/CMDS/mstype
CMDS	mtools_3.6.cmds.lzh	1210017	ok	MTOOLS_3.6/CMDS/mswrite
CMDS	mtools_3.6.cmds.lzh	1210017	ok	MTOOLS_3.6/CMDS/mtools
CMDS	mtools_3.6.cmds.lzh	1210017	ok	Readme.OSK
CMDS	mtools_3.6.docs.lzh	296570	ok	MTOOLS_3.6/DOCS/
CMDS	mtools_3.6.docs.lzh	296570	ok	MTOOLS_3.6/DOCS/man_warning.texi
CMDS	mtools_3.6.docs.lzh	296570	ok	MTOOLS_3.6/DOCS/mattrib.1
CMDS	mtools_3.6.docs.lzh	296570	ok	MTOOLS_3.6/DOCS/mattrib.ps
CMDS	mtools_3.6.docs.lzh	296570	ok	MTOOLS_3.6/DOCS/mbadblocks.1
CMDS	mtools_3.6.docs.lzh	296570	ok	MTOOLS_3.6/DOCS/mbadblocks.ps
CMDS	mtools_3.6.docs.lzh	296570	ok	MTOOLS_3.6/DOCS/mcd.1
CMDS	mtools_3.6.docs.lzh	296570	ok	MTOOLS_3.6/DOCS/mcd.ps
CMDS	mtools_3.6.docs.lzh	296570	ok	MTOOLS_3.6/DOCS/mcopy.1
CMDS	mtools_3.6.docs.lzh	296570	ok	MTOOLS_3.6/DOCS/mcopy.ps
CMDS	mtools_3.6.docs.lzh	296570	ok	MTOOLS_3.6/DOCS/mdel.1
CMDS	mtools_3.6.docs.lzh	296570	ok	MTOOLS_3.6/DOCS/mdel.ps
CMDS	mtools_3.6.docs.lzh	296570	ok	MTOOLS_3.6/DOCS/mdeltree.1
CMDS	mtools_3.6.docs.lzh	296570	ok	MTOOLS_3.6/DOCS/mdeltree.ps
CMDS	mtools_3.6.docs.lzh	296570	ok	MTOOLS_3.6/DOCS/mdir.1
CMDS	mtools_3.6.docs.lzh	296570	ok	MTOOLS_3.6/DOCS/mdir.ps
CMDS	mtools_3.6.docs.lzh	296570	ok	MTOOLS_3.6/DOCS/mformat.1
CMDS	mtools_3.6.docs.lzh	296570	ok	MTOOLS_3.6/DOCS/mformat.ps
CMDS	mtools_3.6.docs.lzh	296570	ok	MTOOLS_3.6/DOCS/mkmanifest.1
CMDS	mtools_3.6.docs.lzh	296570	ok	MTOOLS_3.6/DOCS/mkmanifest.ps
CMDS	mtools_3.6.docs.lzh	296570	ok	MTOOLS_3.6/DOCS/mlabel.1
CMDS	mtools_3.6.docs.lzh	296570	ok	MTOOLS_3.6/DOCS/mlabel.ps
CMDS	mtools_3.6.docs.lzh	296570	ok	MTOOLS_3.6/DOCS/mmd.1
CMDS	mtools_3.6.docs.lzh	296570	ok	MTOOLS_3.6/DOCS/mmd.ps
CMDS	mtools_3.6.docs.lzh	296570	ok	MTOOLS_3.6/DOCS/mmount.1
CMDS	mtools_3.6.docs.lzh	296570	ok	MTOOLS_3.6/DOCS/mmount.ps
CMDS	mtools_3.6.docs.lzh	296570	ok	MTOOLS_3.6/DOCS/mmove.1
CMDS	mtools_3.6.docs.lzh	296570	ok	MTOOLS_3.6/DOCS/mmove.ps
CMDS	mtools_3.6.docs.lzh	296570	ok	MTOOLS_3.6/DOCS/mrd.1
CMDS	mtools_3.6.docs.lzh	296570	ok	MTOOLS_3.6/DOCS/mrd.ps
CMDS	mtools_3.6.docs.lzh	296570	ok	MTOOLS_3.6/DOCS/mread.1
CMDS	mtools_3.6.docs.lzh	296570	ok	MTOOLS_3.6/DOCS/mread.ps
CMDS	mtools_3.6.docs.lzh	296570	ok	MTOOLS_3.6/DOCS/mren.1
CMDS	mtools_3.6.docs.lzh	296570	ok	MTOOLS_3.6/DOCS/mren.ps
CMDS	mtools_3.6.docs.lzh	296570	ok	MTOOLS_3.6/DOCS/mtools.1
CMDS	mtools_3.6.docs.lzh	296570	ok	MTOOLS_3.6/DOCS/mtools.5
CMDS	mtools_3.6.docs.lzh	296570	ok	MTOOLS_3.6/DOCS/mtools.5.ps
CMDS	mtools_3.6.docs.lzh	296570	ok	MTOOLS_3.6/DOCS/mtools.ps
CMDS	mtools_3.6.docs.lzh	296570	ok	MTOOLS_3.6/DOCS/mtools.texi
CMDS	mtools_3.6.docs.lzh	296570	ok	MTOOLS_3.6/DOCS/mtools.texi.ps
CMDS	mtools_3.6.docs.lzh	296570	ok	MTOOLS_3.6/DOCS/mtoolstest.1
CMDS	mtools_3.6.docs.lzh	296570	ok	MTOOLS_3.6/DOCS/mtoolstest.ps
CMDS	mtools_3.6.docs.lzh	296570	ok	MTOOLS_3.6/DOCS/mtype.1
CMDS	mtools_3.6.docs.lzh	296570	ok	MTOOLS_3.6/DOCS/mtype.ps
CMDS	mtools_3.6.docs.lzh	296570	ok	MTOOLS_3.6/DOCS/mwrite.1
CMDS	mtools_3.6.docs.lzh	296570	ok	MTOOLS_3.6/DOCS/mwrite.ps
CMDS	mtools_3.6.docs.lzh	296570	ok	MTOOLS_3.6/DOCS/mzip.1
CMDS	mtools_3.6.docs.lzh	296570	ok	MTOOLS_3.6/DOCS/mzip.ps
CMDS	mtools_3.6.docs.lzh	296570	ok	Readme.OSK
CMDS	mtools_3.6.src.lzh	256173	ok	MTOOLS_3.6/COPYING
CMDS	mtools_3.6.src.lzh	256173	ok	MTOOLS_3.6/Changelog
CMDS	mtools_3.6.src.lzh	256173	ok	MTOOLS_3.6/INSTALL
CMDS	mtools_3.6.src.lzh	256173	ok	MTOOLS_3.6/Makefile
CMDS	mtools_3.6.src.lzh	256173	ok	MTOOLS_3.6/Makefile.Be
CMDS	mtools_3.6.src.lzh	256173	ok	MTOOLS_3.6/Makefile.in
CMDS	mtools_3.6.src.lzh	256173	ok	MTOOLS_3.6/README
CMDS	mtools_3.6.src.lzh	256173	ok	MTOOLS_3.6/README.BEBOX
CMDS	mtools_3.6.src.lzh	256173	ok	MTOOLS_3.6/Release.notes
CMDS	mtools_3.6.src.lzh	256173	ok	MTOOLS_3.6/SCRIPTS/add_disk
CMDS	mtools_3.6.src.lzh	256173	ok	MTOOLS_3.6/SCRIPTS/format.dat
CMDS	mtools_3.6.src.lzh	256173	ok	MTOOLS_3.6/SCRIPTS/mcheck
CMDS	mtools_3.6.src.lzh	256173	ok	MTOOLS_3.6/SCRIPTS/mcomp
CMDS	mtools_3.6.src.lzh	256173	ok	MTOOLS_3.6/SCRIPTS/mxtar
CMDS	mtools_3.6.src.lzh	256173	ok	MTOOLS_3.6/SCRIPTS/tgz
CMDS	mtools_3.6.src.lzh	256173	ok	MTOOLS_3.6/SCRIPTS/uz
CMDS	mtools_3.6.src.lzh	256173	ok	MTOOLS_3.6/SCRIPTS/xcopy
CMDS	mtools_3.6.src.lzh	256173	ok	MTOOLS_3.6/TODO
CMDS	mtools_3.6.src.lzh	256173	ok	MTOOLS_3.6/acconfig.h
CMDS	mtools_3.6.src.lzh	256173	ok	MTOOLS_3.6/all
CMDS	mtools_3.6.src.lzh	256173	ok	MTOOLS_3.6/buffer.c
CMDS	mtools_3.6.src.lzh	256173	ok	MTOOLS_3.6/buffer.h
CMDS	mtools_3.6.src.lzh	256173	ok	MTOOLS_3.6/cmdname
CMDS	mtools_3.6.src.lzh	256173	ok	MTOOLS_3.6/codepage.c
CMDS	mtools_3.6.src.lzh	256173	ok	MTOOLS_3.6/codepage.h
CMDS	mtools_3.6.src.lzh	256173	ok	MTOOLS_3.6/codepages.c
CMDS	mtools_3.6.src.lzh	256173	ok	MTOOLS_3.6/config.c
CMDS	mtools_3.6.src.lzh	256173	ok	MTOOLS_3.6/config.guess
CMDS	mtools_3.6.src.lzh	256173	ok	MTOOLS_3.6/config.h
CMDS	mtools_3.6.src.lzh	256173	ok	MTOOLS_3.6/config.h.Be
CMDS	mtools_3.6.src.lzh	256173	ok	MTOOLS_3.6/config.h.in
CMDS	mtools_3.6.src.lzh	256173	ok	MTOOLS_3.6/config.sub
CMDS	mtools_3.6.src.lzh	256173	ok	MTOOLS_3.6/configure
CMDS	mtools_3.6.src.lzh	256173	ok	MTOOLS_3.6/configure.in
CMDS	mtools_3.6.src.lzh	256173	ok	MTOOLS_3.6/copyfile.c
CMDS	mtools_3.6.src.lzh	256173	ok	MTOOLS_3.6/devices.c
CMDS	mtools_3.6.src.lzh	256173	ok	MTOOLS_3.6/devices.h
CMDS	mtools_3.6.src.lzh	256173	ok	MTOOLS_3.6/directory.c
CMDS	mtools_3.6.src.lzh	256173	ok	MTOOLS_3.6/expand.c
CMDS	mtools_3.6.src.lzh	256173	ok	MTOOLS_3.6/fat.c
CMDS	mtools_3.6.src.lzh	256173	ok	MTOOLS_3.6/fat_free.c
CMDS	mtools_3.6.src.lzh	256173	ok	MTOOLS_3.6/file.c
CMDS	mtools_3.6.src.lzh	256173	ok	MTOOLS_3.6/file.h
CMDS	mtools_3.6.src.lzh	256173	ok	MTOOLS_3.6/file_name.c
CMDS	mtools_3.6.src.lzh	256173	ok	MTOOLS_3.6/file_read.c
CMDS	mtools_3.6.src.lzh	256173	ok	MTOOLS_3.6/filter.c
CMDS	mtools_3.6.src.lzh	256173	ok	MTOOLS_3.6/force_io.c
CMDS	mtools_3.6.src.lzh	256173	ok	MTOOLS_3.6/fs.h
CMDS	mtools_3.6.src.lzh	256173	ok	MTOOLS_3.6/fsP.h
CMDS	mtools_3.6.src.lzh	256173	ok	MTOOLS_3.6/getopt.h
CMDS	mtools_3.6.src.lzh	256173	ok	MTOOLS_3.6/hash.c
CMDS	mtools_3.6.src.lzh	256173	ok	MTOOLS_3.6/htable.h
CMDS	mtools_3.6.src.lzh	256173	ok	MTOOLS_3.6/init.c
CMDS	mtools_3.6.src.lzh	256173	ok	MTOOLS_3.6/install_sh
CMDS	mtools_3.6.src.lzh	256173	ok	MTOOLS_3.6/lines.sed
CMDS	mtools_3.6.src.lzh	256173	ok	MTOOLS_3.6/mainloop.c
CMDS	mtools_3.6.src.lzh	256173	ok	MTOOLS_3.6/mainloop.h
CMDS	mtools_3.6.src.lzh	256173	ok	MTOOLS_3.6/match.c
CMDS	mtools_3.6.src.lzh	256173	ok	MTOOLS_3.6/mattrib.c
CMDS	mtools_3.6.src.lzh	256173	ok	MTOOLS_3.6/mbadblocks.c
CMDS	mtools_3.6.src.lzh	256173	ok	MTOOLS_3.6/mcd.c
CMDS	mtools_3.6.src.lzh	256173	ok	MTOOLS_3.6/mcopy.c
CMDS	mtools_3.6.src.lzh	256173	ok	MTOOLS_3.6/mdel.c
CMDS	mtools_3.6.src.lzh	256173	ok	MTOOLS_3.6/mdir.c
CMDS	mtools_3.6.src.lzh	256173	ok	MTOOLS_3.6/mformat.c
CMDS	mtools_3.6.src.lzh	256173	ok	MTOOLS_3.6/minfo.c
CMDS	mtools_3.6.src.lzh	256173	ok	MTOOLS_3.6/misc.c
CMDS	mtools_3.6.src.lzh	256173	ok	MTOOLS_3.6/missing_functions.c
CMDS	mtools_3.6.src.lzh	256173	ok	MTOOLS_3.6/mk_direntry.c
CMDS	mtools_3.6.src.lzh	256173	ok	MTOOLS_3.6/mkinstalldirs
CMDS	mtools_3.6.src.lzh	256173	ok	MTOOLS_3.6/mkmanifest.c
CMDS	mtools_3.6.src.lzh	256173	ok	MTOOLS_3.6/mkmanpages
CMDS	mtools_3.6.src.lzh	256173	ok	MTOOLS_3.6/mlabel.c
CMDS	mtools_3.6.src.lzh	256173	ok	MTOOLS_3.6/mmd.c
CMDS	mtools_3.6.src.lzh	256173	ok	MTOOLS_3.6/mmount.c
CMDS	mtools_3.6.src.lzh	256173	ok	MTOOLS_3.6/mmove.c
CMDS	mtools_3.6.src.lzh	256173	ok	MTOOLS_3.6/mpartition.c
CMDS	mtools_3.6.src.lzh	256173	ok	MTOOLS_3.6/msattrib.c
CMDS	mtools_3.6.src.lzh	256173	ok	MTOOLS_3.6/msbadblocks.c
CMDS	mtools_3.6.src.lzh	256173	ok	MTOOLS_3.6/mscd.c
CMDS	mtools_3.6.src.lzh	256173	ok	MTOOLS_3.6/mscopy.c
CMDS	mtools_3.6.src.lzh	256173	ok	MTOOLS_3.6/msdel.c
CMDS	mtools_3.6.src.lzh	256173	ok	MTOOLS_3.6/msdeltree.c
CMDS	mtools_3.6.src.lzh	256173	ok	MTOOLS_3.6/msdir.c
CMDS	mtools_3.6.src.lzh	256173	ok	MTOOLS_3.6/msdos.h
CMDS	mtools_3.6.src.lzh	256173	ok	MTOOLS_3.6/msformat.c
CMDS	mtools_3.6.src.lzh	256173	ok	MTOOLS_3.6/msinfo.c
CMDS	mtools_3.6.src.lzh	256173	ok	MTOOLS_3.6/mslabel.c
CMDS	mtools_3.6.src.lzh	256173	ok	MTOOLS_3.6/msmd.c
CMDS	mtools_3.6.src.lzh	256173	ok	MTOOLS_3.6/msmove.c
CMDS	mtools_3.6.src.lzh	256173	ok	MTOOLS_3.6/msrd.c
CMDS	mtools_3.6.src.lzh	256173	ok	MTOOLS_3.6/msread.c
CMDS	mtools_3.6.src.lzh	256173	ok	MTOOLS_3.6/msren.c
CMDS	mtools_3.6.src.lzh	256173	ok	MTOOLS_3.6/mstoolstest.c
CMDS	mtools_3.6.src.lzh	256173	ok	MTOOLS_3.6/mstype.c
CMDS	mtools_3.6.src.lzh	256173	ok	MTOOLS_3.6/mswrite.c
CMDS	mtools_3.6.src.lzh	256173	ok	MTOOLS_3.6/mtools.c
CMDS	mtools_3.6.src.lzh	256173	ok	MTOOLS_3.6/mtools.conf
CMDS	mtools_3.6.src.lzh	256173	ok	MTOOLS_3.6/mtools.h
CMDS	mtools_3.6.src.lzh	256173	ok	MTOOLS_3.6/mtools.l
CMDS	mtools_3.6.src.lzh	256173	ok	MTOOLS_3.6/mzip.c
CMDS	mtools_3.6.src.lzh	256173	ok	MTOOLS_3.6/nameclash.h
CMDS	mtools_3.6.src.lzh	256173	ok	MTOOLS_3.6/parse.c
CMDS	mtools_3.6.src.lzh	256173	ok	MTOOLS_3.6/partition.h
CMDS	mtools_3.6.src.lzh	256173	ok	MTOOLS_3.6/patchlevel.h
CMDS	mtools_3.6.src.lzh	256173	ok	MTOOLS_3.6/paths.h
CMDS	mtools_3.6.src.lzh	256173	ok	MTOOLS_3.6/plain_io.c
CMDS	mtools_3.6.src.lzh	256173	ok	MTOOLS_3.6/plain_io.h
CMDS	mtools_3.6.src.lzh	256173	ok	MTOOLS_3.6/precmd.c
CMDS	mtools_3.6.src.lzh	256173	ok	MTOOLS_3.6/privileges.c
CMDS	mtools_3.6.src.lzh	256173	ok	MTOOLS_3.6/privtest.c
CMDS	mtools_3.6.src.lzh	256173	ok	MTOOLS_3.6/scsi.c
CMDS	mtools_3.6.src.lzh	256173	ok	MTOOLS_3.6/scsi.h
CMDS	mtools_3.6.src.lzh	256173	ok	MTOOLS_3.6/signal.c
CMDS	mtools_3.6.src.lzh	256173	ok	MTOOLS_3.6/stream.c
CMDS	mtools_3.6.src.lzh	256173	ok	MTOOLS_3.6/stream.h
CMDS	mtools_3.6.src.lzh	256173	ok	MTOOLS_3.6/streamcache.c
CMDS	mtools_3.6.src.lzh	256173	ok	MTOOLS_3.6/streamcache.h
CMDS	mtools_3.6.src.lzh	256173	ok	MTOOLS_3.6/strerror.c
CMDS	mtools_3.6.src.lzh	256173	ok	MTOOLS_3.6/strip_pp.sed
CMDS	mtools_3.6.src.lzh	256173	ok	MTOOLS_3.6/subdir.c
CMDS	mtools_3.6.src.lzh	256173	ok	MTOOLS_3.6/sysincludes.h
CMDS	mtools_3.6.src.lzh	256173	ok	MTOOLS_3.6/toupper.c
CMDS	mtools_3.6.src.lzh	256173	ok	MTOOLS_3.6/tty.c
CMDS	mtools_3.6.src.lzh	256173	ok	MTOOLS_3.6/vfat.c
CMDS	mtools_3.6.src.lzh	256173	ok	MTOOLS_3.6/vfat.h
CMDS	mtools_3.6.src.lzh	256173	ok	MTOOLS_3.6/xdf_io.c
CMDS	mtools_3.6.src.lzh	256173	ok	MTOOLS_3.6/xdf_io.h
CMDS	mtools_3.6.src.lzh	256173	ok	Readme.OSK
CMDS	oscom10.zip	42008	ok	oscom.h
CMDS	oscom10.zip	42008	ok	oscom.c
CMDS	oscom10.zip	42008	ok	oscom_386.mak
CMDS	oscom10.zip	42008	ok	oscom_ppc.mak
CMDS	oscom10.zip	42008	ok	proto.h
CMDS	oscom10.zip	42008	ok	ReadMe.txt
CMDS	oscom10.zip	42008	ok	setup.c
CMDS	oscom10.zip	42008	ok	str.c
CMDS	oscom10.zip	42008	ok	translate.c
CMDS	oscom10.zip	42008	ok	oscom_386
CMDS	oscom10.zip	42008	ok	oscom_ppc
CMDS	patch.tar.Z	68009	ok	Configure
CMDS	patch.tar.Z	68009	ok	EXTERN.h
CMDS	patch.tar.Z	68009	ok	INTERN.h
CMDS	patch.tar.Z	68009	ok	Makefile
CMDS	patch.tar.Z	68009	ok	Makefile.OSK
CMDS	patch.tar.Z	68009	ok	Makefile.SH
CMDS	patch.tar.Z	68009	ok	Readme
CMDS	patch.tar.Z	68009	ok	Readme.OSK
CMDS	patch.tar.Z	68009	ok	common.h
CMDS	patch.tar.Z	68009	ok	config.h
CMDS	patch.tar.Z	68009	ok	config.h.orig
CMDS	patch.tar.Z	68009	ok	inp.c
CMDS	patch.tar.Z	68009	ok	inp.h
CMDS	patch.tar.Z	68009	ok	malloc.c
CMDS	patch.tar.Z	68009	ok	patch.c
CMDS	patch.tar.Z	68009	ok	patch.man
CMDS	patch.tar.Z	68009	ok	patchlevel.h
CMDS	patch.tar.Z	68009	ok	pch.c
CMDS	patch.tar.Z	68009	ok	pch.h
CMDS	patch.tar.Z	68009	ok	util.c
CMDS	patch.tar.Z	68009	ok	util.h
CMDS	patch.tar.Z	68009	ok	version.c
CMDS	patch.tar.Z	68009	ok	version.h
CMDS	pvic_10a.lzh	162742	ok	CMDS/
CMDS	pvic_10a.lzh	162742	ok	CMDS/vi
CMDS	pvic_10a.lzh	162742	ok	CMDS/vi_nocio
CMDS	pvic_10a.lzh	162742	ok	DOC/
CMDS	pvic_10a.lzh	162742	ok	DOC/pvic_changes.txt
CMDS	pvic_10a.lzh	162742	ok	DOC/vi.txt
CMDS	pvic_10a.lzh	162742	ok	DOC/vi_readme.txt
CMDS	pvic_10a.lzh	162742	ok	SRCE/
CMDS	pvic_10a.lzh	162742	ok	SRCE/Makefile
CMDS	pvic_10a.lzh	162742	ok	SRCE/alloc.c
CMDS	pvic_10a.lzh	162742	ok	SRCE/cmdline.c
CMDS	pvic_10a.lzh	162742	ok	SRCE/edit.c
CMDS	pvic_10a.lzh	162742	ok	SRCE/enveval.c
CMDS	pvic_10a.lzh	162742	ok	SRCE/fileio.c
CMDS	pvic_10a.lzh	162742	ok	SRCE/general.c
CMDS	pvic_10a.lzh	162742	ok	SRCE/help.c
CMDS	pvic_10a.lzh	162742	ok	SRCE/hexchars.c
CMDS	pvic_10a.lzh	162742	ok	SRCE/linefunc.c
CMDS	pvic_10a.lzh	162742	ok	SRCE/locdefs.h
CMDS	pvic_10a.lzh	162742	ok	SRCE/locfuncs.c
CMDS	pvic_10a.lzh	162742	ok	SRCE/main.c
CMDS	pvic_10a.lzh	162742	ok	SRCE/mark.c
CMDS	pvic_10a.lzh	162742	ok	SRCE/misccmds.c
CMDS	pvic_10a.lzh	162742	ok	SRCE/miscmds.c
CMDS	pvic_10a.lzh	162742	ok	SRCE/normal.c
CMDS	pvic_10a.lzh	162742	ok	SRCE/ops.c
CMDS	pvic_10a.lzh	162742	ok	SRCE/param.c
CMDS	pvic_10a.lzh	162742	ok	SRCE/ptrfunc.c
CMDS	pvic_10a.lzh	162742	ok	SRCE/pvic.h
CMDS	pvic_10a.lzh	162742	ok	SRCE/regexp.c
CMDS	pvic_10a.lzh	162742	ok	SRCE/regsub.c
CMDS	pvic_10a.lzh	162742	ok	SRCE/screen.c
CMDS	pvic_10a.lzh	162742	ok	SRCE/search.c
CMDS	pvic_10a.lzh	162742	ok	SRCE/sentence.c
CMDS	pvic_10a.lzh	162742	ok	SRCE/setenv.c
CMDS	pvic_10a.lzh	162742	ok	SRCE/tagcmd.c
CMDS	pvic_10a.lzh	162742	ok	SRCE/termcap.c
CMDS	pvic_10a.lzh	162742	ok	SRCE/termin.c
CMDS	pvic_10a.lzh	162742	ok	SRCE/undo.c
CMDS	rcs4.lha	286720	ok	CMDS/
CMDS	rcs4.lha	286720	ok	CMDS/ci
CMDS	rcs4.lha	286720	ok	CMDS/co
CMDS	rcs4.lha	286720	ok	CMDS/rcs
CMDS	rcs4.lha	286720	ok	CMDS/rcsdiff
CMDS	rcs4.lha	286720	ok	CMDS/rcsident
CMDS	rcs4.lha	286720	ok	CMDS/rcsmerge
CMDS	rcs4.lha	286720	ok	CMDS/rlog
CMDS	rcs4.lha	286720	ok	DOC/
CMDS	rcs4.lha	286720	ok	DOC/MAN1/
CMDS	rcs4.lha	286720	ok	DOC/MAN1/ci.1l
CMDS	rcs4.lha	286720	ok	DOC/MAN1/co.1l
CMDS	rcs4.lha	286720	ok	DOC/MAN1/diff.man
CMDS	rcs4.lha	286720	ok	DOC/MAN1/diff3.man
CMDS	rcs4.lha	286720	ok	DOC/MAN1/ident.1l
CMDS	rcs4.lha	286720	ok	DOC/MAN1/rcs.1l
CMDS	rcs4.lha	286720	ok	DOC/MAN1/rcsclean.1l
CMDS	rcs4.lha	286720	ok	DOC/MAN1/rcsdiff.1l
CMDS	rcs4.lha	286720	ok	DOC/MAN1/rcsfreeze.1l
CMDS	rcs4.lha	286720	ok	DOC/MAN1/rcsintro.1l
CMDS	rcs4.lha	286720	ok	DOC/MAN1/rcsmerge.1l
CMDS	rcs4.lha	286720	ok	DOC/MAN1/rlog.1l
CMDS	rcs4.lha	286720	ok	DOC/MAN5/
CMDS	rcs4.lha	286720	ok	DOC/MAN5/rcsfile.5l
CMDS	rcs4.lha	286720	ok	DOC/MS/
CMDS	rcs4.lha	286720	ok	DOC/MS/pretty_keys.ms
CMDS	rcs4.lha	286720	ok	DOC/MS/rcs.ms
CMDS	rcs4.lha	286720	ok	DOC/MS/rcs_functs.ms
CMDS	rcs4.lha	286720	ok	DOC/MS/rdiff.ms
CMDS	rcs4.lha	286720	ok	DOC/MS/rdiff3.ms
CMDS	rcs4.lha	286720	ok	DOC/MS/release3.ms
CMDS	rcs4.lha	286720	ok	DOC/MS/revision_no.ms
CMDS	rcs4.lha	286720	ok	DOC/MS/tutorial.ms
CMDS	rcs4.lha	286720	ok	Makefile
CMDS	rcs4.lha	286720	ok	README
CMDS	rcs4.lha	286720	ok	READ_ME
CMDS	rcs4.lha	286720	ok	ci.c
CMDS	rcs4.lha	286720	ok	co.c
CMDS	rcs4.lha	286720	ok	curdir.c
CMDS	rcs4.lha	286720	ok	ident.c
CMDS	rcs4.lha	286720	ok	makefile.orgosk
CMDS	rcs4.lha	286720	ok	makefile.orig
CMDS	rcs4.lha	286720	ok	maketime.c
CMDS	rcs4.lha	286720	ok	merge.sh
CMDS	rcs4.lha	286720	ok	partime.c
CMDS	rcs4.lha	286720	ok	rcs.c
CMDS	rcs4.lha	286720	ok	rcsbase.h
CMDS	rcs4.lha	286720	ok	rcsclean.c
CMDS	rcs4.lha	286720	ok	rcsclean.sh
CMDS	rcs4.lha	286720	ok	rcsdiff.c
CMDS	rcs4.lha	286720	ok	rcsedit.c
CMDS	rcs4.lha	286720	ok	rcsfcmp.c
CMDS	rcs4.lha	286720	ok	rcsfnms.c
CMDS	rcs4.lha	286720	ok	rcsfreeze.sh
CMDS	rcs4.lha	286720	ok	rcsgen.c
CMDS	rcs4.lha	286720	ok	rcskeep.c
CMDS	rcs4.lha	286720	ok	rcskeys.c
CMDS	rcs4.lha	286720	ok	rcslex.c
CMDS	rcs4.lha	286720	ok	rcsmerge.c
CMDS	reboot.lzh	1140	ok	reboot.a
CMDS	reboot.lzh	1140	ok	reboot.txt
CMDS	reboot.lzh	1140	ok	reboot_sysmon.a
CMDS	reboot.txt	744	bare_file	reboot.txt
CMDS	rechne	18446	os9_module	rechne
CMDS	rm.tar.Z	2227	ok	Makefile
CMDS	rm.tar.Z	2227	ok	rm.c
CMDS	setime	430	os9_module	setime
CMDS	setimex	17526	os9_module	setimex
CMDS	smallutils.t.Z	36965	ok	utils.doc
CMDS	smallutils.t.Z	36965	ok	dpark
CMDS	smallutils.t.Z	36965	ok	dpark.c
CMDS	smallutils.t.Z	36965	ok	fc
CMDS	smallutils.t.Z	36965	ok	fc.c
CMDS	smallutils.t.Z	36965	ok	sbreak
CMDS	smallutils.t.Z	36965	ok	sbreak.c
CMDS	smallutils.t.Z	36965	ok	sbreak.r
CMDS	smallutils.t.Z	36965	ok	ss_break.a
CMDS	smallutils.t.Z	36965	ok	ss_break.r
CMDS	smallutils.t.Z	36965	ok	ss_break.h
CMDS	smallutils.t.Z	36965	ok	shar
CMDS	smallutils.t.Z	36965	ok	wysecrack
CMDS	smallutils.t.Z	36965	ok	wysecrack.c
CMDS	smallutils.t.Z	36965	ok	wysetime
CMDS	tabs.tar.Z	3209	ok	Makefile
CMDS	tabs.tar.Z	3209	ok	tabs.doc
CMDS	tabs.tar.Z	3209	ok	tabs.c
CMDS	tail	4038	os9_module	tail
CMDS	tar.shar	23392	shar	
CMDS	todos	2814	os9_module	todos
CMDS	toos9	3748	os9_module	toos9
CMDS	uac_tar.z	240005	ok	UAC
CMDS	uac_tar.z	240005	ok	UAC/DATA
CMDS	uac_tar.z	240005	ok	UAC/DATA/uac_940.dat
CMDS	uac_tar.z	240005	ok	UAC/DATA/uac_940.dio
CMDS	uac_tar.z	240005	ok	UAC/DATA/uac_940.err
CMDS	uac_tar.z	240005	ok	UAC/DATA/uac_940.pio
CMDS	uac_tar.z	240005	ok	UAC/DATA/uac_940.spr
CMDS	uac_tar.z	240005	ok	UAC/DATA/uac_941.dat
CMDS	uac_tar.z	240005	ok	UAC/DATA/uac_941.dio
CMDS	uac_tar.z	240005	ok	UAC/DATA/uac_941.err
CMDS	uac_tar.z	240005	ok	UAC/DATA/uac_941.pio
CMDS	uac_tar.z	240005	ok	UAC/DATA/uac_941.spr
CMDS	uac_tar.z	240005	ok	UAC/DATA/uac_942.dat
CMDS	uac_tar.z	240005	ok	UAC/DATA/uac_942.dio
CMDS	uac_tar.z	240005	ok	UAC/DATA/uac_942.err
CMDS	uac_tar.z	240005	ok	UAC/DATA/uac_942.pio
CMDS	uac_tar.z	240005	ok	UAC/DATA/uac_942.spr
CMDS	uac_tar.z	240005	ok	UAC/DATA/uac_943.dat
CMDS	uac_tar.z	240005	ok	UAC/DATA/uac_943.dio
CMDS	uac_tar.z	240005	ok	UAC/DATA/uac_943.err
CMDS	uac_tar.z	240005	ok	UAC/DATA/uac_943.pio
CMDS	uac_tar.z	240005	ok	UAC/DATA/uac_943.spr
CMDS	uac_tar.z	240005	ok	UAC/DATA/uac_944.dat
CMDS	uac_tar.z	240005	ok	UAC/DATA/uac_944.dio
CMDS	uac_tar.z	240005	ok	UAC/DATA/uac_944.err
CMDS	uac_tar.z	240005	ok	UAC/DATA/uac_944.pio
CMDS	uac_tar.z	240005	ok	UAC/DATA/uac_944.spr
CMDS	uac_tar.z	240005	ok	UAC/DATA/uac_945.dat
CMDS	uac_tar.z	240005	ok	UAC/DATA/uac_945.dio
CMDS	uac_tar.z	240005	ok	UAC/DATA/uac_945.err
CMDS	uac_tar.z	240005	ok	UAC/DATA/uac_945.pio
CMDS	uac_tar.z	240005	ok	UAC/DATA/uac_945.spr
CMDS	uac_tar.z	240005	ok	UAC/DATA/uac_946.dat
CMDS	uac_tar.z	240005	ok	UAC/DATA/uac_946.dio
CMDS	uac_tar.z	240005	ok	UAC/DATA/uac_946.err
CMDS	uac_tar.z	240005	ok	UAC/DATA/uac_946.pio
CMDS	uac_tar.z	240005	ok	UAC/DATA/uac_946.spr
CMDS	uac_tar.z	240005	ok	UAC/DATA/uac_947.dat
CMDS	uac_tar.z	240005	ok	UAC/DATA/uac_947.dio
CMDS	uac_tar.z	240005	ok	UAC/DATA/uac_947.err
CMDS	uac_tar.z	240005	ok	UAC/DATA/uac_947.pio
CMDS	uac_tar.z	240005	ok	UAC/DATA/uac_947.spr
CMDS	uac_tar.z	240005	ok	UAC/DATA/uac_948.dat
CMDS	uac_tar.z	240005	ok	UAC/DATA/uac_948.dio
CMDS	uac_tar.z	240005	ok	UAC/DATA/uac_948.err
CMDS	uac_tar.z	240005	ok	UAC/DATA/uac_948.pio
CMDS	uac_tar.z	240005	ok	UAC/DATA/uac_948.spr
CMDS	uac_tar.z	240005	ok	UAC/DATA/uac_949.dat
CMDS	uac_tar.z	240005	ok	UAC/DATA/uac_949.dio
CMDS	uac_tar.z	240005	ok	UAC/DATA/uac_949.err
CMDS	uac_tar.z	240005	ok	UAC/DATA/uac_949.pio
CMDS	uac_tar.z	240005	ok	UAC/DATA/uac_949.spr
CMDS	uac_tar.z	240005	ok	UAC/DATA/uac_950.dat
CMDS	uac_tar.z	240005	ok	UAC/DATA/uac_950.dio
CMDS	uac_tar.z	240005	ok	UAC/DATA/uac_950.err
CMDS	uac_tar.z	240005	ok	UAC/DATA/uac_950.pio
CMDS	uac_tar.z	240005	ok	UAC/DATA/uac_950.spr
CMDS	uac_tar.z	240005	ok	UAC/DATA/uac_951.dat
CMDS	uac_tar.z	240005	ok	UAC/DATA/uac_951.dio
CMDS	uac_tar.z	240005	ok	UAC/DATA/uac_951.err
CMDS	uac_tar.z	240005	ok	UAC/DATA/uac_951.pio
CMDS	uac_tar.z	240005	ok	UAC/DATA/uac_951.spr
CMDS	uac_tar.z	240005	ok	UAC/DATA/uac_952.dat
CMDS	uac_tar.z	240005	ok	UAC/DATA/uac_952.dio
CMDS	uac_tar.z	240005	ok	UAC/DATA/uac_952.err
CMDS	uac_tar.z	240005	ok	UAC/DATA/uac_952.pio
CMDS	uac_tar.z	240005	ok	UAC/DATA/uac_952.spr
CMDS	uac_tar.z	240005	ok	UAC/DATA/uac_953.dat
CMDS	uac_tar.z	240005	ok	UAC/DATA/uac_953.dio
CMDS	uac_tar.z	240005	ok	UAC/DATA/uac_953.err
CMDS	uac_tar.z	240005	ok	UAC/DATA/uac_953.pio
CMDS	uac_tar.z	240005	ok	UAC/DATA/uac_953.spr
CMDS	uac_tar.z	240005	ok	UAC/DATA/uac_954.dat
CMDS	uac_tar.z	240005	ok	UAC/DATA/uac_954.dio
CMDS	uac_tar.z	240005	ok	UAC/DATA/uac_954.err
CMDS	uac_tar.z	240005	ok	UAC/DATA/uac_954.pio
CMDS	uac_tar.z	240005	ok	UAC/DATA/uac_954.spr
CMDS	uac_tar.z	240005	ok	UAC/DATA/uac_0.dat
CMDS	uac_tar.z	240005	ok	UAC/SYS
CMDS	uac_tar.z	240005	ok	UAC/SYS/.uacrc
CMDS	uac_tar.z	240005	ok	UAC/CMDS
CMDS	uac_tar.z	240005	ok	UAC/CMDS/UAC_view
CMDS	uac_tar.z	240005	ok	UAC/LOGS
CMDS	uac_tar.z	240005	ok	UAC/read.me
CMDS	umek9111.lzh	76848	ok	/dd/SYS/AllUmK.img
CMDS	umek9111.lzh	76848	ok	/dd/SYS/Chars.img
CMDS	umek9111.lzh	76848	ok	/dd/cmds/UMusEK
CMDS	upperdir.lzh	9524	ok	upperdir.bin.OS9
CMDS	upperdir.lzh	9524	ok	upperdir.bin.OSK
CMDS	upperdir.lzh	9524	ok	upperdir.c
CMDS	uudecode.t.Z	8938	ok	Makefile
CMDS	uudecode.t.Z	8938	ok	uud.c
CMDS	uudecode.t.Z	8938	ok	uue.c
CMDS	uustat.t.Z	10665	ok	Makefile
CMDS	uustat.t.Z	10665	ok	uustat.c
CMDS	uustat.t.Z	10665	ok	uustat.prf
CMDS	vi.TXT	1338	bare_file	vi.TXT
CMDS	vi.zip	125789	ok	ALLOC.C
CMDS	vi.zip	125789	ok	CMDLINE.C
CMDS	vi.zip	125789	ok	EDIT.C
CMDS	vi.zip	125789	ok	ENVEVAL.C
CMDS	vi.zip	125789	ok	FILEIO.C
CMDS	vi.zip	125789	ok	GENERAL.C
CMDS	vi.zip	125789	ok	HELP.C
CMDS	vi.zip	125789	ok	HEXCHARS.C
CMDS	vi.zip	125789	ok	LINEFUNC.C
CMDS	vi.zip	125789	ok	LOCDEFS.H
CMDS	vi.zip	125789	ok	LOCFUNCS.C
CMDS	vi.zip	125789	ok	MAIN.C
CMDS	vi.zip	125789	ok	MARK.C
CMDS	vi.zip	125789	ok	MISCCMDS.C
CMDS	vi.zip	125789	ok	MISCMDS.C
CMDS	vi.zip	125789	ok	NORMAL.C
CMDS	vi.zip	125789	ok	OPS.C
CMDS	vi.zip	125789	ok	PARAM.C
CMDS	vi.zip	125789	ok	PTRFUNC.C
CMDS	vi.zip	125789	ok	PVIC.H
CMDS	vi.zip	125789	ok	PVIC.MAK
CMDS	vi.zip	125789	ok	README.TXT
CMDS	vi.zip	125789	ok	REGEXP.C
CMDS	vi.zip	125789	ok	REGSUB.C
CMDS	vi.zip	125789	ok	SCREEN.C
CMDS	vi.zip	125789	ok	SEARCH.C
CMDS	vi.zip	125789	ok	SENTENCE.C
CMDS	vi.zip	125789	ok	SETENV.C
CMDS	vi.zip	125789	ok	TAGCMD.C
CMDS	vi.zip	125789	ok	TERMCAP.C
CMDS	vi.zip	125789	ok	TERMIN.C
CMDS	vi.zip	125789	ok	UNDO.C
CMDS	vi.zip	125789	ok	VI
GCC	README.first	1992	bare_file	README.first
GCC	cc1plus.lzh	377897	ok	cc1plus
GCC	collect.lzh	10859	ok	collect
GCC	defs.tar.Z	115263	ok	defs/
GCC	defs.tar.Z	115263	ok	defs/CC/
GCC	defs.tar.Z	115263	ok	defs/CC/_file.h
GCC	defs.tar.Z	115263	ok	defs/CC/_random.h
GCC	defs.tar.Z	115263	ok	defs/CC/_string.h
GCC	defs.tar.Z	115263	ok	defs/CC/acg.h
GCC	defs.tar.Z	115263	ok	defs/CC/allocring.h
GCC	defs.tar.Z	115263	ok	defs/CC/assert.h
GCC	defs.tar.Z	115263	ok	defs/CC/binomial.h
GCC	defs.tar.Z	115263	ok	defs/CC/bitset.h
GCC	defs.tar.Z	115263	ok	defs/CC/bitstring.h
GCC	defs.tar.Z	115263	ok	defs/CC/bool.h
GCC	defs.tar.Z	115263	ok	defs/CC/bstring.h
GCC	defs.tar.Z	115263	ok	defs/CC/builtin.h
GCC	defs.tar.Z	115263	ok	defs/CC/compare.h
GCC	defs.tar.Z	115263	ok	defs/CC/complex.h
GCC	defs.tar.Z	115263	ok	defs/CC/ctype.h
GCC	defs.tar.Z	115263	ok	defs/CC/curseswindow.h
GCC	defs.tar.Z	115263	ok	defs/CC/discreteuniform.h
GCC	defs.tar.Z	115263	ok	defs/CC/erlang.h
GCC	defs.tar.Z	115263	ok	defs/CC/errno.h
GCC	defs.tar.Z	115263	ok	defs/CC/fcntl.h
GCC	defs.tar.Z	115263	ok	defs/CC/file.h
GCC	defs.tar.Z	115263	ok	defs/CC/fix16.h
GCC	defs.tar.Z	115263	ok	defs/CC/fix24.h
GCC	defs.tar.Z	115263	ok	defs/CC/generic.h
GCC	defs.tar.Z	115263	ok	defs/CC/geometric.h
GCC	defs.tar.Z	115263	ok	defs/CC/getopt.h
GCC	defs.tar.Z	115263	ok	defs/CC/getpagesize.h
GCC	defs.tar.Z	115263	ok	defs/CC/grp.h
GCC	defs.tar.Z	115263	ok	defs/CC/hypergeometric.h
GCC	defs.tar.Z	115263	ok	defs/CC/incremental.h
GCC	defs.tar.Z	115263	ok	defs/CC/integer.h
GCC	defs.tar.Z	115263	ok	defs/CC/istream.h
GCC	defs.tar.Z	115263	ok	defs/CC/libc.h
GCC	defs.tar.Z	115263	ok	defs/CC/lognormal.h
GCC	defs.tar.Z	115263	ok	defs/CC/malloc.h
GCC	defs.tar.Z	115263	ok	defs/CC/math.h
GCC	defs.tar.Z	115263	ok	defs/CC/math_68881.h
GCC	defs.tar.Z	115263	ok	defs/CC/memory.h
GCC	defs.tar.Z	115263	ok	defs/CC/mlcg.h
GCC	defs.tar.Z	115263	ok	defs/CC/negativeexpntl.h
GCC	defs.tar.Z	115263	ok	defs/CC/new.h
GCC	defs.tar.Z	115263	ok	defs/CC/normal.h
GCC	defs.tar.Z	115263	ok	defs/CC/obstack.h
GCC	defs.tar.Z	115263	ok	defs/CC/osfcn.h
GCC	defs.tar.Z	115263	ok	defs/CC/ostream.h
GCC	defs.tar.Z	115263	ok	defs/CC/pix.h
GCC	defs.tar.Z	115263	ok	defs/CC/plotfile.h
GCC	defs.tar.Z	115263	ok	defs/CC/poisson.h
GCC	defs.tar.Z	115263	ok	defs/CC/pwd.h
GCC	defs.tar.Z	115263	ok	defs/CC/random.h
GCC	defs.tar.Z	115263	ok	defs/CC/randominteger.h
GCC	defs.tar.Z	115263	ok	defs/CC/randominterval.h
GCC	defs.tar.Z	115263	ok	defs/CC/randomrange.h
GCC	defs.tar.Z	115263	ok	defs/CC/rational.h
GCC	defs.tar.Z	115263	ok	defs/CC/regex.h
GCC	defs.tar.Z	115263	ok	defs/CC/rng.h
GCC	defs.tar.Z	115263	ok	defs/CC/samplehistogram.h
GCC	defs.tar.Z	115263	ok	defs/CC/samplestatistic.h
GCC	defs.tar.Z	115263	ok	defs/CC/setjmp.h
GCC	defs.tar.Z	115263	ok	defs/CC/sfile.h
GCC	defs.tar.Z	115263	ok	defs/CC/signal.h
GCC	defs.tar.Z	115263	ok	defs/CC/std.h
GCC	defs.tar.Z	115263	ok	defs/CC/stdarg.h
GCC	defs.tar.Z	115263	ok	defs/CC/stddef.h
GCC	defs.tar.Z	115263	ok	defs/CC/stdlib.h
GCC	defs.tar.Z	115263	ok	defs/CC/stream.h
GCC	defs.tar.Z	115263	ok	defs/CC/streambuf.h
GCC	defs.tar.Z	115263	ok	defs/CC/string.h
GCC	defs.tar.Z	115263	ok	defs/CC/time.h
GCC	defs.tar.Z	115263	ok	defs/CC/uniform.h
GCC	defs.tar.Z	115263	ok	defs/CC/unistd.h
GCC	defs.tar.Z	115263	ok	defs/CC/values.h
GCC	defs.tar.Z	115263	ok	defs/CC/weibull.h
GCC	defs.tar.Z	115263	ok	defs/CC/SYS/
GCC	defs.tar.Z	115263	ok	defs/CC/SYS/fcntl.h
GCC	defs.tar.Z	115263	ok	defs/CC/SYS/file.h
GCC	defs.tar.Z	115263	ok	defs/CC/SYS/param.h
GCC	defs.tar.Z	115263	ok	defs/CC/SYS/resource.h
GCC	defs.tar.Z	115263	ok	defs/CC/SYS/socket.h
GCC	defs.tar.Z	115263	ok	defs/CC/SYS/stat.h
GCC	defs.tar.Z	115263	ok	defs/CC/SYS/time.h
GCC	defs.tar.Z	115263	ok	defs/CC/SYS/times.h
GCC	defs.tar.Z	115263	ok	defs/CC/SYS/types.h
GCC	defs.tar.Z	115263	ok	defs/CC/SYS/wait.h
GCC	defs.tar.Z	115263	ok	defs/CC/stdio.h
GCC	defs.tar.Z	115263	ok	defs/CC/curses.h
GCC	defs.tar.Z	115263	ok	defs/CC/fix.h
GCC	gcc272.zip	1256443	ok	cc2
GCC	gcc272.zip	1256443	ok	collect
GCC	gcc272.zip	1256443	ok	cccp2
GCC	gcc272.zip	1256443	ok	cc2plus
GCC	gcc272.zip	1256443	ok	gcc2
GCC	gcc2_68060.zip	1230452	ok	gcc2
GCC	gcc2_68060.zip	1230452	ok	cc2plus
GCC	gcc2_68060.zip	1230452	ok	cc2
GCC	gcc2_68060.zip	1230452	ok	cccp2
GCC	gcc_1.42_cmds.lzh	266840	ok	cc1
GCC	gcc_1.42_cmds.lzh	266840	ok	cccp
GCC	gcc_1.42_cmds.lzh	266840	ok	gcc
GCC	gcc_2.5.6_cmds.lzh	555272	ok	cc2
GCC	gcc_2.5.6_cmds.lzh	555272	ok	cccp2
GCC	gcc_2.5.6_cmds.lzh	555272	ok	copying
GCC	gcc_2.5.6_cmds.lzh	555272	ok	gcc2
GCC	gcc_2.5.6_cmds.lzh	555272	ok	libgcc.l
GCC	gcc_2.5.6_cmds.lzh	555272	ok	libm040_2.l
GCC	gcc_2.5.6_cmds.lzh	555272	ok	math_68881.h
GCC	gcc_2.5.6_cmds.lzh	555272	ok	oskproto.h
GCC	gcc_2.5.6_cmds.lzh	555272	ok	stdarg.h
GCC	gcc_2.5.8_cmds.lzh	641342	ok	DEFS/GCC2/SYS/file.h
GCC	gcc_2.5.8_cmds.lzh	641342	ok	DEFS/GCC2/SYS/stat.h
GCC	gcc_2.5.8_cmds.lzh	641342	ok	DEFS/GCC2/_G_config.h
GCC	gcc_2.5.8_cmds.lzh	641342	ok	DEFS/GCC2/errno.h
GCC	gcc_2.5.8_cmds.lzh	641342	ok	DEFS/GCC2/math.h
GCC	gcc_2.5.8_cmds.lzh	641342	ok	DEFS/GCC2/stdarg.h
GCC	gcc_2.5.8_cmds.lzh	641342	ok	DEFS/GCC2/stdlib.h
GCC	gcc_2.5.8_cmds.lzh	641342	ok	DEFS/GCC2/string.h
GCC	gcc_2.5.8_cmds.lzh	641342	ok	DEFS/GCC2/math_68881.h
GCC	gcc_2.5.8_cmds.lzh	641342	ok	GNU/CMDS/cc2
GCC	gcc_2.5.8_cmds.lzh	641342	ok	GNU/CMDS/cccp2
GCC	gcc_2.5.8_cmds.lzh	641342	ok	GNU/CMDS/gcc2
GCC	gcc_2.5.8_cmds.lzh	641342	ok	GNU/CMDS/collect
GCC	gcc_2.5.8_cmds.lzh	641342	ok	GNU/readme.gcc2
GCC	gcc_2.5.8_cmds.lzh	641342	ok	GNU/copying.gcc2
GCC	gcc_2.5.8_cmds.lzh	641342	ok	LIB/libgcc.l
GCC	gcc_2.5.8_cmds.lzh	641342	ok	LIB/libm040_2.l
GCC	gclib.lzh	190925	ok	GNU/GCLIB/LIBGCC/L_adddf3.r
GCC	gclib.lzh	190925	ok	GNU/GCLIB/LIBGCC/L_addsf3.r
GCC	gclib.lzh	190925	ok	GNU/GCLIB/LIBGCC/L_ashlsi3.r
GCC	gclib.lzh	190925	ok	GNU/GCLIB/LIBGCC/L_ashrsi3.r
GCC	gclib.lzh	190925	ok	GNU/GCLIB/LIBGCC/L_divdf3.r
GCC	gclib.lzh	190925	ok	GNU/GCLIB/LIBGCC/L_divsf3.r
GCC	gclib.lzh	190925	ok	GNU/GCLIB/LIBGCC/L_divsi3.r
GCC	gclib.lzh	190925	ok	GNU/GCLIB/LIBGCC/L_eqdf2.r
GCC	gclib.lzh	190925	ok	GNU/GCLIB/LIBGCC/L_eqsf2.r
GCC	gclib.lzh	190925	ok	GNU/GCLIB/LIBGCC/L_extendsfdf2.r
GCC	gclib.lzh	190925	ok	GNU/GCLIB/LIBGCC/L_fixdfsi.r
GCC	gclib.lzh	190925	ok	GNU/GCLIB/LIBGCC/L_fixsfsi.r
GCC	gclib.lzh	190925	ok	GNU/GCLIB/LIBGCC/L_floatsidf.r
GCC	gclib.lzh	190925	ok	GNU/GCLIB/LIBGCC/L_floatsisf.r
GCC	gclib.lzh	190925	ok	GNU/GCLIB/LIBGCC/L_gedf2.r
GCC	gclib.lzh	190925	ok	GNU/GCLIB/LIBGCC/L_gesf2.r
GCC	gclib.lzh	190925	ok	GNU/GCLIB/LIBGCC/L_gtdf2.r
GCC	gclib.lzh	190925	ok	GNU/GCLIB/LIBGCC/L_gtsf2.r
GCC	gclib.lzh	190925	ok	GNU/GCLIB/LIBGCC/L_ledf2.r
GCC	gclib.lzh	190925	ok	GNU/GCLIB/LIBGCC/L_lesf2.r
GCC	gclib.lzh	190925	ok	GNU/GCLIB/LIBGCC/L_lshlsi3.r
GCC	gclib.lzh	190925	ok	GNU/GCLIB/LIBGCC/L_lshrsi3.r
GCC	gclib.lzh	190925	ok	GNU/GCLIB/LIBGCC/L_ltdf2.r
GCC	gclib.lzh	190925	ok	GNU/GCLIB/LIBGCC/L_ltsf2.r
GCC	gclib.lzh	190925	ok	GNU/GCLIB/LIBGCC/L_modsi3.r
GCC	gclib.lzh	190925	ok	GNU/GCLIB/LIBGCC/L_muldf3.r
GCC	gclib.lzh	190925	ok	GNU/GCLIB/LIBGCC/L_mulsf3.r
GCC	gclib.lzh	190925	ok	GNU/GCLIB/LIBGCC/L_mulsi3.r
GCC	gclib.lzh	190925	ok	GNU/GCLIB/LIBGCC/L_nedf2.r
GCC	gclib.lzh	190925	ok	GNU/GCLIB/LIBGCC/L_negdf2.r
GCC	gclib.lzh	190925	ok	GNU/GCLIB/LIBGCC/L_negsf2.r
GCC	gclib.lzh	190925	ok	GNU/GCLIB/LIBGCC/L_nesf2.r
GCC	gclib.lzh	190925	ok	GNU/GCLIB/LIBGCC/L_subdf3.r
GCC	gclib.lzh	190925	ok	GNU/GCLIB/LIBGCC/L_subsf3.r
GCC	gclib.lzh	190925	ok	GNU/GCLIB/LIBGCC/L_truncdfsf2.r
GCC	gclib.lzh	190925	ok	GNU/GCLIB/LIBGCC/L_udivsi3.r
GCC	gclib.lzh	190925	ok	GNU/GCLIB/LIBGCC/L_umodsi3.r
GCC	gclib.lzh	190925	ok	GNU/GCLIB/LIBGCC/__gcc_bcmp.r
GCC	gclib.lzh	190925	ok	GNU/GCLIB/LIBGCC/__main.r
GCC	gclib.lzh	190925	ok	GNU/GCLIB/LIBGCC/_ashldi3.r
GCC	gclib.lzh	190925	ok	GNU/GCLIB/LIBGCC/_ashrdi3.r
GCC	gclib.lzh	190925	ok	GNU/GCLIB/LIBGCC/_bb.r
GCC	gclib.lzh	190925	ok	GNU/GCLIB/LIBGCC/_clear_cache.r
GCC	gclib.lzh	190925	ok	GNU/GCLIB/LIBGCC/_cmpdi2.r
GCC	gclib.lzh	190925	ok	GNU/GCLIB/LIBGCC/_ctors.r
GCC	gclib.lzh	190925	ok	GNU/GCLIB/LIBGCC/_divdi3.r
GCC	gclib.lzh	190925	ok	GNU/GCLIB/LIBGCC/_eprintf.r
GCC	gclib.lzh	190925	ok	GNU/GCLIB/LIBGCC/_exit.r
GCC	gclib.lzh	190925	ok	GNU/GCLIB/LIBGCC/_ffsdi2.r
GCC	gclib.lzh	190925	ok	GNU/GCLIB/LIBGCC/_fixdfdi.r
GCC	gclib.lzh	190925	ok	GNU/GCLIB/LIBGCC/_fixsfdi.r
GCC	gclib.lzh	190925	ok	GNU/GCLIB/LIBGCC/_fixtfdi.r
GCC	gclib.lzh	190925	ok	GNU/GCLIB/LIBGCC/_fixunsdfdi.r
GCC	gclib.lzh	190925	ok	GNU/GCLIB/LIBGCC/_fixunsdfsi.r
GCC	gclib.lzh	190925	ok	GNU/GCLIB/LIBGCC/_fixunssfdi.r
GCC	gclib.lzh	190925	ok	GNU/GCLIB/LIBGCC/_fixunssfsi.r
GCC	gclib.lzh	190925	ok	GNU/GCLIB/LIBGCC/_fixunstfdi.r
GCC	gclib.lzh	190925	ok	GNU/GCLIB/LIBGCC/_fixunsxfdi.r
GCC	gclib.lzh	190925	ok	GNU/GCLIB/LIBGCC/_fixunsxfsi.r
GCC	gclib.lzh	190925	ok	GNU/GCLIB/LIBGCC/_fixxfdi.r
GCC	gclib.lzh	190925	ok	GNU/GCLIB/LIBGCC/_floatdidf.r
GCC	gclib.lzh	190925	ok	GNU/GCLIB/LIBGCC/_floatdisf.r
GCC	gclib.lzh	190925	ok	GNU/GCLIB/LIBGCC/_floatditf.r
GCC	gclib.lzh	190925	ok	GNU/GCLIB/LIBGCC/_floatdixf.r
GCC	gclib.lzh	190925	ok	GNU/GCLIB/LIBGCC/_lshldi3.r
GCC	gclib.lzh	190925	ok	GNU/GCLIB/LIBGCC/_lshrdi3.r
GCC	gclib.lzh	190925	ok	GNU/GCLIB/LIBGCC/_moddi3.r
GCC	gclib.lzh	190925	ok	GNU/GCLIB/LIBGCC/_muldi3.r
GCC	gclib.lzh	190925	ok	GNU/GCLIB/LIBGCC/_negdi2.r
GCC	gclib.lzh	190925	ok	GNU/GCLIB/LIBGCC/_new_handler.r
GCC	gclib.lzh	190925	ok	GNU/GCLIB/LIBGCC/_op_delete.r
GCC	gclib.lzh	190925	ok	GNU/GCLIB/LIBGCC/_op_new.r
GCC	gclib.lzh	190925	ok	GNU/GCLIB/LIBGCC/_shtab.r
GCC	gclib.lzh	190925	ok	GNU/GCLIB/LIBGCC/_ucmpdi2.r
GCC	gclib.lzh	190925	ok	GNU/GCLIB/LIBGCC/_udiv_w_sdiv.r
GCC	gclib.lzh	190925	ok	GNU/GCLIB/LIBGCC/_udivdi3.r
GCC	gclib.lzh	190925	ok	GNU/GCLIB/LIBGCC/_udivmoddi4.r
GCC	gclib.lzh	190925	ok	GNU/GCLIB/LIBGCC/_umoddi3.r
GCC	gclib.lzh	190925	ok	GNU/GCLIB/LIBGCC/_varargs.r
GCC	gclib.lzh	190925	ok	GNU/GCLIB/LIBGCC/alloca.r
GCC	gclib.lzh	190925	ok	GNU/GCLIB/LIBGCC/_tidyup.r
GCC	gclib.lzh	190925	ok	GNU/GCLIB/GCLIB000/_julian.r
GCC	gclib.lzh	190925	ok	GNU/GCLIB/GCLIB000/_sysdate.r
GCC	gclib.lzh	190925	ok	GNU/GCLIB/GCLIB000/getime.r
GCC	gclib.lzh	190925	ok	GNU/GCLIB/GCLIB000/setime.r
GCC	gclib.lzh	190925	ok	GNU/GCLIB/GCLIB000/modlink.r
GCC	gclib.lzh	190925	ok	GNU/GCLIB/GCLIB000/munlink.r
GCC	gclib.lzh	190925	ok	GNU/GCLIB/GCLIB000/munload.r
GCC	gclib.lzh	190925	ok	GNU/GCLIB/GCLIB000/modload.r
GCC	gclib.lzh	190925	ok	GNU/GCLIB/GCLIB000/chdir.r
GCC	gclib.lzh	190925	ok	GNU/GCLIB/GCLIB000/chxdir.r
GCC	gclib.lzh	190925	ok	GNU/GCLIB/GCLIB000/chain.r
GCC	gclib.lzh	190925	ok	GNU/GCLIB/GCLIB000/chainc.r
GCC	gclib.lzh	190925	ok	GNU/GCLIB/GCLIB000/kill.r
GCC	gclib.lzh	190925	ok	GNU/GCLIB/GCLIB000/os9fork.r
GCC	gclib.lzh	190925	ok	GNU/GCLIB/GCLIB000/os9forkc.r
GCC	gclib.lzh	190925	ok	GNU/GCLIB/GCLIB000/setpr.r
GCC	gclib.lzh	190925	ok	GNU/GCLIB/GCLIB000/wait.r
GCC	gclib.lzh	190925	ok	GNU/GCLIB/GCLIB000/setuid.r
GCC	gclib.lzh	190925	ok	GNU/GCLIB/GCLIB000/getuid.r
GCC	gclib.lzh	190925	ok	GNU/GCLIB/GCLIB000/getpid.r
GCC	gclib.lzh	190925	ok	GNU/GCLIB/GCLIB000/intercept.r
GCC	gclib.lzh	190925	ok	GNU/GCLIB/GCLIB000/chown.r
GCC	gclib.lzh	190925	ok	GNU/GCLIB/GCLIB000/chmod.r
GCC	gclib.lzh	190925	ok	GNU/GCLIB/GCLIB000/getcwd.r
GCC	gclib.lzh	190925	ok	GNU/GCLIB/GCLIB020/_julian.r
GCC	gclib.lzh	190925	ok	GNU/GCLIB/GCLIB020/_sysdate.r
GCC	gclib.lzh	190925	ok	GNU/GCLIB/GCLIB020/getime.r
GCC	gclib.lzh	190925	ok	GNU/GCLIB/GCLIB020/setime.r
GCC	gclib.lzh	190925	ok	GNU/GCLIB/GCLIB020/getcwd.r
GCC	gclib.lzh	190925	ok	GNU/GCLIB/GCLIB020/modlink.r
GCC	gclib.lzh	190925	ok	GNU/GCLIB/GCLIB020/munlink.r
GCC	gclib.lzh	190925	ok	GNU/GCLIB/GCLIB020/munload.r
GCC	gclib.lzh	190925	ok	GNU/GCLIB/GCLIB020/modload.r
GCC	gclib.lzh	190925	ok	GNU/GCLIB/GCLIB020/chdir.r
GCC	gclib.lzh	190925	ok	GNU/GCLIB/GCLIB020/chxdir.r
GCC	gclib.lzh	190925	ok	GNU/GCLIB/GCLIB020/chain.r
GCC	gclib.lzh	190925	ok	GNU/GCLIB/GCLIB020/chainc.r
GCC	gclib.lzh	190925	ok	GNU/GCLIB/GCLIB020/kill.r
GCC	gclib.lzh	190925	ok	GNU/GCLIB/GCLIB020/os9fork.r
GCC	gclib.lzh	190925	ok	GNU/GCLIB/GCLIB020/os9forkc.r
GCC	gclib.lzh	190925	ok	GNU/GCLIB/GCLIB020/setpr.r
GCC	gclib.lzh	190925	ok	GNU/GCLIB/GCLIB020/wait.r
GCC	gclib.lzh	190925	ok	GNU/GCLIB/GCLIB020/setuid.r
GCC	gclib.lzh	190925	ok	GNU/GCLIB/GCLIB020/getuid.r
GCC	gclib.lzh	190925	ok	GNU/GCLIB/GCLIB020/getpid.r
GCC	gclib.lzh	190925	ok	GNU/GCLIB/GCLIB020/intercept.r
GCC	gclib.lzh	190925	ok	GNU/GCLIB/GCLIB020/chown.r
GCC	gclib.lzh	190925	ok	GNU/GCLIB/GCLIB020/chmod.r
GCC	gclib.lzh	190925	ok	GNU/GCLIB/GCLIB881/_julian.r
GCC	gclib.lzh	190925	ok	GNU/GCLIB/GCLIB881/_sysdate.r
GCC	gclib.lzh	190925	ok	GNU/GCLIB/GCLIB881/getime.r
GCC	gclib.lzh	190925	ok	GNU/GCLIB/GCLIB881/setime.r
GCC	gclib.lzh	190925	ok	GNU/GCLIB/GCLIB881/getcwd.r
GCC	gclib.lzh	190925	ok	GNU/GCLIB/GCLIB881/modlink.r
GCC	gclib.lzh	190925	ok	GNU/GCLIB/GCLIB881/munlink.r
GCC	gclib.lzh	190925	ok	GNU/GCLIB/GCLIB881/munload.r
GCC	gclib.lzh	190925	ok	GNU/GCLIB/GCLIB881/modload.r
GCC	gclib.lzh	190925	ok	GNU/GCLIB/GCLIB881/chdir.r
GCC	gclib.lzh	190925	ok	GNU/GCLIB/GCLIB881/chxdir.r
GCC	gclib.lzh	190925	ok	GNU/GCLIB/GCLIB881/chain.r
GCC	gclib.lzh	190925	ok	GNU/GCLIB/GCLIB881/chainc.r
GCC	gclib.lzh	190925	ok	GNU/GCLIB/GCLIB881/kill.r
GCC	gclib.lzh	190925	ok	GNU/GCLIB/GCLIB881/os9fork.r
GCC	gclib.lzh	190925	ok	GNU/GCLIB/GCLIB881/os9forkc.r
GCC	gclib.lzh	190925	ok	GNU/GCLIB/GCLIB881/setpr.r
GCC	gclib.lzh	190925	ok	GNU/GCLIB/GCLIB881/wait.r
GCC	gclib.lzh	190925	ok	GNU/GCLIB/GCLIB881/setuid.r
GCC	gclib.lzh	190925	ok	GNU/GCLIB/GCLIB881/getuid.r
GCC	gclib.lzh	190925	ok	GNU/GCLIB/GCLIB881/getpid.r
GCC	gclib.lzh	190925	ok	GNU/GCLIB/GCLIB881/intercept.r
GCC	gclib.lzh	190925	ok	GNU/GCLIB/GCLIB881/chown.r
GCC	gclib.lzh	190925	ok	GNU/GCLIB/GCLIB881/chmod.r
GCC	gclib.lzh	190925	ok	GNU/GCLIB/LIBIO000/floatconv.r
GCC	gclib.lzh	190925	ok	GNU/GCLIB/LIBIO000/fileops.r
GCC	gclib.lzh	190925	ok	GNU/GCLIB/LIBIO000/iovfprintf.r
GCC	gclib.lzh	190925	ok	GNU/GCLIB/LIBIO000/iovfscanf.r
GCC	gclib.lzh	190925	ok	GNU/GCLIB/LIBIO000/ioignore.r
GCC	gclib.lzh	190925	ok	GNU/GCLIB/LIBIO000/iopadn.r
GCC	gclib.lzh	190925	ok	GNU/GCLIB/LIBIO000/iofgetpos.r
GCC	gclib.lzh	190925	ok	GNU/GCLIB/LIBIO000/iofread.r
GCC	gclib.lzh	190925	ok	GNU/GCLIB/LIBIO000/iofscanf.r
GCC	gclib.lzh	190925	ok	GNU/GCLIB/LIBIO000/iofsetpos.r
GCC	gclib.lzh	190925	ok	GNU/GCLIB/LIBIO000/iogetline.r
GCC	gclib.lzh	190925	ok	GNU/GCLIB/LIBIO000/ioprintf.r
GCC	gclib.lzh	190925	ok	GNU/GCLIB/LIBIO000/ioseekoff.r
GCC	gclib.lzh	190925	ok	GNU/GCLIB/LIBIO000/ioseekpos.r
GCC	gclib.lzh	190925	ok	GNU/GCLIB/LIBIO000/outfloat.r
GCC	gclib.lzh	190925	ok	GNU/GCLIB/LIBIO000/strops.r
GCC	gclib.lzh	190925	ok	GNU/GCLIB/LIBIO000/iofclose.r
GCC	gclib.lzh	190925	ok	GNU/GCLIB/LIBIO000/iopopen.r
GCC	gclib.lzh	190925	ok	GNU/GCLIB/LIBIO000/ioungetc.r
GCC	gclib.lzh	190925	ok	GNU/GCLIB/LIBIO000/stat.r
GCC	gclib.lzh	190925	ok	GNU/GCLIB/LIBIO000/strerror.r
GCC	gclib.lzh	190925	ok	GNU/GCLIB/LIBIO000/syserr.r
GCC	gclib.lzh	190925	ok	GNU/GCLIB/LIBIO000/osk.r
GCC	gclib.lzh	190925	ok	GNU/GCLIB/LIBIO000/iofdopen.r
GCC	gclib.lzh	190925	ok	GNU/GCLIB/LIBIO000/iofflush.r
GCC	gclib.lzh	190925	ok	GNU/GCLIB/LIBIO000/iofgets.r
GCC	gclib.lzh	190925	ok	GNU/GCLIB/LIBIO000/iofopen.r
GCC	gclib.lzh	190925	ok	GNU/GCLIB/LIBIO000/iofprintf.r
GCC	gclib.lzh	190925	ok	GNU/GCLIB/LIBIO000/iofputs.r
GCC	gclib.lzh	190925	ok	GNU/GCLIB/LIBIO000/iofwrite.r
GCC	gclib.lzh	190925	ok	GNU/GCLIB/LIBIO000/iogets.r
GCC	gclib.lzh	190925	ok	GNU/GCLIB/LIBIO000/ioperror.r
GCC	gclib.lzh	190925	ok	GNU/GCLIB/LIBIO000/ioputs.r
GCC	gclib.lzh	190925	ok	GNU/GCLIB/LIBIO000/ioscanf.r
GCC	gclib.lzh	190925	ok	GNU/GCLIB/LIBIO000/iosetbuffer.r
GCC	gclib.lzh	190925	ok	GNU/GCLIB/LIBIO000/iosetvbuf.r
GCC	gclib.lzh	190925	ok	GNU/GCLIB/LIBIO000/iosprintf.r
GCC	gclib.lzh	190925	ok	GNU/GCLIB/LIBIO000/iosscanf.r
GCC	gclib.lzh	190925	ok	GNU/GCLIB/LIBIO000/ioftell.r
GCC	gclib.lzh	190925	ok	GNU/GCLIB/LIBIO000/iovsprintf.r
GCC	gclib.lzh	190925	ok	GNU/GCLIB/LIBIO000/iovsscanf.r
GCC	gclib.lzh	190925	ok	GNU/GCLIB/LIBIO000/ioprims.r
GCC	gclib.lzh	190925	ok	GNU/GCLIB/LIBIO000/iostrerror.r
GCC	gclib.lzh	190925	ok	GNU/GCLIB/LIBIO000/cleanup.r
GCC	gclib.lzh	190925	ok	GNU/GCLIB/LIBIO000/clearerr.r
GCC	gclib.lzh	190925	ok	GNU/GCLIB/LIBIO000/fdopen.r
GCC	gclib.lzh	190925	ok	GNU/GCLIB/LIBIO000/feof.r
GCC	gclib.lzh	190925	ok	GNU/GCLIB/LIBIO000/ferror.r
GCC	gclib.lzh	190925	ok	GNU/GCLIB/LIBIO000/fgetc.r
GCC	gclib.lzh	190925	ok	GNU/GCLIB/LIBIO000/fileno.r
GCC	gclib.lzh	190925	ok	GNU/GCLIB/LIBIO000/fputc.r
GCC	gclib.lzh	190925	ok	GNU/GCLIB/LIBIO000/freopen.r
GCC	gclib.lzh	190925	ok	GNU/GCLIB/LIBIO000/fseek.r
GCC	gclib.lzh	190925	ok	GNU/GCLIB/LIBIO000/getc.r
GCC	gclib.lzh	190925	ok	GNU/GCLIB/LIBIO000/getchar.r
GCC	gclib.lzh	190925	ok	GNU/GCLIB/LIBIO000/getw.r
GCC	gclib.lzh	190925	ok	GNU/GCLIB/LIBIO000/ungetc.r
GCC	gclib.lzh	190925	ok	GNU/GCLIB/LIBIO000/popen.r
GCC	gclib.lzh	190925	ok	GNU/GCLIB/LIBIO000/putc.r
GCC	gclib.lzh	190925	ok	GNU/GCLIB/LIBIO000/putchar.r
GCC	gclib.lzh	190925	ok	GNU/GCLIB/LIBIO000/putw.r
GCC	gclib.lzh	190925	ok	GNU/GCLIB/LIBIO000/rewind.r
GCC	gclib.lzh	190925	ok	GNU/GCLIB/LIBIO000/setbuf.r
GCC	gclib.lzh	190925	ok	GNU/GCLIB/LIBIO000/setfileno.r
GCC	gclib.lzh	190925	ok	GNU/GCLIB/LIBIO000/setlinebuf.r
GCC	gclib.lzh	190925	ok	GNU/GCLIB/LIBIO000/vfprintf.r
GCC	gclib.lzh	190925	ok	GNU/GCLIB/LIBIO000/vfscanf.r
GCC	gclib.lzh	190925	ok	GNU/GCLIB/LIBIO000/vprintf.r
GCC	gclib.lzh	190925	ok	GNU/GCLIB/LIBIO000/vscanf.r
GCC	gclib.lzh	190925	ok	GNU/GCLIB/LIBIO000/fopen.r
GCC	gclib.lzh	190925	ok	GNU/GCLIB/LIBIO000/fclose.r
GCC	gclib.lzh	190925	ok	GNU/GCLIB/LIBIO000/perror.r
GCC	gclib.lzh	190925	ok	GNU/GCLIB/LIBIO000/iobinit.r
GCC	gclib.lzh	190925	ok	GNU/GCLIB/LIBIO000/strtod.r
GCC	gclib.lzh	190925	ok	GNU/GCLIB/LIBIO000/fputs.r
GCC	gclib.lzh	190925	ok	GNU/GCLIB/LIBIO000/gets.r
GCC	gclib.lzh	190925	ok	GNU/GCLIB/LIBIO000/fflush.r
GCC	gclib.lzh	190925	ok	GNU/GCLIB/LIBIO000/ftell.r
GCC	gclib.lzh	190925	ok	GNU/GCLIB/LIBIO000/fread.r
GCC	gclib.lzh	190925	ok	GNU/GCLIB/LIBIO000/fwrite.r
GCC	gclib.lzh	190925	ok	GNU/GCLIB/LIBIO000/scanf.r
GCC	gclib.lzh	190925	ok	GNU/GCLIB/LIBIO000/sscanf.r
GCC	gclib.lzh	190925	ok	GNU/GCLIB/LIBIO000/fscanf.r
GCC	gclib.lzh	190925	ok	GNU/GCLIB/LIBIO000/printf.r
GCC	gclib.lzh	190925	ok	GNU/GCLIB/LIBIO000/fprintf.r
GCC	gclib.lzh	190925	ok	GNU/GCLIB/LIBIO000/sprintf.r
GCC	gclib.lzh	190925	ok	GNU/GCLIB/LIBIO000/puts.r
GCC	gclib.lzh	190925	ok	GNU/GCLIB/LIBIO000/fgets.r
GCC	gclib.lzh	190925	ok	GNU/GCLIB/LIBIO000/vsprintf.r
GCC	gclib.lzh	190925	ok	GNU/GCLIB/LIBIO020/floatconv.r
GCC	gclib.lzh	190925	ok	GNU/GCLIB/LIBIO020/fileops.r
GCC	gclib.lzh	190925	ok	GNU/GCLIB/LIBIO020/iovfprintf.r
GCC	gclib.lzh	190925	ok	GNU/GCLIB/LIBIO020/iovfscanf.r
GCC	gclib.lzh	190925	ok	GNU/GCLIB/LIBIO020/ioignore.r
GCC	gclib.lzh	190925	ok	GNU/GCLIB/LIBIO020/iopadn.r
GCC	gclib.lzh	190925	ok	GNU/GCLIB/LIBIO020/iofgetpos.r
GCC	gclib.lzh	190925	ok	GNU/GCLIB/LIBIO020/iofread.r
GCC	gclib.lzh	190925	ok	GNU/GCLIB/LIBIO020/iofscanf.r
GCC	gclib.lzh	190925	ok	GNU/GCLIB/LIBIO020/iofsetpos.r
GCC	gclib.lzh	190925	ok	GNU/GCLIB/LIBIO020/iogetline.r
GCC	gclib.lzh	190925	ok	GNU/GCLIB/LIBIO020/ioprintf.r
GCC	gclib.lzh	190925	ok	GNU/GCLIB/LIBIO020/ioseekoff.r
GCC	gclib.lzh	190925	ok	GNU/GCLIB/LIBIO020/ioseekpos.r
GCC	gclib.lzh	190925	ok	GNU/GCLIB/LIBIO020/outfloat.r
GCC	gclib.lzh	190925	ok	GNU/GCLIB/LIBIO020/strops.r
GCC	gclib.lzh	190925	ok	GNU/GCLIB/LIBIO020/iofclose.r
GCC	gclib.lzh	190925	ok	GNU/GCLIB/LIBIO020/iopopen.r
GCC	gclib.lzh	190925	ok	GNU/GCLIB/LIBIO020/ioungetc.r
GCC	gclib.lzh	190925	ok	GNU/GCLIB/LIBIO020/stat.r
GCC	gclib.lzh	190925	ok	GNU/GCLIB/LIBIO020/strerror.r
GCC	gclib.lzh	190925	ok	GNU/GCLIB/LIBIO020/syserr.r
GCC	gclib.lzh	190925	ok	GNU/GCLIB/LIBIO020/osk.r
GCC	gclib.lzh	190925	ok	GNU/GCLIB/LIBIO020/iofdopen.r
GCC	gclib.lzh	190925	ok	GNU/GCLIB/LIBIO020/iofflush.r
GCC	gclib.lzh	190925	ok	GNU/GCLIB/LIBIO020/iofgets.r
GCC	gclib.lzh	190925	ok	GNU/GCLIB/LIBIO020/iofopen.r
GCC	gclib.lzh	190925	ok	GNU/GCLIB/LIBIO020/iofprintf.r
GCC	gclib.lzh	190925	ok	GNU/GCLIB/LIBIO020/iofputs.r
GCC	gclib.lzh	190925	ok	GNU/GCLIB/LIBIO020/iofwrite.r
GCC	gclib.lzh	190925	ok	GNU/GCLIB/LIBIO020/iogets.r
GCC	gclib.lzh	190925	ok	GNU/GCLIB/LIBIO020/ioperror.r
GCC	gclib.lzh	190925	ok	GNU/GCLIB/LIBIO020/ioputs.r
GCC	gclib.lzh	190925	ok	GNU/GCLIB/LIBIO020/ioscanf.r
GCC	gclib.lzh	190925	ok	GNU/GCLIB/LIBIO020/iosetbuffer.r
GCC	gclib.lzh	190925	ok	GNU/GCLIB/LIBIO020/iosetvbuf.r
GCC	gclib.lzh	190925	ok	GNU/GCLIB/LIBIO020/iosprintf.r
GCC	gclib.lzh	190925	ok	GNU/GCLIB/LIBIO020/iosscanf.r
GCC	gclib.lzh	190925	ok	GNU/GCLIB/LIBIO020/ioftell.r
GCC	gclib.lzh	190925	ok	GNU/GCLIB/LIBIO020/iovsprintf.r
GCC	gclib.lzh	190925	ok	GNU/GCLIB/LIBIO020/iovsscanf.r
GCC	gclib.lzh	190925	ok	GNU/GCLIB/LIBIO020/ioprims.r
GCC	gclib.lzh	190925	ok	GNU/GCLIB/LIBIO020/iostrerror.r
GCC	gclib.lzh	190925	ok	GNU/GCLIB/LIBIO020/cleanup.r
GCC	gclib.lzh	190925	ok	GNU/GCLIB/LIBIO020/clearerr.r
GCC	gclib.lzh	190925	ok	GNU/GCLIB/LIBIO020/fdopen.r
GCC	gclib.lzh	190925	ok	GNU/GCLIB/LIBIO020/feof.r
GCC	gclib.lzh	190925	ok	GNU/GCLIB/LIBIO020/ferror.r
GCC	gclib.lzh	190925	ok	GNU/GCLIB/LIBIO020/fgetc.r
GCC	gclib.lzh	190925	ok	GNU/GCLIB/LIBIO020/fileno.r
GCC	gclib.lzh	190925	ok	GNU/GCLIB/LIBIO020/fputc.r
GCC	gclib.lzh	190925	ok	GNU/GCLIB/LIBIO020/freopen.r
GCC	gclib.lzh	190925	ok	GNU/GCLIB/LIBIO020/fseek.r
GCC	gclib.lzh	190925	ok	GNU/GCLIB/LIBIO020/getc.r
GCC	gclib.lzh	190925	ok	GNU/GCLIB/LIBIO020/getchar.r
GCC	gclib.lzh	190925	ok	GNU/GCLIB/LIBIO020/getw.r
GCC	gclib.lzh	190925	ok	GNU/GCLIB/LIBIO020/ungetc.r
GCC	gclib.lzh	190925	ok	GNU/GCLIB/LIBIO020/popen.r
GCC	gclib.lzh	190925	ok	GNU/GCLIB/LIBIO020/putc.r
GCC	gclib.lzh	190925	ok	GNU/GCLIB/LIBIO020/putchar.r
GCC	gclib.lzh	190925	ok	GNU/GCLIB/LIBIO020/putw.r
GCC	gclib.lzh	190925	ok	GNU/GCLIB/LIBIO020/rewind.r
GCC	gclib.lzh	190925	ok	GNU/GCLIB/LIBIO020/setbuf.r
GCC	gclib.lzh	190925	ok	GNU/GCLIB/LIBIO020/setfileno.r
GCC	gclib.lzh	190925	ok	GNU/GCLIB/LIBIO020/setlinebuf.r
GCC	gclib.lzh	190925	ok	GNU/GCLIB/LIBIO020/vfprintf.r
GCC	gclib.lzh	190925	ok	GNU/GCLIB/LIBIO020/vfscanf.r
GCC	gclib.lzh	190925	ok	GNU/GCLIB/LIBIO020/vprintf.r
GCC	gclib.lzh	190925	ok	GNU/GCLIB/LIBIO020/vscanf.r
GCC	gclib.lzh	190925	ok	GNU/GCLIB/LIBIO020/fopen.r
GCC	gclib.lzh	190925	ok	GNU/GCLIB/LIBIO020/fclose.r
GCC	gclib.lzh	190925	ok	GNU/GCLIB/LIBIO020/perror.r
GCC	gclib.lzh	190925	ok	GNU/GCLIB/LIBIO020/iobinit.r
GCC	gclib.lzh	190925	ok	GNU/GCLIB/LIBIO020/strtod.r
GCC	gclib.lzh	190925	ok	GNU/GCLIB/LIBIO020/fputs.r
GCC	gclib.lzh	190925	ok	GNU/GCLIB/LIBIO020/gets.r
GCC	gclib.lzh	190925	ok	GNU/GCLIB/LIBIO020/fflush.r
GCC	gclib.lzh	190925	ok	GNU/GCLIB/LIBIO020/ftell.r
GCC	gclib.lzh	190925	ok	GNU/GCLIB/LIBIO020/fread.r
GCC	gclib.lzh	190925	ok	GNU/GCLIB/LIBIO020/fwrite.r
GCC	gclib.lzh	190925	ok	GNU/GCLIB/LIBIO020/scanf.r
GCC	gclib.lzh	190925	ok	GNU/GCLIB/LIBIO020/sscanf.r
GCC	gclib.lzh	190925	ok	GNU/GCLIB/LIBIO020/fscanf.r
GCC	gclib.lzh	190925	ok	GNU/GCLIB/LIBIO020/printf.r
GCC	gclib.lzh	190925	ok	GNU/GCLIB/LIBIO020/fprintf.r
GCC	gclib.lzh	190925	ok	GNU/GCLIB/LIBIO020/sprintf.r
GCC	gclib.lzh	190925	ok	GNU/GCLIB/LIBIO020/puts.r
GCC	gclib.lzh	190925	ok	GNU/GCLIB/LIBIO020/fgets.r
GCC	gclib.lzh	190925	ok	GNU/GCLIB/LIBIO020/vsprintf.r
GCC	gclib.lzh	190925	ok	GNU/GCLIB/LIBIO881/floatconv.r
GCC	gclib.lzh	190925	ok	GNU/GCLIB/LIBIO881/fileops.r
GCC	gclib.lzh	190925	ok	GNU/GCLIB/LIBIO881/iovfprintf.r
GCC	gclib.lzh	190925	ok	GNU/GCLIB/LIBIO881/iovfscanf.r
GCC	gclib.lzh	190925	ok	GNU/GCLIB/LIBIO881/ioignore.r
GCC	gclib.lzh	190925	ok	GNU/GCLIB/LIBIO881/iopadn.r
GCC	gclib.lzh	190925	ok	GNU/GCLIB/LIBIO881/iofgetpos.r
GCC	gclib.lzh	190925	ok	GNU/GCLIB/LIBIO881/iofread.r
GCC	gclib.lzh	190925	ok	GNU/GCLIB/LIBIO881/iofscanf.r
GCC	gclib.lzh	190925	ok	GNU/GCLIB/LIBIO881/iofsetpos.r
GCC	gclib.lzh	190925	ok	GNU/GCLIB/LIBIO881/iogetline.r
GCC	gclib.lzh	190925	ok	GNU/GCLIB/LIBIO881/ioprintf.r
GCC	gclib.lzh	190925	ok	GNU/GCLIB/LIBIO881/ioseekoff.r
GCC	gclib.lzh	190925	ok	GNU/GCLIB/LIBIO881/ioseekpos.r
GCC	gclib.lzh	190925	ok	GNU/GCLIB/LIBIO881/outfloat.r
GCC	gclib.lzh	190925	ok	GNU/GCLIB/LIBIO881/strops.r
GCC	gclib.lzh	190925	ok	GNU/GCLIB/LIBIO881/iofclose.r
GCC	gclib.lzh	190925	ok	GNU/GCLIB/LIBIO881/iopopen.r
GCC	gclib.lzh	190925	ok	GNU/GCLIB/LIBIO881/ioungetc.r
GCC	gclib.lzh	190925	ok	GNU/GCLIB/LIBIO881/stat.r
GCC	gclib.lzh	190925	ok	GNU/GCLIB/LIBIO881/strerror.r
GCC	gclib.lzh	190925	ok	GNU/GCLIB/LIBIO881/syserr.r
GCC	gclib.lzh	190925	ok	GNU/GCLIB/LIBIO881/osk.r
GCC	gclib.lzh	190925	ok	GNU/GCLIB/LIBIO881/iofdopen.r
GCC	gclib.lzh	190925	ok	GNU/GCLIB/LIBIO881/iofflush.r
GCC	gclib.lzh	190925	ok	GNU/GCLIB/LIBIO881/iofgets.r
GCC	gclib.lzh	190925	ok	GNU/GCLIB/LIBIO881/iofopen.r
GCC	gclib.lzh	190925	ok	GNU/GCLIB/LIBIO881/iofprintf.r
GCC	gclib.lzh	190925	ok	GNU/GCLIB/LIBIO881/iofputs.r
GCC	gclib.lzh	190925	ok	GNU/GCLIB/LIBIO881/iofwrite.r
GCC	gclib.lzh	190925	ok	GNU/GCLIB/LIBIO881/iogets.r
GCC	gclib.lzh	190925	ok	GNU/GCLIB/LIBIO881/ioperror.r
GCC	gclib.lzh	190925	ok	GNU/GCLIB/LIBIO881/ioputs.r
GCC	gclib.lzh	190925	ok	GNU/GCLIB/LIBIO881/ioscanf.r
GCC	gclib.lzh	190925	ok	GNU/GCLIB/LIBIO881/iosetbuffer.r
GCC	gclib.lzh	190925	ok	GNU/GCLIB/LIBIO881/iosetvbuf.r
GCC	gclib.lzh	190925	ok	GNU/GCLIB/LIBIO881/iosprintf.r
GCC	gclib.lzh	190925	ok	GNU/GCLIB/LIBIO881/iosscanf.r
GCC	gclib.lzh	190925	ok	GNU/GCLIB/LIBIO881/ioftell.r
GCC	gclib.lzh	190925	ok	GNU/GCLIB/LIBIO881/iovsprintf.r
GCC	gclib.lzh	190925	ok	GNU/GCLIB/LIBIO881/iovsscanf.r
GCC	gclib.lzh	190925	ok	GNU/GCLIB/LIBIO881/ioprims.r
GCC	gclib.lzh	190925	ok	GNU/GCLIB/LIBIO881/iostrerror.r
GCC	gclib.lzh	190925	ok	GNU/GCLIB/LIBIO881/cleanup.r
GCC	gclib.lzh	190925	ok	GNU/GCLIB/LIBIO881/clearerr.r
GCC	gclib.lzh	190925	ok	GNU/GCLIB/LIBIO881/fdopen.r
GCC	gclib.lzh	190925	ok	GNU/GCLIB/LIBIO881/feof.r
GCC	gclib.lzh	190925	ok	GNU/GCLIB/LIBIO881/ferror.r
GCC	gclib.lzh	190925	ok	GNU/GCLIB/LIBIO881/fgetc.r
GCC	gclib.lzh	190925	ok	GNU/GCLIB/LIBIO881/fileno.r
GCC	gclib.lzh	190925	ok	GNU/GCLIB/LIBIO881/fputc.r
GCC	gclib.lzh	190925	ok	GNU/GCLIB/LIBIO881/freopen.r
GCC	gclib.lzh	190925	ok	GNU/GCLIB/LIBIO881/fseek.r
GCC	gclib.lzh	190925	ok	GNU/GCLIB/LIBIO881/getc.r
GCC	gclib.lzh	190925	ok	GNU/GCLIB/LIBIO881/getchar.r
GCC	gclib.lzh	190925	ok	GNU/GCLIB/LIBIO881/getw.r
GCC	gclib.lzh	190925	ok	GNU/GCLIB/LIBIO881/ungetc.r
GCC	gclib.lzh	190925	ok	GNU/GCLIB/LIBIO881/popen.r
GCC	gclib.lzh	190925	ok	GNU/GCLIB/LIBIO881/putc.r
GCC	gclib.lzh	190925	ok	GNU/GCLIB/LIBIO881/putchar.r
GCC	gclib.lzh	190925	ok	GNU/GCLIB/LIBIO881/putw.r
GCC	gclib.lzh	190925	ok	GNU/GCLIB/LIBIO881/rewind.r
GCC	gclib.lzh	190925	ok	GNU/GCLIB/LIBIO881/setbuf.r
GCC	gclib.lzh	190925	ok	GNU/GCLIB/LIBIO881/setfileno.r
GCC	gclib.lzh	190925	ok	GNU/GCLIB/LIBIO881/setlinebuf.r
GCC	gclib.lzh	190925	ok	GNU/GCLIB/LIBIO881/vfprintf.r
GCC	gclib.lzh	190925	ok	GNU/GCLIB/LIBIO881/vfscanf.r
GCC	gclib.lzh	190925	ok	GNU/GCLIB/LIBIO881/vprintf.r
GCC	gclib.lzh	190925	ok	GNU/GCLIB/LIBIO881/vscanf.r
GCC	gclib.lzh	190925	ok	GNU/GCLIB/LIBIO881/fopen.r
GCC	gclib.lzh	190925	ok	GNU/GCLIB/LIBIO881/fclose.r
GCC	gclib.lzh	190925	ok	GNU/GCLIB/LIBIO881/perror.r
GCC	gclib.lzh	190925	ok	GNU/GCLIB/LIBIO881/iobinit.r
GCC	gclib.lzh	190925	ok	GNU/GCLIB/LIBIO881/strtod.r
GCC	gclib.lzh	190925	ok	GNU/GCLIB/LIBIO881/fputs.r
GCC	gclib.lzh	190925	ok	GNU/GCLIB/LIBIO881/gets.r
GCC	gclib.lzh	190925	ok	GNU/GCLIB/LIBIO881/fflush.r
GCC	gclib.lzh	190925	ok	GNU/GCLIB/LIBIO881/ftell.r
GCC	gclib.lzh	190925	ok	GNU/GCLIB/LIBIO881/fread.r
GCC	gclib.lzh	190925	ok	GNU/GCLIB/LIBIO881/fwrite.r
GCC	gclib.lzh	190925	ok	GNU/GCLIB/LIBIO881/scanf.r
GCC	gclib.lzh	190925	ok	GNU/GCLIB/LIBIO881/sscanf.r
GCC	gclib.lzh	190925	ok	GNU/GCLIB/LIBIO881/fscanf.r
GCC	gclib.lzh	190925	ok	GNU/GCLIB/LIBIO881/printf.r
GCC	gclib.lzh	190925	ok	GNU/GCLIB/LIBIO881/fprintf.r
GCC	gclib.lzh	190925	ok	GNU/GCLIB/LIBIO881/sprintf.r
GCC	gclib.lzh	190925	ok	GNU/GCLIB/LIBIO881/puts.r
GCC	gclib.lzh	190925	ok	GNU/GCLIB/LIBIO881/fgets.r
GCC	gclib.lzh	190925	ok	GNU/GCLIB/LIBIO881/vsprintf.r
GCC	gclib.lzh	190925	ok	GNU/GCLIB/makefile.distr
GCC	gclib.lzh	190925	ok	GNU/GCLIB/files_to_delete
GCC	gclib.lzh	190925	ok	GNU/GCLIB/unpacklib
GCC	gclib.lzh	190925	ok	GNU/GCLIB/liborder
GCC	gclib.lzh	190925	ok	GNU/GCLIB/readme.gclib
GCC	gclib.lzh	190925	ok	DEFS/GCC2/libio.h
GCC	gclib.lzh	190925	ok	DEFS/GCC2/strfile.h
GCC	gclib.lzh	190925	ok	DEFS/GCC2/stdio.h
GCC	gclib272.zip	192821	ok	gclib000.l
GCC	gclib272.zip	192821	ok	gclib300.l
GCC	gclib272.zip	192821	ok	gclib020.l
GCC	gclib272.zip	192821	ok	gclib881.l
GCC	gnulib.l.lzh	4376	ok	gnulib.l
GCC	gpp.lzh	21863	ok	gpp
GCC	gpp_2.5.8_cmds1.lzh	158604	ok	DEFS/GCC2/SYS/file.h
GCC	gpp_2.5.8_cmds1.lzh	158604	ok	DEFS/GCC2/SYS/stat.h
GCC	gpp_2.5.8_cmds1.lzh	158604	ok	DEFS/GCC2/_G_config.h
GCC	gpp_2.5.8_cmds1.lzh	158604	ok	DEFS/GCC2/errno.h
GCC	gpp_2.5.8_cmds1.lzh	158604	ok	DEFS/GCC2/math.h
GCC	gpp_2.5.8_cmds1.lzh	158604	ok	DEFS/GCC2/stdarg.h
GCC	gpp_2.5.8_cmds1.lzh	158604	ok	DEFS/GCC2/stdlib.h
GCC	gpp_2.5.8_cmds1.lzh	158604	ok	DEFS/GCC2/string.h
GCC	gpp_2.5.8_cmds1.lzh	158604	ok	DEFS/GCC2/math_68881.h
GCC	gpp_2.5.8_cmds1.lzh	158604	ok	GNU/CMDS/cccp2
GCC	gpp_2.5.8_cmds1.lzh	158604	ok	GNU/CMDS/gcc2
GCC	gpp_2.5.8_cmds1.lzh	158604	ok	GNU/CMDS/collect
GCC	gpp_2.5.8_cmds1.lzh	158604	ok	GNU/readme.gcc2
GCC	gpp_2.5.8_cmds1.lzh	158604	ok	GNU/copying.gcc2
GCC	gpp_2.5.8_cmds1.lzh	158604	ok	LIB/libgcc.l
GCC	gpp_2.5.8_cmds1.lzh	158604	ok	LIB/libm040_2.l
GCC	gpp_2.5.8_cmds2.lzh	632639	ok	GNU/CMDS/cc2plus
GCC	history	4140	bare_file	history
GCC	libgpp.l.lzh	73002	ok	libgpp.l
GCC	libgpp272.zip	525619	ok	libgpp000.l
GCC	libgpp272.zip	525619	ok	libiostream300.l
GCC	libgpp272.zip	525619	ok	libiostream020.l
GCC	libgpp272.zip	525619	ok	libiostream000.l
GCC	libgpp272.zip	525619	ok	libio881.l
GCC	libgpp272.zip	525619	ok	libio300.l
GCC	libgpp272.zip	525619	ok	libio020.l
GCC	libgpp272.zip	525619	ok	libio000.l
GCC	libgpp272.zip	525619	ok	libgpp881.l
GCC	libgpp272.zip	525619	ok	libgpp300.l
GCC	libgpp272.zip	525619	ok	libgpp020.l
GCC	libgpp272.zip	525619	ok	libiostream881.l
GCC	libgpp_2.5.3_defs.lzh	266953	ok	DEFS/GPP2/SYS/resource.h
GCC	libgpp_2.5.3_defs.lzh	266953	ok	DEFS/GPP2/SYS/signal.h
GCC	libgpp_2.5.3_defs.lzh	266953	ok	DEFS/GPP2/SYS/socket.h
GCC	libgpp_2.5.3_defs.lzh	266953	ok	DEFS/GPP2/SYS/time.h
GCC	libgpp_2.5.3_defs.lzh	266953	ok	DEFS/GPP2/SYS/times.h
GCC	libgpp_2.5.3_defs.lzh	266953	ok	DEFS/GPP2/SYS/types.h
GCC	libgpp_2.5.3_defs.lzh	266953	ok	DEFS/GPP2/SYS/wait.h
GCC	libgpp_2.5.3_defs.lzh	266953	ok	DEFS/GPP2/GEN/AVLMap.ccP
GCC	libgpp_2.5.3_defs.lzh	266953	ok	DEFS/GPP2/GEN/AVLMap.hP
GCC	libgpp_2.5.3_defs.lzh	266953	ok	DEFS/GPP2/GEN/AVLSet.ccP
GCC	libgpp_2.5.3_defs.lzh	266953	ok	DEFS/GPP2/GEN/AVLSet.hP
GCC	libgpp_2.5.3_defs.lzh	266953	ok	DEFS/GPP2/GEN/AVec.ccP
GCC	libgpp_2.5.3_defs.lzh	266953	ok	DEFS/GPP2/GEN/AVec.hP
GCC	libgpp_2.5.3_defs.lzh	266953	ok	DEFS/GPP2/GEN/BSTSet.ccP
GCC	libgpp_2.5.3_defs.lzh	266953	ok	DEFS/GPP2/GEN/BSTSet.hP
GCC	libgpp_2.5.3_defs.lzh	266953	ok	DEFS/GPP2/GEN/Bag.ccP
GCC	libgpp_2.5.3_defs.lzh	266953	ok	DEFS/GPP2/GEN/Bag.hP
GCC	libgpp_2.5.3_defs.lzh	266953	ok	DEFS/GPP2/GEN/CHBag.ccP
GCC	libgpp_2.5.3_defs.lzh	266953	ok	DEFS/GPP2/GEN/CHBag.hP
GCC	libgpp_2.5.3_defs.lzh	266953	ok	DEFS/GPP2/GEN/CHMap.ccP
GCC	libgpp_2.5.3_defs.lzh	266953	ok	DEFS/GPP2/GEN/CHMap.hP
GCC	libgpp_2.5.3_defs.lzh	266953	ok	DEFS/GPP2/GEN/CHNode.ccP
GCC	libgpp_2.5.3_defs.lzh	266953	ok	DEFS/GPP2/GEN/CHNode.hP
GCC	libgpp_2.5.3_defs.lzh	266953	ok	DEFS/GPP2/GEN/CHSet.ccP
GCC	libgpp_2.5.3_defs.lzh	266953	ok	DEFS/GPP2/GEN/CHSet.hP
GCC	libgpp_2.5.3_defs.lzh	266953	ok	DEFS/GPP2/GEN/DLDeque.ccP
GCC	libgpp_2.5.3_defs.lzh	266953	ok	DEFS/GPP2/GEN/DLDeque.hP
GCC	libgpp_2.5.3_defs.lzh	266953	ok	DEFS/GPP2/GEN/DLList.ccP
GCC	libgpp_2.5.3_defs.lzh	266953	ok	DEFS/GPP2/GEN/DLList.hP
GCC	libgpp_2.5.3_defs.lzh	266953	ok	DEFS/GPP2/GEN/Deque.ccP
GCC	libgpp_2.5.3_defs.lzh	266953	ok	DEFS/GPP2/GEN/Deque.hP
GCC	libgpp_2.5.3_defs.lzh	266953	ok	DEFS/GPP2/GEN/FPQueue.ccP
GCC	libgpp_2.5.3_defs.lzh	266953	ok	DEFS/GPP2/GEN/FPQueue.hP
GCC	libgpp_2.5.3_defs.lzh	266953	ok	DEFS/GPP2/GEN/FPStack.ccP
GCC	libgpp_2.5.3_defs.lzh	266953	ok	DEFS/GPP2/GEN/FPStack.hP
GCC	libgpp_2.5.3_defs.lzh	266953	ok	DEFS/GPP2/GEN/FPlex.ccP
GCC	libgpp_2.5.3_defs.lzh	266953	ok	DEFS/GPP2/GEN/FPlex.hP
GCC	libgpp_2.5.3_defs.lzh	266953	ok	DEFS/GPP2/GEN/List.ccP
GCC	libgpp_2.5.3_defs.lzh	266953	ok	DEFS/GPP2/GEN/List.hP
GCC	libgpp_2.5.3_defs.lzh	266953	ok	DEFS/GPP2/GEN/MPlex.ccP
GCC	libgpp_2.5.3_defs.lzh	266953	ok	DEFS/GPP2/GEN/MPlex.hP
GCC	libgpp_2.5.3_defs.lzh	266953	ok	DEFS/GPP2/GEN/Map.ccP
GCC	libgpp_2.5.3_defs.lzh	266953	ok	DEFS/GPP2/GEN/Map.hP
GCC	libgpp_2.5.3_defs.lzh	266953	ok	DEFS/GPP2/GEN/OSLBag.ccP
GCC	libgpp_2.5.3_defs.lzh	266953	ok	DEFS/GPP2/GEN/OSLBag.hP
GCC	libgpp_2.5.3_defs.lzh	266953	ok	DEFS/GPP2/GEN/OSLSet.ccP
GCC	libgpp_2.5.3_defs.lzh	266953	ok	DEFS/GPP2/GEN/OSLSet.hP
GCC	libgpp_2.5.3_defs.lzh	266953	ok	DEFS/GPP2/GEN/OXPBag.ccP
GCC	libgpp_2.5.3_defs.lzh	266953	ok	DEFS/GPP2/GEN/OXPBag.hP
GCC	libgpp_2.5.3_defs.lzh	266953	ok	DEFS/GPP2/GEN/OXPSet.ccP
GCC	libgpp_2.5.3_defs.lzh	266953	ok	DEFS/GPP2/GEN/OXPSet.hP
GCC	libgpp_2.5.3_defs.lzh	266953	ok	DEFS/GPP2/GEN/PHPQ.ccP
GCC	libgpp_2.5.3_defs.lzh	266953	ok	DEFS/GPP2/GEN/PHPQ.hP
GCC	libgpp_2.5.3_defs.lzh	266953	ok	DEFS/GPP2/GEN/PQ.ccP
GCC	libgpp_2.5.3_defs.lzh	266953	ok	DEFS/GPP2/GEN/PQ.hP
GCC	libgpp_2.5.3_defs.lzh	266953	ok	DEFS/GPP2/GEN/PSList.hP
GCC	libgpp_2.5.3_defs.lzh	266953	ok	DEFS/GPP2/GEN/PVec.hP
GCC	libgpp_2.5.3_defs.lzh	266953	ok	DEFS/GPP2/GEN/Plex.ccP
GCC	libgpp_2.5.3_defs.lzh	266953	ok	DEFS/GPP2/GEN/Plex.hP
GCC	libgpp_2.5.3_defs.lzh	266953	ok	DEFS/GPP2/GEN/Queue.ccP
GCC	libgpp_2.5.3_defs.lzh	266953	ok	DEFS/GPP2/GEN/Queue.hP
GCC	libgpp_2.5.3_defs.lzh	266953	ok	DEFS/GPP2/GEN/RAVLMap.ccP
GCC	libgpp_2.5.3_defs.lzh	266953	ok	DEFS/GPP2/GEN/RAVLMap.hP
GCC	libgpp_2.5.3_defs.lzh	266953	ok	DEFS/GPP2/GEN/RPlex.ccP
GCC	libgpp_2.5.3_defs.lzh	266953	ok	DEFS/GPP2/GEN/RPlex.hP
GCC	libgpp_2.5.3_defs.lzh	266953	ok	DEFS/GPP2/GEN/SLBag.ccP
GCC	libgpp_2.5.3_defs.lzh	266953	ok	DEFS/GPP2/GEN/SLBag.hP
GCC	libgpp_2.5.3_defs.lzh	266953	ok	DEFS/GPP2/GEN/SLList.ccP
GCC	libgpp_2.5.3_defs.lzh	266953	ok	DEFS/GPP2/GEN/SLList.hP
GCC	libgpp_2.5.3_defs.lzh	266953	ok	DEFS/GPP2/GEN/SLQueue.ccP
GCC	libgpp_2.5.3_defs.lzh	266953	ok	DEFS/GPP2/GEN/SLQueue.hP
GCC	libgpp_2.5.3_defs.lzh	266953	ok	DEFS/GPP2/GEN/SLSet.ccP
GCC	libgpp_2.5.3_defs.lzh	266953	ok	DEFS/GPP2/GEN/SLSet.hP
GCC	libgpp_2.5.3_defs.lzh	266953	ok	DEFS/GPP2/GEN/SLStack.ccP
GCC	libgpp_2.5.3_defs.lzh	266953	ok	DEFS/GPP2/GEN/SLStack.hP
GCC	libgpp_2.5.3_defs.lzh	266953	ok	DEFS/GPP2/GEN/Set.ccP
GCC	libgpp_2.5.3_defs.lzh	266953	ok	DEFS/GPP2/GEN/Set.hP
GCC	libgpp_2.5.3_defs.lzh	266953	ok	DEFS/GPP2/GEN/SkipBag.ccP
GCC	libgpp_2.5.3_defs.lzh	266953	ok	DEFS/GPP2/GEN/SkipBag.hP
GCC	libgpp_2.5.3_defs.lzh	266953	ok	DEFS/GPP2/GEN/SkipMap.ccP
GCC	libgpp_2.5.3_defs.lzh	266953	ok	DEFS/GPP2/GEN/SkipMap.hP
GCC	libgpp_2.5.3_defs.lzh	266953	ok	DEFS/GPP2/GEN/SkipSet.ccP
GCC	libgpp_2.5.3_defs.lzh	266953	ok	DEFS/GPP2/GEN/SkipSet.hP
GCC	libgpp_2.5.3_defs.lzh	266953	ok	DEFS/GPP2/GEN/SplayBag.ccP
GCC	libgpp_2.5.3_defs.lzh	266953	ok	DEFS/GPP2/GEN/SplayBag.hP
GCC	libgpp_2.5.3_defs.lzh	266953	ok	DEFS/GPP2/GEN/SplayMap.ccP
GCC	libgpp_2.5.3_defs.lzh	266953	ok	DEFS/GPP2/GEN/SplayMap.hP
GCC	libgpp_2.5.3_defs.lzh	266953	ok	DEFS/GPP2/GEN/SplayNode.ccP
GCC	libgpp_2.5.3_defs.lzh	266953	ok	DEFS/GPP2/GEN/SplayNode.hP
GCC	libgpp_2.5.3_defs.lzh	266953	ok	DEFS/GPP2/GEN/SplayPQ.ccP
GCC	libgpp_2.5.3_defs.lzh	266953	ok	DEFS/GPP2/GEN/SplayPQ.hP
GCC	libgpp_2.5.3_defs.lzh	266953	ok	DEFS/GPP2/GEN/SplaySet.ccP
GCC	libgpp_2.5.3_defs.lzh	266953	ok	DEFS/GPP2/GEN/SplaySet.hP
GCC	libgpp_2.5.3_defs.lzh	266953	ok	DEFS/GPP2/GEN/Stack.ccP
GCC	libgpp_2.5.3_defs.lzh	266953	ok	DEFS/GPP2/GEN/Stack.hP
GCC	libgpp_2.5.3_defs.lzh	266953	ok	DEFS/GPP2/GEN/VHBag.ccP
GCC	libgpp_2.5.3_defs.lzh	266953	ok	DEFS/GPP2/GEN/VHBag.hP
GCC	libgpp_2.5.3_defs.lzh	266953	ok	DEFS/GPP2/GEN/VHMap.ccP
GCC	libgpp_2.5.3_defs.lzh	266953	ok	DEFS/GPP2/GEN/VHMap.hP
GCC	libgpp_2.5.3_defs.lzh	266953	ok	DEFS/GPP2/GEN/VHSet.ccP
GCC	libgpp_2.5.3_defs.lzh	266953	ok	DEFS/GPP2/GEN/VHSet.hP
GCC	libgpp_2.5.3_defs.lzh	266953	ok	DEFS/GPP2/GEN/VOHSet.ccP
GCC	libgpp_2.5.3_defs.lzh	266953	ok	DEFS/GPP2/GEN/VOHSet.hP
GCC	libgpp_2.5.3_defs.lzh	266953	ok	DEFS/GPP2/GEN/VQueue.ccP
GCC	libgpp_2.5.3_defs.lzh	266953	ok	DEFS/GPP2/GEN/VQueue.hP
GCC	libgpp_2.5.3_defs.lzh	266953	ok	DEFS/GPP2/GEN/VStack.ccP
GCC	libgpp_2.5.3_defs.lzh	266953	ok	DEFS/GPP2/GEN/VStack.hP
GCC	libgpp_2.5.3_defs.lzh	266953	ok	DEFS/GPP2/GEN/Vec.ccP
GCC	libgpp_2.5.3_defs.lzh	266953	ok	DEFS/GPP2/GEN/Vec.hP
GCC	libgpp_2.5.3_defs.lzh	266953	ok	DEFS/GPP2/GEN/XPBag.ccP
GCC	libgpp_2.5.3_defs.lzh	266953	ok	DEFS/GPP2/GEN/XPBag.hP
GCC	libgpp_2.5.3_defs.lzh	266953	ok	DEFS/GPP2/GEN/XPDeque.ccP
GCC	libgpp_2.5.3_defs.lzh	266953	ok	DEFS/GPP2/GEN/XPDeque.hP
GCC	libgpp_2.5.3_defs.lzh	266953	ok	DEFS/GPP2/GEN/XPPQ.ccP
GCC	libgpp_2.5.3_defs.lzh	266953	ok	DEFS/GPP2/GEN/XPPQ.hP
GCC	libgpp_2.5.3_defs.lzh	266953	ok	DEFS/GPP2/GEN/XPQueue.ccP
GCC	libgpp_2.5.3_defs.lzh	266953	ok	DEFS/GPP2/GEN/XPQueue.hP
GCC	libgpp_2.5.3_defs.lzh	266953	ok	DEFS/GPP2/GEN/XPSet.ccP
GCC	libgpp_2.5.3_defs.lzh	266953	ok	DEFS/GPP2/GEN/XPSet.hP
GCC	libgpp_2.5.3_defs.lzh	266953	ok	DEFS/GPP2/GEN/XPStack.ccP
GCC	libgpp_2.5.3_defs.lzh	266953	ok	DEFS/GPP2/GEN/XPStack.hP
GCC	libgpp_2.5.3_defs.lzh	266953	ok	DEFS/GPP2/GEN/XPlex.ccP
GCC	libgpp_2.5.3_defs.lzh	266953	ok	DEFS/GPP2/GEN/XPlex.hP
GCC	libgpp_2.5.3_defs.lzh	266953	ok	DEFS/GPP2/GEN/defs.hP
GCC	libgpp_2.5.3_defs.lzh	266953	ok	DEFS/GPP2/GEN/intSList.hP
GCC	libgpp_2.5.3_defs.lzh	266953	ok	DEFS/GPP2/GEN/intVec.hP
GCC	libgpp_2.5.3_defs.lzh	266953	ok	DEFS/GPP2/assert.h
GCC	libgpp_2.5.3_defs.lzh	266953	ok	DEFS/GPP2/fcntl.h
GCC	libgpp_2.5.3_defs.lzh	266953	ok	DEFS/GPP2/grp.h
GCC	libgpp_2.5.3_defs.lzh	266953	ok	DEFS/GPP2/pwd.h
GCC	libgpp_2.5.3_defs.lzh	266953	ok	DEFS/GPP2/stddef.h
GCC	libgpp_2.5.3_defs.lzh	266953	ok	DEFS/GPP2/unistd.h
GCC	libgpp_2.5.3_defs.lzh	266953	ok	DEFS/GPP2/stream.h
GCC	libgpp_2.5.3_defs.lzh	266953	ok	DEFS/GPP2/iostream.h
GCC	libgpp_2.5.3_defs.lzh	266953	ok	DEFS/GPP2/streambuf.h
GCC	libgpp_2.5.3_defs.lzh	266953	ok	DEFS/GPP2/fstream.h
GCC	libgpp_2.5.3_defs.lzh	266953	ok	DEFS/GPP2/strstream.h
GCC	libgpp_2.5.3_defs.lzh	266953	ok	DEFS/GPP2/procbuf.h
GCC	libgpp_2.5.3_defs.lzh	266953	ok	DEFS/GPP2/istream.h
GCC	libgpp_2.5.3_defs.lzh	266953	ok	DEFS/GPP2/ostream.h
GCC	libgpp_2.5.3_defs.lzh	266953	ok	DEFS/GPP2/stdiostream.h
GCC	libgpp_2.5.3_defs.lzh	266953	ok	DEFS/GPP2/PlotFile.h
GCC	libgpp_2.5.3_defs.lzh	266953	ok	DEFS/GPP2/SFile.h
GCC	libgpp_2.5.3_defs.lzh	266953	ok	DEFS/GPP2/builtinbuf.h
GCC	libgpp_2.5.3_defs.lzh	266953	ok	DEFS/GPP2/editbuf.h
GCC	libgpp_2.5.3_defs.lzh	266953	ok	DEFS/GPP2/indstream.h
GCC	libgpp_2.5.3_defs.lzh	266953	ok	DEFS/GPP2/iomanip.h
GCC	libgpp_2.5.3_defs.lzh	266953	ok	DEFS/GPP2/parsestream.h
GCC	libgpp_2.5.3_defs.lzh	266953	ok	DEFS/GPP2/pfstream.h
GCC	libgpp_2.5.3_defs.lzh	266953	ok	DEFS/GPP2/ACG.h
GCC	libgpp_2.5.3_defs.lzh	266953	ok	DEFS/GPP2/AllocRing.h
GCC	libgpp_2.5.3_defs.lzh	266953	ok	DEFS/GPP2/Binomial.h
GCC	libgpp_2.5.3_defs.lzh	266953	ok	DEFS/GPP2/BitSet.h
GCC	libgpp_2.5.3_defs.lzh	266953	ok	DEFS/GPP2/BitString.h
GCC	libgpp_2.5.3_defs.lzh	266953	ok	DEFS/GPP2/Complex.h
GCC	libgpp_2.5.3_defs.lzh	266953	ok	DEFS/GPP2/CursesW.h
GCC	libgpp_2.5.3_defs.lzh	266953	ok	DEFS/GPP2/DLList.h
GCC	libgpp_2.5.3_defs.lzh	266953	ok	DEFS/GPP2/DiscUnif.h
GCC	libgpp_2.5.3_defs.lzh	266953	ok	DEFS/GPP2/Erlang.h
GCC	libgpp_2.5.3_defs.lzh	266953	ok	DEFS/GPP2/Fix.h
GCC	libgpp_2.5.3_defs.lzh	266953	ok	DEFS/GPP2/Fix16.h
GCC	libgpp_2.5.3_defs.lzh	266953	ok	DEFS/GPP2/Fix24.h
GCC	libgpp_2.5.3_defs.lzh	266953	ok	DEFS/GPP2/Geom.h
GCC	libgpp_2.5.3_defs.lzh	266953	ok	DEFS/GPP2/GetOpt.h
GCC	libgpp_2.5.3_defs.lzh	266953	ok	DEFS/GPP2/HypGeom.h
GCC	libgpp_2.5.3_defs.lzh	266953	ok	DEFS/GPP2/Incremental.h
GCC	libgpp_2.5.3_defs.lzh	266953	ok	DEFS/GPP2/Integer.h
GCC	libgpp_2.5.3_defs.lzh	266953	ok	DEFS/GPP2/LogNorm.h
GCC	libgpp_2.5.3_defs.lzh	266953	ok	DEFS/GPP2/MLCG.h
GCC	libgpp_2.5.3_defs.lzh	266953	ok	DEFS/GPP2/NegExp.h
GCC	libgpp_2.5.3_defs.lzh	266953	ok	DEFS/GPP2/Normal.h
GCC	libgpp_2.5.3_defs.lzh	266953	ok	DEFS/GPP2/Obstack.h
GCC	libgpp_2.5.3_defs.lzh	266953	ok	DEFS/GPP2/Pix.h
GCC	libgpp_2.5.3_defs.lzh	266953	ok	DEFS/GPP2/Poisson.h
GCC	libgpp_2.5.3_defs.lzh	266953	ok	DEFS/GPP2/RNG.h
GCC	libgpp_2.5.3_defs.lzh	266953	ok	DEFS/GPP2/Random.h
GCC	libgpp_2.5.3_defs.lzh	266953	ok	DEFS/GPP2/Rational.h
GCC	libgpp_2.5.3_defs.lzh	266953	ok	DEFS/GPP2/Regex.h
GCC	libgpp_2.5.3_defs.lzh	266953	ok	DEFS/GPP2/RndInt.h
GCC	libgpp_2.5.3_defs.lzh	266953	ok	DEFS/GPP2/SLList.h
GCC	libgpp_2.5.3_defs.lzh	266953	ok	DEFS/GPP2/SString.h
GCC	libgpp_2.5.3_defs.lzh	266953	ok	DEFS/GPP2/SmplHist.h
GCC	libgpp_2.5.3_defs.lzh	266953	ok	DEFS/GPP2/SmplStat.h
GCC	libgpp_2.5.3_defs.lzh	266953	ok	DEFS/GPP2/Uniform.h
GCC	libgpp_2.5.3_defs.lzh	266953	ok	DEFS/GPP2/Weibull.h
GCC	libgpp_2.5.3_defs.lzh	266953	ok	DEFS/GPP2/_complex.h
GCC	libgpp_2.5.3_defs.lzh	266953	ok	DEFS/GPP2/_regex.h
GCC	libgpp_2.5.3_defs.lzh	266953	ok	DEFS/GPP2/bool.h
GCC	libgpp_2.5.3_defs.lzh	266953	ok	DEFS/GPP2/builtin.h
GCC	libgpp_2.5.3_defs.lzh	266953	ok	DEFS/GPP2/compare.h
GCC	libgpp_2.5.3_defs.lzh	266953	ok	DEFS/GPP2/generic.h
GCC	libgpp_2.5.3_defs.lzh	266953	ok	DEFS/GPP2/getpagesize.h
GCC	libgpp_2.5.3_defs.lzh	266953	ok	DEFS/GPP2/libc.h
GCC	libgpp_2.5.3_defs.lzh	266953	ok	DEFS/GPP2/minmax.h
GCC	libgpp_2.5.3_defs.lzh	266953	ok	DEFS/GPP2/new.h
GCC	libgpp_2.5.3_defs.lzh	266953	ok	DEFS/GPP2/osfcn.h
GCC	libgpp_2.5.3_defs.lzh	266953	ok	DEFS/GPP2/std.h
GCC	libgpp_2.5.3_defs.lzh	266953	ok	DEFS/GPP2/strclass.h
GCC	libgpp_2.5.3_defs.lzh	266953	ok	DEFS/GPP2/swap.h
GCC	libgpp_2.5.3_defs.lzh	266953	ok	DEFS/GPP2/typemacros.h
GCC	libgpp_2.5.3_lib.lzh	401026	ok	LIB/libiostream000.l
GCC	libgpp_2.5.3_lib.lzh	401026	ok	LIB/libiostream020.l
GCC	libgpp_2.5.3_lib.lzh	401026	ok	LIB/libiostream881.l
GCC	libgpp_2.5.3_lib.lzh	401026	ok	LIB/libgpp000.l
GCC	libgpp_2.5.3_lib.lzh	401026	ok	LIB/libgpp020.l
GCC	libgpp_2.5.3_lib.lzh	401026	ok	LIB/libgpp881.l
GCC	libgpp_2.5.3_lib.lzh	401026	ok	LIB/os9lib.l
GCC	libgpp_2.5.3_lib.lzh	401026	ok	GNU/copying
GCC	libgpp_2.5.3_lib.lzh	401026	ok	GNU/copying.libgpp
GCC	libgpp_2.5.3_lib.lzh	401026	ok	GNU/readme.libgpp
GCC	math_68881.h	9126	bare_file	math_68881.h
GNU	bison_1.11.tar.Z	59899	ok	cmds/
GNU	bison_1.11.tar.Z	59899	ok	cmds/bison
GNU	bison_1.11.tar.Z	59899	ok	lib/
GNU	bison_1.11.tar.Z	59899	ok	lib/bison.hairy
GNU	bison_1.11.tar.Z	59899	ok	lib/bison.simple
GNU	bison_1.19.tar.Z	60961	ok	CMDS
GNU	bison_1.19.tar.Z	60961	ok	CMDS/bison
GNU	bison_1.19.tar.Z	60961	ok	LIB
GNU	bison_1.19.tar.Z	60961	ok	LIB/bison.simple
GNU	bison_1.19.tar.Z	60961	ok	LIB/bison.hairy
GNU	bison_1.19.tar.Z	60961	ok	MAN
GNU	bison_1.19.tar.Z	60961	ok	MAN/bison.1
GNU	bison_1.19.tar.Z	60961	ok	README
GNU	compress_4.0.Z	24909	plain_Z	compress_4.0
GNU	compress_4.0.tar.Z	37042	ok	COMPRESS_4.0/
GNU	compress_4.0.tar.Z	37042	ok	COMPRESS_4.0/README
GNU	compress_4.0.tar.Z	37042	ok	COMPRESS_4.0/USERMEM
GNU	compress_4.0.tar.Z	37042	ok	COMPRESS_4.0/compress.1
GNU	compress_4.0.tar.Z	37042	ok	COMPRESS_4.0/usermem.sh
GNU	compress_4.0.tar.Z	37042	ok	COMPRESS_4.0/zmore
GNU	compress_4.0.tar.Z	37042	ok	COMPRESS_4.0/zmore.1
GNU	compress_4.0.tar.Z	37042	ok	COMPRESS_4.0/zmore.l
GNU	compress_4.0.tar.Z	37042	ok	COMPRESS_4.0/compress.c
GNU	compress_4.0.tar.Z	37042	ok	COMPRESS_4.0/makefile
GNU	diff_1.1.Z	44090	plain_Z	diff_1.1
GNU	diff_1.1.tar.Z	74799	ok	DIFF_1.1/
GNU	diff_1.1.tar.Z	74799	ok	DIFF_1.1/COPYING
GNU	diff_1.1.tar.Z	74799	ok	DIFF_1.1/README
GNU	diff_1.1.tar.Z	74799	ok	DIFF_1.1/analyze.c
GNU	diff_1.1.tar.Z	74799	ok	DIFF_1.1/context.c
GNU	diff_1.1.tar.Z	74799	ok	DIFF_1.1/diagmeet.note
GNU	diff_1.1.tar.Z	74799	ok	DIFF_1.1/RELS/
GNU	diff_1.1.tar.Z	74799	ok	DIFF_1.1/diff.c
GNU	diff_1.1.tar.Z	74799	ok	DIFF_1.1/diff.h
GNU	diff_1.1.tar.Z	74799	ok	DIFF_1.1/dir.c
GNU	diff_1.1.tar.Z	74799	ok	DIFF_1.1/ed.c
GNU	diff_1.1.tar.Z	74799	ok	DIFF_1.1/io.c
GNU	diff_1.1.tar.Z	74799	ok	DIFF_1.1/limits.h
GNU	diff_1.1.tar.Z	74799	ok	DIFF_1.1/makefile
GNU	diff_1.1.tar.Z	74799	ok	DIFF_1.1/normal.c
GNU	diff_1.1.tar.Z	74799	ok	DIFF_1.1/regex.c
GNU	diff_1.1.tar.Z	74799	ok	DIFF_1.1/regex.h
GNU	diff_1.1.tar.Z	74799	ok	DIFF_1.1/util.c
GNU	fgrep_1.1.tar.Z	37421	ok	FGREP_1.1/
GNU	fgrep_1.1.tar.Z	37421	ok	FGREP_1.1/README
GNU	fgrep_1.1.tar.Z	37421	ok	FGREP_1.1/fgrep.c
GNU	fgrep_1.1.tar.Z	37421	ok	FGREP_1.1/kwset.c
GNU	fgrep_1.1.tar.Z	37421	ok	FGREP_1.1/kwset.h
GNU	fgrep_1.1.tar.Z	37421	ok	FGREP_1.1/makefile
GNU	fgrep_1.1.tar.Z	37421	ok	FGREP_1.1/obstack.c
GNU	fgrep_1.1.tar.Z	37421	ok	FGREP_1.1/obstack.h
GNU	fgrep_1.1.tar.Z	37421	ok	FGREP_1.1/obstack.h.org
GNU	fgrep_1.1.tar.Z	37421	ok	FGREP_1.1/std.c
GNU	fgrep_1.1.tar.Z	37421	ok	FGREP_1.1/std.h
GNU	fgrep_1.1.tar.Z	37421	ok	FGREP_1.1/unix.h
GNU	fgrep_1.1.tar.Z	37421	ok	FGREP_1.1/RELS/
GNU	fgrep_1.11.Z	13698	plain_Z	fgrep_1.11
GNU	flex_2.3.7.t.Z	253669	ok	flex_2.3.7
GNU	flex_2.3.7.t.Z	253669	ok	flex_2.3.7/COPYING
GNU	flex_2.3.7.t.Z	253669	ok	flex_2.3.7/Changes
GNU	flex_2.3.7.t.Z	253669	ok	flex_2.3.7/Makefile
GNU	flex_2.3.7.t.Z	253669	ok	flex_2.3.7/README
GNU	flex_2.3.7.t.Z	253669	ok	flex_2.3.7/ccl.c
GNU	flex_2.3.7.t.Z	253669	ok	flex_2.3.7/dfa.c
GNU	flex_2.3.7.t.Z	253669	ok	flex_2.3.7/ecs.c
GNU	flex_2.3.7.t.Z	253669	ok	flex_2.3.7/flex.1
GNU	flex_2.3.7.t.Z	253669	ok	flex_2.3.7/flex.skel
GNU	flex_2.3.7.t.Z	253669	ok	flex_2.3.7/flexdef.h
GNU	flex_2.3.7.t.Z	253669	ok	flex_2.3.7/flexdoc.1
GNU	flex_2.3.7.t.Z	253669	ok	flex_2.3.7/gen.c
GNU	flex_2.3.7.t.Z	253669	ok	flex_2.3.7/libmain.c
GNU	flex_2.3.7.t.Z	253669	ok	flex_2.3.7/main.c
GNU	flex_2.3.7.t.Z	253669	ok	flex_2.3.7/misc.c
GNU	flex_2.3.7.t.Z	253669	ok	flex_2.3.7/nfa.c
GNU	flex_2.3.7.t.Z	253669	ok	flex_2.3.7/parse.y
GNU	flex_2.3.7.t.Z	253669	ok	flex_2.3.7/scan.l
GNU	flex_2.3.7.t.Z	253669	ok	flex_2.3.7/sym.c
GNU	flex_2.3.7.t.Z	253669	ok	flex_2.3.7/tblcmp.c
GNU	flex_2.3.7.t.Z	253669	ok	flex_2.3.7/yylex.c
GNU	flex_2.3.7.t.Z	253669	ok	flex_2.3.7/initscan.c
GNU	flex_2.3.7.t.Z	253669	ok	flex_2.3.7/MISC
GNU	flex_2.3.7.t.Z	253669	ok	flex_2.3.7/MISC/Atari.patches
GNU	flex_2.3.7.t.Z	253669	ok	flex_2.3.7/MISC/Makefile.VMS
GNU	flex_2.3.7.t.Z	253669	ok	flex_2.3.7/MISC/README
GNU	flex_2.3.7.t.Z	253669	ok	flex_2.3.7/MISC/MSDOS.notes
GNU	flex_2.3.7.t.Z	253669	ok	flex_2.3.7/MISC/Turbo_C.notes
GNU	flex_2.3.7.t.Z	253669	ok	flex_2.3.7/Makefile.unx
GNU	flex_2.3.7.t.Z	253669	ok	flex_2.3.7/flex.skel.stp
GNU	flex_2.3.7.t.Z	253669	ok	flex_2.3.7/parse.h
GNU	flex_2.3.7.t.Z	253669	ok	flex_2.3.7/parse.c
GNU	flex_2.3.7.t.Z	253669	ok	flex_2.3.7/y.tab.h
GNU	flex_2.3.7.t.Z	253669	ok	flex_2.3.7/flexlib.l
GNU	flex_2.3.7.t.Z	253669	ok	flex_2.3.7/scan.c
GNU	flex_2.3.tar.Z	71207	ok	cmds/
GNU	flex_2.3.tar.Z	71207	ok	cmds/flex
GNU	flex_2.3.tar.Z	71207	ok	lib/
GNU	flex_2.3.tar.Z	71207	ok	lib/flex.skel
GNU	gawk_2.11.Z	71277	plain_Z	gawk_2.11
GNU	gawk_2.11.tar.Z	349123	ok	GAWK
GNU	gawk_2.11.tar.Z	349123	ok	GAWK/Changes
GNU	gawk_2.11.tar.Z	349123	ok	GAWK/Copying
GNU	gawk_2.11.tar.Z	349123	ok	GAWK/Futures
GNU	gawk_2.11.tar.Z	349123	ok	GAWK/MISSING.D
GNU	gawk_2.11.tar.Z	349123	ok	GAWK/MISSING.D/getopt.c
GNU	gawk_2.11.tar.Z	349123	ok	GAWK/MISSING.D/gcvt.c
GNU	gawk_2.11.tar.Z	349123	ok	GAWK/MISSING.D/strchr.c
GNU	gawk_2.11.tar.Z	349123	ok	GAWK/MISSING.D/alloca.c
GNU	gawk_2.11.tar.Z	349123	ok	GAWK/MISSING.D/dup2.c
GNU	gawk_2.11.tar.Z	349123	ok	GAWK/MISSING.D/random.c
GNU	gawk_2.11.tar.Z	349123	ok	GAWK/MISSING.D/strcase.c
GNU	gawk_2.11.tar.Z	349123	ok	GAWK/MISSING.D/memcmp.c
GNU	gawk_2.11.tar.Z	349123	ok	GAWK/MISSING.D/memset.c
GNU	gawk_2.11.tar.Z	349123	ok	GAWK/MISSING.D/strerror.c
GNU	gawk_2.11.tar.Z	349123	ok	GAWK/MISSING.D/memcpy.c
GNU	gawk_2.11.tar.Z	349123	ok	GAWK/MISSING.D/strtod.c
GNU	gawk_2.11.tar.Z	349123	ok	GAWK/MISSING.D/vprintf.c
GNU	gawk_2.11.tar.Z	349123	ok	GAWK/MISSING.D/vprintf.c.ze
GNU	gawk_2.11.tar.Z	349123	ok	GAWK/MISSING.D/tmpnam.c
GNU	gawk_2.11.tar.Z	349123	ok	GAWK/MISSING.D/tmpnam.c.ze
GNU	gawk_2.11.tar.Z	349123	ok	GAWK/Manifest
GNU	gawk_2.11.tar.Z	349123	ok	GAWK/Problems
GNU	gawk_2.11.tar.Z	349123	ok	GAWK/RELS
GNU	gawk_2.11.tar.Z	349123	ok	GAWK/Readme
GNU	gawk_2.11.tar.Z	349123	ok	GAWK/SUPPORT
GNU	gawk_2.11.tar.Z	349123	ok	GAWK/SUPPORT/texindex.c
GNU	gawk_2.11.tar.Z	349123	ok	GAWK/SUPPORT/texinfo.tex.01
GNU	gawk_2.11.tar.Z	349123	ok	GAWK/SUPPORT/texinfo.tex.02
GNU	gawk_2.11.tar.Z	349123	ok	GAWK/alloca.s
GNU	gawk_2.11.tar.Z	349123	ok	GAWK/array.c
GNU	gawk_2.11.tar.Z	349123	ok	GAWK/awk.h
GNU	gawk_2.11.tar.Z	349123	ok	GAWK/awk.tab.c
GNU	gawk_2.11.tar.Z	349123	ok	GAWK/awk.y
GNU	gawk_2.11.tar.Z	349123	ok	GAWK/bbs_list
GNU	gawk_2.11.tar.Z	349123	ok	GAWK/builtin.c
GNU	gawk_2.11.tar.Z	349123	ok	GAWK/debug.c
GNU	gawk_2.11.tar.Z	349123	ok	GAWK/eval.c
GNU	gawk_2.11.tar.Z	349123	ok	GAWK/field.c
GNU	gawk_2.11.tar.Z	349123	ok	GAWK/io.c
GNU	gawk_2.11.tar.Z	349123	ok	GAWK/main.c
GNU	gawk_2.11.tar.Z	349123	ok	GAWK/makefile
GNU	gawk_2.11.tar.Z	349123	ok	GAWK/makefile.org
GNU	gawk_2.11.tar.Z	349123	ok	GAWK/missing.c
GNU	gawk_2.11.tar.Z	349123	ok	GAWK/msg.c
GNU	gawk_2.11.tar.Z	349123	ok	GAWK/node.c
GNU	gawk_2.11.tar.Z	349123	ok	GAWK/patchlevel.h
GNU	gawk_2.11.tar.Z	349123	ok	GAWK/regex
GNU	gawk_2.11.tar.Z	349123	ok	GAWK/regex.c
GNU	gawk_2.11.tar.Z	349123	ok	GAWK/regex.h
GNU	gawk_2.11.tar.Z	349123	ok	GAWK/t.awk
GNU	gawk_2.11.tar.Z	349123	ok	GAWK/test.awk
GNU	gawk_2.11.tar.Z	349123	ok	GAWK/version.c
GNU	gawk_2.11.tar.Z	349123	ok	GAWK/version.sh
GNU	gawk_2.11.tar.Z	349123	ok	GAWK/y.output
GNU	gawk_2.11.tar.Z	349123	ok	GAWK/y.tab.c
GNU	gmake.000.gz	71011	plain_gz	gmake.000
GNU	gnu.bin.readme	643	bare_file	gnu.bin.readme
GNU	gnu.bin.t.gz	354445	ok	cat
GNU	gnu.bin.t.gz	354445	ok	cp
GNU	gnu.bin.t.gz	354445	ok	cut
GNU	gnu.bin.t.gz	354445	ok	expand
GNU	gnu.bin.t.gz	354445	ok	gdd
GNU	gnu.bin.t.gz	354445	ok	gmake
GNU	gnu.bin.t.gz	354445	ok	gtar
GNU	gnu.bin.t.gz	354445	ok	gzip
GNU	gnu.bin.t.gz	354445	ok	head
GNU	gnu.bin.t.gz	354445	ok	join
GNU	gnu.bin.t.gz	354445	ok	ls
GNU	gnu.bin.t.gz	354445	ok	mkdir
GNU	gnu.bin.t.gz	354445	ok	mv
GNU	gnu.bin.t.gz	354445	ok	paste
GNU	gnu.bin.t.gz	354445	ok	rm
GNU	gnu.bin.t.gz	354445	ok	sort
GNU	gnu.bin.t.gz	354445	ok	split
GNU	gnu.bin.t.gz	354445	ok	sum
GNU	gnu.bin.t.gz	354445	ok	tac
GNU	gnu.bin.t.gz	354445	ok	tail
GNU	gnu.bin.t.gz	354445	ok	unexpand
GNU	gnu.bin.t.gz	354445	ok	uniq
GNU	gnugrep_2.0.lzh	224731	ok	GREP2.0/
GNU	gnugrep_2.0.lzh	224731	ok	GREP2.0/AUTHORS
GNU	gnugrep_2.0.lzh	224731	ok	GREP2.0/COPYING
GNU	gnugrep_2.0.lzh	224731	ok	GREP2.0/ChangeLog
GNU	gnugrep_2.0.lzh	224731	ok	GREP2.0/INSTALL
GNU	gnugrep_2.0.lzh	224731	ok	GREP2.0/INSTALL.VMS
GNU	gnugrep_2.0.lzh	224731	ok	GREP2.0/MANIFEST
GNU	gnugrep_2.0.lzh	224731	ok	GREP2.0/Makefile
GNU	gnugrep_2.0.lzh	224731	ok	GREP2.0/Makefile.in
GNU	gnugrep_2.0.lzh	224731	ok	GREP2.0/NEWS
GNU	gnugrep_2.0.lzh	224731	ok	GREP2.0/PROJECTS
GNU	gnugrep_2.0.lzh	224731	ok	GREP2.0/README
GNU	gnugrep_2.0.lzh	224731	ok	GREP2.0/Readme.OSK
GNU	gnugrep_2.0.lzh	224731	ok	GREP2.0/TESTS/
GNU	gnugrep_2.0.lzh	224731	ok	GREP2.0/TESTS/check.sh
GNU	gnugrep_2.0.lzh	224731	ok	GREP2.0/TESTS/khadafy.lines
GNU	gnugrep_2.0.lzh	224731	ok	GREP2.0/TESTS/khadafy.regexp
GNU	gnugrep_2.0.lzh	224731	ok	GREP2.0/TESTS/scriptgen.awk
GNU	gnugrep_2.0.lzh	224731	ok	GREP2.0/TESTS/spencer.tests
GNU	gnugrep_2.0.lzh	224731	ok	GREP2.0/alloca.c
GNU	gnugrep_2.0.lzh	224731	ok	GREP2.0/check.done
GNU	gnugrep_2.0.lzh	224731	ok	GREP2.0/configure
GNU	gnugrep_2.0.lzh	224731	ok	GREP2.0/configure.in
GNU	gnugrep_2.0.lzh	224731	ok	GREP2.0/dfa.c
GNU	gnugrep_2.0.lzh	224731	ok	GREP2.0/dfa.h
GNU	gnugrep_2.0.lzh	224731	ok	GREP2.0/dfa.r
GNU	gnugrep_2.0.lzh	224731	ok	GREP2.0/getopt.c
GNU	gnugrep_2.0.lzh	224731	ok	GREP2.0/getopt.h
GNU	gnugrep_2.0.lzh	224731	ok	GREP2.0/getopt.r
GNU	gnugrep_2.0.lzh	224731	ok	GREP2.0/getpagesize.h
GNU	gnugrep_2.0.lzh	224731	ok	GREP2.0/grep
GNU	gnugrep_2.0.lzh	224731	ok	GREP2.0/grep.c
GNU	gnugrep_2.0.lzh	224731	ok	GREP2.0/grep.h
GNU	gnugrep_2.0.lzh	224731	ok	GREP2.0/grep.man
GNU	gnugrep_2.0.lzh	224731	ok	GREP2.0/grep.man.ps
GNU	gnugrep_2.0.lzh	224731	ok	GREP2.0/grep.r
GNU	gnugrep_2.0.lzh	224731	ok	GREP2.0/kwset.c
GNU	gnugrep_2.0.lzh	224731	ok	GREP2.0/kwset.h
GNU	gnugrep_2.0.lzh	224731	ok	GREP2.0/kwset.r
GNU	gnugrep_2.0.lzh	224731	ok	GREP2.0/make.com
GNU	gnugrep_2.0.lzh	224731	ok	GREP2.0/obstack.c
GNU	gnugrep_2.0.lzh	224731	ok	GREP2.0/obstack.h
GNU	gnugrep_2.0.lzh	224731	ok	GREP2.0/obstack.r
GNU	gnugrep_2.0.lzh	224731	ok	GREP2.0/regex.c
GNU	gnugrep_2.0.lzh	224731	ok	GREP2.0/regex.h
GNU	gnugrep_2.0.lzh	224731	ok	GREP2.0/regex.r
GNU	gnugrep_2.0.lzh	224731	ok	GREP2.0/search.c
GNU	gnugrep_2.0.lzh	224731	ok	GREP2.0/search.r
GNU	gnutar_1.10.t.Z	432529	ok	TAR
GNU	gnutar_1.10.t.Z	432529	ok	TAR/tar.c
GNU	gnutar_1.10.t.Z	432529	ok	TAR/create.c
GNU	gnutar_1.10.t.Z	432529	ok	TAR/extract.c
GNU	gnutar_1.10.t.Z	432529	ok	TAR/tar.r
GNU	gnutar_1.10.t.Z	432529	ok	TAR/getoldopt.c
GNU	gnutar_1.10.t.Z	432529	ok	TAR/update.c
GNU	gnutar_1.10.t.Z	432529	ok	TAR/gnu.c
GNU	gnutar_1.10.t.Z	432529	ok	TAR/mangle.c
GNU	gnutar_1.10.t.Z	432529	ok	TAR/version.c
GNU	gnutar_1.10.t.Z	432529	ok	TAR/list.c
GNU	gnutar_1.10.t.Z	432529	ok	TAR/names.c
GNU	gnutar_1.10.t.Z	432529	ok	TAR/diffarch.c
GNU	gnutar_1.10.t.Z	432529	ok	TAR/port.c
GNU	gnutar_1.10.t.Z	432529	ok	TAR/wildmat.c
GNU	gnutar_1.10.t.Z	432529	ok	TAR/getopt.c
GNU	gnutar_1.10.t.Z	432529	ok	TAR/getopt1.c
GNU	gnutar_1.10.t.Z	432529	ok	TAR/regex.c
GNU	gnutar_1.10.t.Z	432529	ok	TAR/README
GNU	gnutar_1.10.t.Z	432529	ok	TAR/COPYING
GNU	gnutar_1.10.t.Z	432529	ok	TAR/ChangeLog
GNU	gnutar_1.10.t.Z	432529	ok	TAR/Makefile
GNU	gnutar_1.10.t.Z	432529	ok	TAR/port.h
GNU	gnutar_1.10.t.Z	432529	ok	TAR/open3.h
GNU	gnutar_1.10.t.Z	432529	ok	TAR/rmt.h
GNU	gnutar_1.10.t.Z	432529	ok	TAR/regex.h
GNU	gnutar_1.10.t.Z	432529	ok	TAR/create.r
GNU	gnutar_1.10.t.Z	432529	ok	TAR/extract.r
GNU	gnutar_1.10.t.Z	432529	ok	TAR/rtape_server.c
GNU	gnutar_1.10.t.Z	432529	ok	TAR/rtape_lib.c
GNU	gnutar_1.10.t.Z	432529	ok	TAR/getdate.y
GNU	gnutar_1.10.t.Z	432529	ok	TAR/getopt.h
GNU	gnutar_1.10.t.Z	432529	ok	TAR/level_0
GNU	gnutar_1.10.t.Z	432529	ok	TAR/level_1
GNU	gnutar_1.10.t.Z	432529	ok	TAR/backup_specs
GNU	gnutar_1.10.t.Z	432529	ok	TAR/testpad.c
GNU	gnutar_1.10.t.Z	432529	ok	TAR/buffer.r
GNU	gnutar_1.10.t.Z	432529	ok	TAR/getoldopt.r
GNU	gnutar_1.10.t.Z	432529	ok	TAR/testpad
GNU	gnutar_1.10.t.Z	432529	ok	TAR/testpad.h
GNU	gnutar_1.10.t.Z	432529	ok	TAR/list.r
GNU	gnutar_1.10.t.Z	432529	ok	TAR/update.r
GNU	gnutar_1.10.t.Z	432529	ok	TAR/rmdir.r
GNU	gnutar_1.10.t.Z	432529	ok	TAR/version.r
GNU	gnutar_1.10.t.Z	432529	ok	TAR/names.r
GNU	gnutar_1.10.t.Z	432529	ok	TAR/diffarch.r
GNU	gnutar_1.10.t.Z	432529	ok	TAR/port.r
GNU	gnutar_1.10.t.Z	432529	ok	TAR/wildmat.r
GNU	gnutar_1.10.t.Z	432529	ok	TAR/getopt.r
GNU	gnutar_1.10.t.Z	432529	ok	TAR/getopt1.r
GNU	gnutar_1.10.t.Z	432529	ok	TAR/regex.r
GNU	gnutar_1.10.t.Z	432529	ok	TAR/gnu.r
GNU	gnutar_1.10.t.Z	432529	ok	TAR/mangle.r
GNU	gnutar_1.10.t.Z	432529	ok	TAR/getdate.r
GNU	gnutar_1.10.t.Z	432529	ok	TAR/getdate.c
GNU	gnutar_1.10.t.Z	432529	ok	TAR/rtape_lib.r
GNU	gnutar_1.10.t.Z	432529	ok	TAR/rmdir.c
GNU	gnutar_1.10.t.Z	432529	ok	TAR/debug.h
GNU	gnutar_1.10.t.Z	432529	ok	TAR/tar.texinfo
GNU	gnutar_1.10.t.Z	432529	ok	TAR/buffer.c
GNU	gnutar_1.10.t.Z	432529	ok	TAR/OLD
GNU	gnutar_1.10.t.Z	432529	ok	TAR/OLD/buffer.c
GNU	gnutar_1.10.t.Z	432529	ok	TAR/OLD/create.c
GNU	gnutar_1.10.t.Z	432529	ok	TAR/OLD/diffarch.c
GNU	gnutar_1.10.t.Z	432529	ok	TAR/OLD/getdate.y
GNU	gnutar_1.10.t.Z	432529	ok	TAR/OLD/rtape_server.c
GNU	gnutar_1.10.t.Z	432529	ok	TAR/OLD/rtape_lib.c
GNU	gnutar_1.10.t.Z	432529	ok	TAR/OLD/gnu.c
GNU	gnutar_1.10.t.Z	432529	ok	TAR/OLD/port.c
GNU	gnutar_1.10.t.Z	432529	ok	TAR/OLD/tar.c
GNU	gnutar_1.10.t.Z	432529	ok	TAR/OLD/list.c
GNU	gnutar_1.10.t.Z	432529	ok	TAR/OLD/update.c
GNU	gnutar_1.10.t.Z	432529	ok	TAR/OLD/extract.c
GNU	gnutar_1.10.t.Z	432529	ok	TAR/OLD/tar.h
GNU	gnutar_1.10.t.Z	432529	ok	TAR/OLD/port.r
GNU	gnutar_1.10.t.Z	432529	ok	TAR/makefile.unix
GNU	gnutar_1.10.t.Z	432529	ok	TAR/msd_dir.h
GNU	gnutar_1.10.t.Z	432529	ok	TAR/msd_dir.c
GNU	gnutar_1.10.t.Z	432529	ok	TAR/tar.h
GNU	gtar.bin.gz	56544	plain_gz	gtar.bin
GNU	gtar_1_10.bin	107588	os9_module	gtar_1_10.bin
GNU	gtar_1_10.src.lzh	347879	ok	GNUTAR/
GNU	gtar_1_10.src.lzh	347879	ok	GNUTAR/COPYING
GNU	gtar_1_10.src.lzh	347879	ok	GNUTAR/ChangeLog
GNU	gtar_1_10.src.lzh	347879	ok	GNUTAR/Makefile
GNU	gtar_1_10.src.lzh	347879	ok	GNUTAR/OLD/
GNU	gtar_1_10.src.lzh	347879	ok	GNUTAR/OLD/buffer.c
GNU	gtar_1_10.src.lzh	347879	ok	GNUTAR/OLD/create.c
GNU	gtar_1_10.src.lzh	347879	ok	GNUTAR/OLD/diffarch.c
GNU	gtar_1_10.src.lzh	347879	ok	GNUTAR/OLD/extract.c
GNU	gtar_1_10.src.lzh	347879	ok	GNUTAR/OLD/getdate.y
GNU	gtar_1_10.src.lzh	347879	ok	GNUTAR/OLD/gnu.c
GNU	gtar_1_10.src.lzh	347879	ok	GNUTAR/OLD/list.c
GNU	gtar_1_10.src.lzh	347879	ok	GNUTAR/OLD/port.c
GNU	gtar_1_10.src.lzh	347879	ok	GNUTAR/OLD/port.r
GNU	gtar_1_10.src.lzh	347879	ok	GNUTAR/OLD/rtape_lib.c
GNU	gtar_1_10.src.lzh	347879	ok	GNUTAR/OLD/rtape_server.c
GNU	gtar_1_10.src.lzh	347879	ok	GNUTAR/OLD/tar.c
GNU	gtar_1_10.src.lzh	347879	ok	GNUTAR/OLD/tar.h
GNU	gtar_1_10.src.lzh	347879	ok	GNUTAR/OLD/update.c
GNU	gtar_1_10.src.lzh	347879	ok	GNUTAR/README
GNU	gtar_1_10.src.lzh	347879	ok	GNUTAR/backup_specs
GNU	gtar_1_10.src.lzh	347879	ok	GNUTAR/buffer.c
GNU	gtar_1_10.src.lzh	347879	ok	GNUTAR/create.c
GNU	gtar_1_10.src.lzh	347879	ok	GNUTAR/debug.h
GNU	gtar_1_10.src.lzh	347879	ok	GNUTAR/diffarch.c
GNU	gtar_1_10.src.lzh	347879	ok	GNUTAR/extract.c
GNU	gtar_1_10.src.lzh	347879	ok	GNUTAR/getdate.c
GNU	gtar_1_10.src.lzh	347879	ok	GNUTAR/getdate.y
GNU	gtar_1_10.src.lzh	347879	ok	GNUTAR/getoldopt.c
GNU	gtar_1_10.src.lzh	347879	ok	GNUTAR/getopt.c
GNU	gtar_1_10.src.lzh	347879	ok	GNUTAR/getopt.h
GNU	gtar_1_10.src.lzh	347879	ok	GNUTAR/getopt1.c
GNU	gtar_1_10.src.lzh	347879	ok	GNUTAR/gnu.c
GNU	gtar_1_10.src.lzh	347879	ok	GNUTAR/gtar
GNU	gtar_1_10.src.lzh	347879	ok	GNUTAR/help
GNU	gtar_1_10.src.lzh	347879	ok	GNUTAR/level_0
GNU	gtar_1_10.src.lzh	347879	ok	GNUTAR/level_1
GNU	gtar_1_10.src.lzh	347879	ok	GNUTAR/list.c
GNU	gtar_1_10.src.lzh	347879	ok	GNUTAR/makefile.unix
GNU	gtar_1_10.src.lzh	347879	ok	GNUTAR/mangle.c
GNU	gtar_1_10.src.lzh	347879	ok	GNUTAR/msd_dir.c
GNU	gtar_1_10.src.lzh	347879	ok	GNUTAR/msd_dir.h
GNU	gtar_1_10.src.lzh	347879	ok	GNUTAR/names.c
GNU	gtar_1_10.src.lzh	347879	ok	GNUTAR/open3.h
GNU	gtar_1_10.src.lzh	347879	ok	GNUTAR/port.c
GNU	gtar_1_10.src.lzh	347879	ok	GNUTAR/port.h
GNU	gtar_1_10.src.lzh	347879	ok	GNUTAR/regex.c
GNU	gtar_1_10.src.lzh	347879	ok	GNUTAR/regex.h
GNU	gtar_1_10.src.lzh	347879	ok	GNUTAR/rmdir.c
GNU	gtar_1_10.src.lzh	347879	ok	GNUTAR/rmt.h
GNU	gtar_1_10.src.lzh	347879	ok	GNUTAR/rtape_lib.c
GNU	gtar_1_10.src.lzh	347879	ok	GNUTAR/rtape_server.c
GNU	gtar_1_10.src.lzh	347879	ok	GNUTAR/tar.c
GNU	gtar_1_10.src.lzh	347879	ok	GNUTAR/tar.h
GNU	gtar_1_10.src.lzh	347879	ok	GNUTAR/tar.texinfo
GNU	gtar_1_10.src.lzh	347879	ok	GNUTAR/testpad
GNU	gtar_1_10.src.lzh	347879	ok	GNUTAR/testpad.c
GNU	gtar_1_10.src.lzh	347879	ok	GNUTAR/testpad.h
GNU	gtar_1_10.src.lzh	347879	ok	GNUTAR/update.c
GNU	gtar_1_10.src.lzh	347879	ok	GNUTAR/version.c
GNU	gtar_1_10.src.lzh	347879	ok	GNUTAR/wildmat.c
GNU	m4_0.5.Z	25161	plain_Z	m4_0.5
GNU	m4_0.5.tar.Z	181852	ok	M4_0.5/
GNU	m4_0.5.tar.Z	181852	ok	M4_0.5/Copying
GNU	m4_0.5.tar.Z	181852	ok	M4_0.5/EXAMPLES/
GNU	m4_0.5.tar.Z	181852	ok	M4_0.5/EXAMPLES/definitions.1
GNU	m4_0.5.tar.Z	181852	ok	M4_0.5/EXAMPLES/definitions.2
GNU	m4_0.5.tar.Z	181852	ok	M4_0.5/EXAMPLES/definitions.3
GNU	m4_0.5.tar.Z	181852	ok	M4_0.5/EXAMPLES/definitions.4
GNU	m4_0.5.tar.Z	181852	ok	M4_0.5/EXAMPLES/definitions.5
GNU	m4_0.5.tar.Z	181852	ok	M4_0.5/EXAMPLES/definitions.6
GNU	m4_0.5.tar.Z	181852	ok	M4_0.5/EXAMPLES/definitions.7
GNU	m4_0.5.tar.Z	181852	ok	M4_0.5/EXAMPLES/definitions.8
GNU	m4_0.5.tar.Z	181852	ok	M4_0.5/EXAMPLES/definitions.9
GNU	m4_0.5.tar.Z	181852	ok	M4_0.5/EXAMPLES/definitions.10
GNU	m4_0.5.tar.Z	181852	ok	M4_0.5/EXAMPLES/definitions.11
GNU	m4_0.5.tar.Z	181852	ok	M4_0.5/EXAMPLES/definitions.12
GNU	m4_0.5.tar.Z	181852	ok	M4_0.5/EXAMPLES/definitions.13
GNU	m4_0.5.tar.Z	181852	ok	M4_0.5/EXAMPLES/conditional.1
GNU	m4_0.5.tar.Z	181852	ok	M4_0.5/EXAMPLES/conditional.2
GNU	m4_0.5.tar.Z	181852	ok	M4_0.5/EXAMPLES/conditional.3
GNU	m4_0.5.tar.Z	181852	ok	M4_0.5/EXAMPLES/conditional.4
GNU	m4_0.5.tar.Z	181852	ok	M4_0.5/EXAMPLES/conditional.5
GNU	m4_0.5.tar.Z	181852	ok	M4_0.5/EXAMPLES/debugging.1
GNU	m4_0.5.tar.Z	181852	ok	M4_0.5/EXAMPLES/debugging.2
GNU	m4_0.5.tar.Z	181852	ok	M4_0.5/EXAMPLES/diversions.1
GNU	m4_0.5.tar.Z	181852	ok	M4_0.5/EXAMPLES/diversions.2
GNU	m4_0.5.tar.Z	181852	ok	M4_0.5/EXAMPLES/diversions.3
GNU	m4_0.5.tar.Z	181852	ok	M4_0.5/EXAMPLES/diversions.4
GNU	m4_0.5.tar.Z	181852	ok	M4_0.5/EXAMPLES/diversions.5
GNU	m4_0.5.tar.Z	181852	ok	M4_0.5/EXAMPLES/text_handli.1
GNU	m4_0.5.tar.Z	181852	ok	M4_0.5/EXAMPLES/text_handli.2
GNU	m4_0.5.tar.Z	181852	ok	M4_0.5/EXAMPLES/text_handli.3
GNU	m4_0.5.tar.Z	181852	ok	M4_0.5/EXAMPLES/text_handli.4
GNU	m4_0.5.tar.Z	181852	ok	M4_0.5/EXAMPLES/arithmetic.1
GNU	m4_0.5.tar.Z	181852	ok	M4_0.5/EXAMPLES/arithmetic.2
GNU	m4_0.5.tar.Z	181852	ok	M4_0.5/EXAMPLES/arithmetic.3
GNU	m4_0.5.tar.Z	181852	ok	M4_0.5/EXAMPLES/unix_comman.1
GNU	m4_0.5.tar.Z	181852	ok	M4_0.5/EXAMPLES/miscellaneo.1
GNU	m4_0.5.tar.Z	181852	ok	M4_0.5/EXAMPLES/miscellaneo.2
GNU	m4_0.5.tar.Z	181852	ok	M4_0.5/EXAMPLES/miscellaneo.3
GNU	m4_0.5.tar.Z	181852	ok	M4_0.5/EXAMPLES/miscellaneo.4
GNU	m4_0.5.tar.Z	181852	ok	M4_0.5/EXAMPLES/miscellaneo.5
GNU	m4_0.5.tar.Z	181852	ok	M4_0.5/EXAMPLES/miscellaneo.6
GNU	m4_0.5.tar.Z	181852	ok	M4_0.5/Plans
GNU	m4_0.5.tar.Z	181852	ok	M4_0.5/ReadMe
GNU	m4_0.5.tar.Z	181852	ok	M4_0.5/TEST/
GNU	m4_0.5.tar.Z	181852	ok	M4_0.5/TEST/pushpop.m4
GNU	m4_0.5.tar.Z	181852	ok	M4_0.5/TEST/forloop.m4
GNU	m4_0.5.tar.Z	181852	ok	M4_0.5/TEST/sysv_args.m4
GNU	m4_0.5.tar.Z	181852	ok	M4_0.5/TEST/wrap.m4
GNU	m4_0.5.tar.Z	181852	ok	M4_0.5/TEST/foreach.m4
GNU	m4_0.5.tar.Z	181852	ok	M4_0.5/TEST/incl_test.m4
GNU	m4_0.5.tar.Z	181852	ok	M4_0.5/TEST/include.m4
GNU	m4_0.5.tar.Z	181852	ok	M4_0.5/TEST/hanoi.m4
GNU	m4_0.5.tar.Z	181852	ok	M4_0.5/TEST/misc.m4
GNU	m4_0.5.tar.Z	181852	ok	M4_0.5/TEST/fstab.m4
GNU	m4_0.5.tar.Z	181852	ok	M4_0.5/TEST/comments.m4
GNU	m4_0.5.tar.Z	181852	ok	M4_0.5/TEST/sync_lines.m4
GNU	m4_0.5.tar.Z	181852	ok	M4_0.5/TEST/divert.m4
GNU	m4_0.5.tar.Z	181852	ok	M4_0.5/builtin.c
GNU	m4_0.5.tar.Z	181852	ok	M4_0.5/dotest.zsh
GNU	m4_0.5.tar.Z	181852	ok	M4_0.5/eval.c
GNU	m4_0.5.tar.Z	181852	ok	M4_0.5/input.c
GNU	m4_0.5.tar.Z	181852	ok	M4_0.5/m4
GNU	m4_0.5.tar.Z	181852	ok	M4_0.5/m4.c
GNU	m4_0.5.tar.Z	181852	ok	M4_0.5/m4.doc
GNU	m4_0.5.tar.Z	181852	ok	M4_0.5/m4.dvi
GNU	m4_0.5.tar.Z	181852	ok	M4_0.5/m4.h
GNU	m4_0.5.tar.Z	181852	ok	M4_0.5/m4.texinfo
GNU	m4_0.5.tar.Z	181852	ok	M4_0.5/macro.c
GNU	m4_0.5.tar.Z	181852	ok	M4_0.5/makefile
GNU	m4_0.5.tar.Z	181852	ok	M4_0.5/newvers.sh
GNU	m4_0.5.tar.Z	181852	ok	M4_0.5/obstack.c
GNU	m4_0.5.tar.Z	181852	ok	M4_0.5/obstack.h
GNU	m4_0.5.tar.Z	181852	ok	M4_0.5/oskvprintf.c
GNU	m4_0.5.tar.Z	181852	ok	M4_0.5/output.c
GNU	m4_0.5.tar.Z	181852	ok	M4_0.5/symtab.c
GNU	m4_0.5.tar.Z	181852	ok	M4_0.5/version.h
GNU	m4_0.5.tar.Z	181852	ok	M4_0.5/vfprintf.c
GNU	m4_0.5.tar.Z	181852	ok	M4_0.5/RELS/
GNU	makeinfo.lzh	36419	ok	makeinfo
GNU	makeinfo_src.lzh	65934	ok	getopt.c
GNU	makeinfo_src.lzh	65934	ok	getopt.h
GNU	makeinfo_src.lzh	65934	ok	getopt1.c
GNU	makeinfo_src.lzh	65934	ok	make_dvi
GNU	makeinfo_src.lzh	65934	ok	makefile
GNU	makeinfo_src.lzh	65934	ok	makeinfo.c
GNU	makeinfo_src.lzh	65934	ok	readme
GNU	makeinfo_src.lzh	65934	ok	texindex.c
GNU	prsnam	212	os9_module	prsnam
GNU	sed_1.06.Z	26960	plain_Z	sed_1.06
GNU	sed_1.06.tar.Z	48780	ok	SED_1.06
GNU	sed_1.06.tar.Z	48780	ok	SED_1.06/README
GNU	sed_1.06.tar.Z	48780	ok	SED_1.06/ctrans
GNU	sed_1.06.tar.Z	48780	ok	SED_1.06/glob.c
GNU	sed_1.06.tar.Z	48780	ok	SED_1.06/makefile
GNU	sed_1.06.tar.Z	48780	ok	SED_1.06/pascal
GNU	sed_1.06.tar.Z	48780	ok	SED_1.06/regex.c
GNU	sed_1.06.tar.Z	48780	ok	SED_1.06/regex.h
GNU	sed_1.06.tar.Z	48780	ok	SED_1.06/sed.c
GNU	sed_1.06.tar.Z	48780	ok	SED_1.06/RELS
LANGUAGES	OB68_116.ABS	455	bare_file	OB68_116.ABS
LANGUAGES	OB68_116.LZH	111526	ok	basic.h
LANGUAGES	OB68_116.LZH	111526	ok	basic.l
LANGUAGES	OB68_116.LZH	111526	ok	bench1
LANGUAGES	OB68_116.LZH	111526	ok	bench1.b
LANGUAGES	OB68_116.LZH	111526	ok	bench10
LANGUAGES	OB68_116.LZH	111526	ok	bench10.b
LANGUAGES	OB68_116.LZH	111526	ok	bench11.b
LANGUAGES	OB68_116.LZH	111526	ok	bench2
LANGUAGES	OB68_116.LZH	111526	ok	bench2.b
LANGUAGES	OB68_116.LZH	111526	ok	bench3
LANGUAGES	OB68_116.LZH	111526	ok	bench3.b
LANGUAGES	OB68_116.LZH	111526	ok	bench4
LANGUAGES	OB68_116.LZH	111526	ok	bench4.b
LANGUAGES	OB68_116.LZH	111526	ok	bench5
LANGUAGES	OB68_116.LZH	111526	ok	bench5.b
LANGUAGES	OB68_116.LZH	111526	ok	bench6
LANGUAGES	OB68_116.LZH	111526	ok	bench6.b
LANGUAGES	OB68_116.LZH	111526	ok	bench7
LANGUAGES	OB68_116.LZH	111526	ok	bench7.b
LANGUAGES	OB68_116.LZH	111526	ok	bench8
LANGUAGES	OB68_116.LZH	111526	ok	bench8.b
LANGUAGES	OB68_116.LZH	111526	ok	bench9
LANGUAGES	OB68_116.LZH	111526	ok	bench9.b
LANGUAGES	OB68_116.LZH	111526	ok	brochure
LANGUAGES	OB68_116.LZH	111526	ok	cat.b
LANGUAGES	OB68_116.LZH	111526	ok	conv.b
LANGUAGES	OB68_116.LZH	111526	ok	fdump.b
LANGUAGES	OB68_116.LZH	111526	ok	lst.b
LANGUAGES	OB68_116.LZH	111526	ok	mini_manual
LANGUAGES	OB68_116.LZH	111526	ok	ob68kdemo
LANGUAGES	OB68_116.LZH	111526	ok	omnibasic.faq
LANGUAGES	OB68_116.LZH	111526	ok	pu.b
LANGUAGES	OB68_116.LZH	111526	ok	pu1.b
LANGUAGES	OB68_116.LZH	111526	ok	pu2.b
LANGUAGES	OB68_116.LZH	111526	ok	pu3.b
LANGUAGES	OB68_116.LZH	111526	ok	pu4.b
LANGUAGES	OB68_116.LZH	111526	ok	pu5.b
LANGUAGES	OB68_116.LZH	111526	ok	pu6.b
LANGUAGES	OB68_116.LZH	111526	ok	read.me
LANGUAGES	OB68_116.LZH	111526	ok	rm.b
LANGUAGES	f68k.tar.Z	394555	ok	amiga
LANGUAGES	f68k.tar.Z	394555	ok	amiga/amiga.doc
LANGUAGES	f68k.tar.Z	394555	ok	amiga/f68k.cfg
LANGUAGES	f68k.tar.Z	394555	ok	amiga/load4th
LANGUAGES	f68k.tar.Z	394555	ok	amiga/load4th.c
LANGUAGES	f68k.tar.Z	394555	ok	amiga/load4th.inf
LANGUAGES	f68k.tar.Z	394555	ok	atari
LANGUAGES	f68k.tar.Z	394555	ok	atari/f68k.cfg
LANGUAGES	f68k.tar.Z	394555	ok	atari/f68k.out
LANGUAGES	f68k.tar.Z	394555	ok	atari/f68k.prj
LANGUAGES	f68k.tar.Z	394555	ok	atari/f68k.ttp
LANGUAGES	f68k.tar.Z	394555	ok	atari/kernel.cfg
LANGUAGES	f68k.tar.Z	394555	ok	atari/loader.c
LANGUAGES	f68k.tar.Z	394555	ok	atari/pcf68k.prj
LANGUAGES	f68k.tar.Z	394555	ok	atari/sloader.s
LANGUAGES	f68k.tar.Z	394555	ok	bigdev.scr
LANGUAGES	f68k.tar.Z	394555	ok	bigdev.zoo
LANGUAGES	f68k.tar.Z	394555	ok	changes.txt
LANGUAGES	f68k.tar.Z	394555	ok	dev.scr
LANGUAGES	f68k.tar.Z	394555	ok	docf68k.txt
LANGUAGES	f68k.tar.Z	394555	ok	f68k.s
LANGUAGES	f68k.tar.Z	394555	ok	kern_ta.img
LANGUAGES	f68k.tar.Z	394555	ok	oldsrc
LANGUAGES	f68k.tar.Z	394555	ok	oldsrc/case.exp
LANGUAGES	f68k.tar.Z	394555	ok	oldsrc/editor.exp
LANGUAGES	f68k.tar.Z	394555	ok	os9
LANGUAGES	f68k.tar.Z	394555	ok	os9/os9lader
LANGUAGES	f68k.tar.Z	394555	ok	os9/os9lader.c
LANGUAGES	f68k.tar.Z	394555	ok	ql
LANGUAGES	f68k.tar.Z	394555	ok	ql/bootf68k.ql
LANGUAGES	f68k.tar.Z	394555	ok	ql/changes.txt
LANGUAGES	f68k.tar.Z	394555	ok	ql/config.exe
LANGUAGES	f68k.tar.Z	394555	ok	ql/qlconfig.cde
LANGUAGES	f68k.tar.Z	394555	ok	ql/qlconfig.exe
LANGUAGES	f68k.tar.Z	394555	ok	ql/qlf68k.asm
LANGUAGES	f68k.tar.Z	394555	ok	ql/qlf68k.cde
LANGUAGES	f68k.tar.Z	394555	ok	ql/qlf68k.exe
LANGUAGES	f68k.tar.Z	394555	ok	ql/qlf68k.txt
LANGUAGES	f68k.tar.Z	394555	ok	raw.scr
LANGUAGES	lua.doc.zip	32416	ok	idx.html
LANGUAGES	lua.doc.zip	32416	ok	index.html
LANGUAGES	lua.doc.zip	32416	ok	luac.html
LANGUAGES	lua.doc.zip	32416	ok	manual.html
LANGUAGES	lua.src.zip	258907	ok	LUA/
LANGUAGES	lua.src.zip	258907	ok	LUA/BIN/
LANGUAGES	lua.src.zip	258907	ok	LUA/BIN/lua
LANGUAGES	lua.src.zip	258907	ok	LUA/BIN/luac
LANGUAGES	lua.src.zip	258907	ok	LUA/BIN/runc
LANGUAGES	lua.src.zip	258907	ok	LUA/CLIENTS/LIB/
LANGUAGES	lua.src.zip	258907	ok	LUA/CLIENTS/LIB/iolib.c
LANGUAGES	lua.src.zip	258907	ok	LUA/CLIENTS/LIB/Makefile
LANGUAGES	lua.src.zip	258907	ok	LUA/CLIENTS/LIB/makefile.ori
LANGUAGES	lua.src.zip	258907	ok	LUA/CLIENTS/LIB/mathlib.c
LANGUAGES	lua.src.zip	258907	ok	LUA/CLIENTS/LIB/OSK/
LANGUAGES	lua.src.zip	258907	ok	LUA/CLIENTS/LIB/OSK/events.txt
LANGUAGES	lua.src.zip	258907	ok	LUA/CLIENTS/LIB/OSK/fnmatch.c
LANGUAGES	lua.src.zip	258907	ok	LUA/CLIENTS/LIB/OSK/getpass.c
LANGUAGES	lua.src.zip	258907	ok	LUA/CLIENTS/LIB/OSK/init.c
LANGUAGES	lua.src.zip	258907	ok	LUA/CLIENTS/LIB/OSK/IO/
LANGUAGES	lua.src.zip	258907	ok	LUA/CLIENTS/LIB/OSK/IO/_input.c
LANGUAGES	lua.src.zip	258907	ok	LUA/CLIENTS/LIB/OSK/IO/fscanf.c
LANGUAGES	lua.src.zip	258907	ok	LUA/CLIENTS/LIB/OSK/IO/makefile
LANGUAGES	lua.src.zip	258907	ok	LUA/CLIENTS/LIB/OSK/IO/RELS/
LANGUAGES	lua.src.zip	258907	ok	LUA/CLIENTS/LIB/OSK/IO/scanf.c
LANGUAGES	lua.src.zip	258907	ok	LUA/CLIENTS/LIB/OSK/IO/sscanf.c
LANGUAGES	lua.src.zip	258907	ok	LUA/CLIENTS/LIB/OSK/makefile
LANGUAGES	lua.src.zip	258907	ok	LUA/CLIENTS/LIB/OSK/misc.c
LANGUAGES	lua.src.zip	258907	ok	LUA/CLIENTS/LIB/OSK/module.c
LANGUAGES	lua.src.zip	258907	ok	LUA/CLIENTS/LIB/OSK/osklib.h
LANGUAGES	lua.src.zip	258907	ok	LUA/CLIENTS/LIB/OSK/popen.c
LANGUAGES	lua.src.zip	258907	ok	LUA/CLIENTS/LIB/OSK/RELS/
LANGUAGES	lua.src.zip	258907	ok	LUA/CLIENTS/LIB/OSK/stat.c
LANGUAGES	lua.src.zip	258907	ok	LUA/CLIENTS/LIB/OSK/stat.h
LANGUAGES	lua.src.zip	258907	ok	LUA/CLIENTS/LIB/OSK/statlib.c
LANGUAGES	lua.src.zip	258907	ok	LUA/CLIENTS/LIB/OSK/TEST/
LANGUAGES	lua.src.zip	258907	ok	LUA/CLIENTS/LIB/OSK/TEST/args.lua
LANGUAGES	lua.src.zip	258907	ok	LUA/CLIENTS/LIB/OSK/TEST/bin.lua
LANGUAGES	lua.src.zip	258907	ok	LUA/CLIENTS/LIB/OSK/TEST/callmod.lua
LANGUAGES	lua.src.zip	258907	ok	LUA/CLIENTS/LIB/OSK/TEST/dirl.lua
LANGUAGES	lua.src.zip	258907	ok	LUA/CLIENTS/LIB/OSK/TEST/dren.lua
LANGUAGES	lua.src.zip	258907	ok	LUA/CLIENTS/LIB/OSK/TEST/error.lua
LANGUAGES	lua.src.zip	258907	ok	LUA/CLIENTS/LIB/OSK/TEST/input.lua
LANGUAGES	lua.src.zip	258907	ok	LUA/CLIENTS/LIB/OSK/TEST/mod.lua
LANGUAGES	lua.src.zip	258907	ok	LUA/CLIENTS/LIB/OSK/TEST/mod2.lua
LANGUAGES	lua.src.zip	258907	ok	LUA/CLIENTS/LIB/OSK/TEST/mod3.lua
LANGUAGES	lua.src.zip	258907	ok	LUA/CLIENTS/LIB/OSK/TEST/nt.lua
LANGUAGES	lua.src.zip	258907	ok	LUA/CLIENTS/LIB/OSK/TEST/osk.lua
LANGUAGES	lua.src.zip	258907	ok	LUA/CLIENTS/LIB/OSK/TEST/pass.lua
LANGUAGES	lua.src.zip	258907	ok	LUA/CLIENTS/LIB/OSK/TEST/printf.lua
LANGUAGES	lua.src.zip	258907	ok	LUA/CLIENTS/LIB/OSK/TEST/ref.lua
LANGUAGES	lua.src.zip	258907	ok	LUA/CLIENTS/LIB/OSK/TEST/self.lua
LANGUAGES	lua.src.zip	258907	ok	LUA/CLIENTS/LIB/OSK/TEST/tags.lua
LANGUAGES	lua.src.zip	258907	ok	LUA/CLIENTS/LIB/OSK/TEST/vars.lua
LANGUAGES	lua.src.zip	258907	ok	LUA/CLIENTS/LIB/RELS/
LANGUAGES	lua.src.zip	258907	ok	LUA/CLIENTS/LIB/strlib.c
LANGUAGES	lua.src.zip	258907	ok	LUA/CLIENTS/LUA/
LANGUAGES	lua.src.zip	258907	ok	LUA/CLIENTS/LUA/lua.c
LANGUAGES	lua.src.zip	258907	ok	LUA/CLIENTS/LUA/Makefile
LANGUAGES	lua.src.zip	258907	ok	LUA/CLIENTS/LUA/makefile.ori
LANGUAGES	lua.src.zip	258907	ok	LUA/CLIENTS/LUA/README
LANGUAGES	lua.src.zip	258907	ok	LUA/CLIENTS/LUA/RELS/
LANGUAGES	lua.src.zip	258907	ok	LUA/CLIENTS/LUA/runc.c
LANGUAGES	lua.src.zip	258907	ok	LUA/CLIENTS/LUA/srcdbg.init
LANGUAGES	lua.src.zip	258907	ok	LUA/config
LANGUAGES	lua.src.zip	258907	ok	LUA/config.ori
LANGUAGES	lua.src.zip	258907	ok	LUA/copyright
LANGUAGES	lua.src.zip	258907	ok	LUA/DOC/
LANGUAGES	lua.src.zip	258907	ok	LUA/history
LANGUAGES	lua.src.zip	258907	ok	LUA/INCLUDE/
LANGUAGES	lua.src.zip	258907	ok	LUA/INCLUDE/auxlib.h
LANGUAGES	lua.src.zip	258907	ok	LUA/INCLUDE/lua.h
LANGUAGES	lua.src.zip	258907	ok	LUA/INCLUDE/luadebug.h
LANGUAGES	lua.src.zip	258907	ok	LUA/INCLUDE/lualib.h
LANGUAGES	lua.src.zip	258907	ok	LUA/INCLUDE/luamod.h
LANGUAGES	lua.src.zip	258907	ok	LUA/INCLUDE/Makefile
LANGUAGES	lua.src.zip	258907	ok	LUA/install
LANGUAGES	lua.src.zip	258907	ok	LUA/LIB/
LANGUAGES	lua.src.zip	258907	ok	LUA/LIB/ldblib.l
LANGUAGES	lua.src.zip	258907	ok	LUA/LIB/lua.l
LANGUAGES	lua.src.zip	258907	ok	LUA/LIB/lualib.l
LANGUAGES	lua.src.zip	258907	ok	LUA/LIB/matchlib.l
LANGUAGES	lua.src.zip	258907	ok	LUA/LIB/osklib.l
LANGUAGES	lua.src.zip	258907	ok	LUA/LIB/scanf.l
LANGUAGES	lua.src.zip	258907	ok	LUA/makefile
LANGUAGES	lua.src.zip	258907	ok	LUA/makefile.ori
LANGUAGES	lua.src.zip	258907	ok	LUA/osklib.html
LANGUAGES	lua.src.zip	258907	ok	LUA/readme
LANGUAGES	lua.src.zip	258907	ok	LUA/readme.lua
LANGUAGES	lua.src.zip	258907	ok	LUA/run.me
LANGUAGES	lua.src.zip	258907	ok	LUA/SRC/
LANGUAGES	lua.src.zip	258907	ok	LUA/SRC/auxlib.c
LANGUAGES	lua.src.zip	258907	ok	LUA/SRC/auxlib.h
LANGUAGES	lua.src.zip	258907	ok	LUA/SRC/fallback.c
LANGUAGES	lua.src.zip	258907	ok	LUA/SRC/fallback.h
LANGUAGES	lua.src.zip	258907	ok	LUA/SRC/func.c
LANGUAGES	lua.src.zip	258907	ok	LUA/SRC/func.h
LANGUAGES	lua.src.zip	258907	ok	LUA/SRC/hash.c
LANGUAGES	lua.src.zip	258907	ok	LUA/SRC/hash.h
LANGUAGES	lua.src.zip	258907	ok	LUA/SRC/inout.c
LANGUAGES	lua.src.zip	258907	ok	LUA/SRC/inout.h
LANGUAGES	lua.src.zip	258907	ok	LUA/SRC/lex.c
LANGUAGES	lua.src.zip	258907	ok	LUA/SRC/lex.h
LANGUAGES	lua.src.zip	258907	ok	LUA/SRC/lua.stx
LANGUAGES	lua.src.zip	258907	ok	LUA/SRC/LUAC/
LANGUAGES	lua.src.zip	258907	ok	LUA/SRC/LUAC/dump.c
LANGUAGES	lua.src.zip	258907	ok	LUA/SRC/LUAC/luac.c
LANGUAGES	lua.src.zip	258907	ok	LUA/SRC/LUAC/luac.h
LANGUAGES	lua.src.zip	258907	ok	LUA/SRC/LUAC/luamod.c
LANGUAGES	lua.src.zip	258907	ok	LUA/SRC/LUAC/makefile
LANGUAGES	lua.src.zip	258907	ok	LUA/SRC/LUAC/Makefile.ori
LANGUAGES	lua.src.zip	258907	ok	LUA/SRC/LUAC/print.c
LANGUAGES	lua.src.zip	258907	ok	LUA/SRC/LUAC/print.h
LANGUAGES	lua.src.zip	258907	ok	LUA/SRC/LUAC/RELS/
LANGUAGES	lua.src.zip	258907	ok	LUA/SRC/LUAC/srcdbg.init
LANGUAGES	lua.src.zip	258907	ok	LUA/SRC/luamem.c
LANGUAGES	lua.src.zip	258907	ok	LUA/SRC/luamem.h
LANGUAGES	lua.src.zip	258907	ok	LUA/SRC/Makefile
LANGUAGES	lua.src.zip	258907	ok	LUA/SRC/makefile.ori
LANGUAGES	lua.src.zip	258907	ok	LUA/SRC/opcode.c
LANGUAGES	lua.src.zip	258907	ok	LUA/SRC/opcode.h
LANGUAGES	lua.src.zip	258907	ok	LUA/SRC/parser.c
LANGUAGES	lua.src.zip	258907	ok	LUA/SRC/parser.h
LANGUAGES	lua.src.zip	258907	ok	LUA/SRC/RELS/
LANGUAGES	lua.src.zip	258907	ok	LUA/SRC/table.c
LANGUAGES	lua.src.zip	258907	ok	LUA/SRC/table.h
LANGUAGES	lua.src.zip	258907	ok	LUA/SRC/tree.c
LANGUAGES	lua.src.zip	258907	ok	LUA/SRC/tree.h
LANGUAGES	lua.src.zip	258907	ok	LUA/SRC/types.h
LANGUAGES	lua.src.zip	258907	ok	LUA/SRC/undump.c
LANGUAGES	lua.src.zip	258907	ok	LUA/SRC/undump.h
LANGUAGES	lua.src.zip	258907	ok	LUA/SRC/zio.c
LANGUAGES	lua.src.zip	258907	ok	LUA/SRC/zio.h
LANGUAGES	lua.src.zip	258907	ok	LUA/TEST/
LANGUAGES	lua.src.zip	258907	ok	LUA/TEST/array.lua
LANGUAGES	lua.src.zip	258907	ok	LUA/TEST/bisect.lua
LANGUAGES	lua.src.zip	258907	ok	LUA/TEST/cf.lua
LANGUAGES	lua.src.zip	258907	ok	LUA/TEST/dump.lua
LANGUAGES	lua.src.zip	258907	ok	LUA/TEST/EXAMPLES/PS/
LANGUAGES	lua.src.zip	258907	ok	LUA/TEST/EXAMPLES/PS/hilbert.lua
LANGUAGES	lua.src.zip	258907	ok	LUA/TEST/EXAMPLES/PS/ps.lua
LANGUAGES	lua.src.zip	258907	ok	LUA/TEST/EXAMPLES/WWW/
LANGUAGES	lua.src.zip	258907	ok	LUA/TEST/EXAMPLES/WWW/db.lua
LANGUAGES	lua.src.zip	258907	ok	LUA/TEST/EXAMPLES/WWW/readme
LANGUAGES	lua.src.zip	258907	ok	LUA/TEST/EXAMPLES/WWW/staff.lua
LANGUAGES	lua.src.zip	258907	ok	LUA/TEST/EXAMPLES/WWW/template.html
LANGUAGES	lua.src.zip	258907	ok	LUA/TEST/hello.lua
LANGUAGES	lua.src.zip	258907	ok	LUA/TEST/readme
LANGUAGES	lua.src.zip	258907	ok	LUA/TEST/save.lua
LANGUAGES	lua.src.zip	258907	ok	LUA/TEST/sort.lua
LANGUAGES	p2c.lha	245001	ok	COPYING
LANGUAGES	p2c.lha	245001	ok	README.osk
LANGUAGES	p2c.lha	245001	ok	libp2c.l
LANGUAGES	p2c.lha	245001	ok	loc.p2crc
LANGUAGES	p2c.lha	245001	ok	makefile
LANGUAGES	p2c.lha	245001	ok	p2c
LANGUAGES	p2c.lha	245001	ok	p2c.1
LANGUAGES	p2c.lha	245001	ok	p2c.h
LANGUAGES	p2c.lha	245001	ok	p2crc
LANGUAGES	p2c.lha	245001	ok	p2crc.small
LANGUAGES	p2c.lha	245001	ok	string.pas
LANGUAGES	p2c.lha	245001	ok	system.imp
LANGUAGES	p2c.lha	245001	ok	system.m2
LANGUAGES	p2c.lha	245001	ok	turbo.imp
LANGUAGES	readme.lua	1183	bare_file	readme.lua
LANGUAGES	xlate.lzh	60800	ok	makefile
LANGUAGES	xlate.lzh	60800	ok	static.c
LANGUAGES	xlate.lzh	60800	ok	tab
LANGUAGES	xlate.lzh	60800	ok	tab.txt
LANGUAGES	xlate.lzh	60800	ok	test1.68
LANGUAGES	xlate.lzh	60800	ok	test1.a
LANGUAGES	xlate.lzh	60800	ok	test2.68
LANGUAGES	xlate.lzh	60800	ok	test2.a
LANGUAGES	xlate.lzh	60800	ok	test3.68
LANGUAGES	xlate.lzh	60800	ok	test3.a
LANGUAGES	xlate.lzh	60800	ok	xlate
LANGUAGES	xlate.lzh	60800	ok	xlate.c
LANGUAGES	xlate.lzh	60800	ok	xlate.h
LANGUAGES	xlate.lzh	60800	ok	xlate.txt
LIB	OS9_os9lib.tar.Z	365147	ok	os9lib
LIB	OS9_os9lib.tar.Z	365147	ok	os9lib/source
LIB	OS9_os9lib.tar.Z	365147	ok	os9lib/source/alarm.c
LIB	OS9_os9lib.tar.Z	365147	ok	os9lib/source/atime.c
LIB	OS9_os9lib.tar.Z	365147	ok	os9lib/source/bcopy.c
LIB	OS9_os9lib.tar.Z	365147	ok	os9lib/source/bootdrv.c
LIB	OS9_os9lib.tar.Z	365147	ok	os9lib/source/bsearch.c
LIB	OS9_os9lib.tar.Z	365147	ok	os9lib/source/chgrppass.c
LIB	OS9_os9lib.tar.Z	365147	ok	os9lib/source/chpass.c
LIB	OS9_os9lib.tar.Z	365147	ok	os9lib/source/creat.c
LIB	OS9_os9lib.tar.Z	365147	ok	os9lib/source/crypt.c
LIB	OS9_os9lib.tar.Z	365147	ok	os9lib/source/cuserid.c
LIB	OS9_os9lib.tar.Z	365147	ok	os9lib/source/dbm.c
LIB	OS9_os9lib.tar.Z	365147	ok	os9lib/source/doprnt.c
LIB	OS9_os9lib.tar.Z	365147	ok	os9lib/source/getid.c
LIB	OS9_os9lib.tar.Z	365147	ok	os9lib/source/fcntl.c
LIB	OS9_os9lib.tar.Z	365147	ok	os9lib/source/findmod.c
LIB	OS9_os9lib.tar.Z	365147	ok	os9lib/source/fprintf.c
LIB	OS9_os9lib.tar.Z	365147	ok	os9lib/source/fsync.c
LIB	OS9_os9lib.tar.Z	365147	ok	os9lib/source/ftime.c
LIB	OS9_os9lib.tar.Z	365147	ok	os9lib/source/getargs.c
LIB	OS9_os9lib.tar.Z	365147	ok	os9lib/source/getcwd.c
LIB	OS9_os9lib.tar.Z	365147	ok	os9lib/source/gethname.c
LIB	OS9_os9lib.tar.Z	365147	ok	os9lib/source/getopt.c
LIB	OS9_os9lib.tar.Z	365147	ok	os9lib/source/getlog.c
LIB	OS9_os9lib.tar.Z	365147	ok	os9lib/source/getlogin.c
LIB	OS9_os9lib.tar.Z	365147	ok	os9lib/source/getmuid.c
LIB	OS9_os9lib.tar.Z	365147	ok	os9lib/source/getopt1.c
LIB	OS9_os9lib.tar.Z	365147	ok	os9lib/source/getpass.c
LIB	OS9_os9lib.tar.Z	365147	ok	os9lib/source/getppid.c
LIB	OS9_os9lib.tar.Z	365147	ok	os9lib/source/gettimeofday.c
LIB	OS9_os9lib.tar.Z	365147	ok	os9lib/source/getwd.c
LIB	OS9_os9lib.tar.Z	365147	ok	os9lib/source/grp.c
LIB	OS9_os9lib.tar.Z	365147	ok	os9lib/source/info.c
LIB	OS9_os9lib.tar.Z	365147	ok	os9lib/source/killpg.c
LIB	OS9_os9lib.tar.Z	365147	ok	os9lib/source/isatty.c
LIB	OS9_os9lib.tar.Z	365147	ok	os9lib/source/ln.c
LIB	OS9_os9lib.tar.Z	365147	ok	os9lib/source/makenv.c
LIB	OS9_os9lib.tar.Z	365147	ok	os9lib/source/mdir.c
LIB	OS9_os9lib.tar.Z	365147	ok	os9lib/source/mkdir.c
LIB	OS9_os9lib.tar.Z	365147	ok	os9lib/source/select.c
LIB	OS9_os9lib.tar.Z	365147	ok	os9lib/source/opendir.c
LIB	OS9_os9lib.tar.Z	365147	ok	os9lib/source/perror.c
LIB	OS9_os9lib.tar.Z	365147	ok	os9lib/source/pipe.c
LIB	OS9_os9lib.tar.Z	365147	ok	os9lib/source/popen.c
LIB	OS9_os9lib.tar.Z	365147	ok	os9lib/source/printf.c
LIB	OS9_os9lib.tar.Z	365147	ok	os9lib/source/putenv.c
LIB	OS9_os9lib.tar.Z	365147	ok	os9lib/source/pw.c
LIB	OS9_os9lib.tar.Z	365147	ok	os9lib/source/rand.c
LIB	OS9_os9lib.tar.Z	365147	ok	os9lib/source/regerror.c
LIB	OS9_os9lib.tar.Z	365147	ok	os9lib/source/regexp.c
LIB	OS9_os9lib.tar.Z	365147	ok	os9lib/source/regsub.c
LIB	OS9_os9lib.tar.Z	365147	ok	os9lib/source/rnd.c
LIB	OS9_os9lib.tar.Z	365147	ok	os9lib/source/rndsalt.c
LIB	OS9_os9lib.tar.Z	365147	ok	os9lib/source/scandir.c
LIB	OS9_os9lib.tar.Z	365147	ok	os9lib/source/signal.a
LIB	OS9_os9lib.tar.Z	365147	ok	os9lib/source/setvbuf.c
LIB	OS9_os9lib.tar.Z	365147	ok	os9lib/source/sprintf.c
LIB	OS9_os9lib.tar.Z	365147	ok	os9lib/source/stat.c
LIB	OS9_os9lib.tar.Z	365147	ok	os9lib/source/strchr.c
LIB	OS9_os9lib.tar.Z	365147	ok	os9lib/source/strcspn.c
LIB	OS9_os9lib.tar.Z	365147	ok	os9lib/source/strdup.c
LIB	OS9_os9lib.tar.Z	365147	ok	os9lib/source/strerror.c
LIB	OS9_os9lib.tar.Z	365147	ok	os9lib/source/strlwr.c
LIB	OS9_os9lib.tar.Z	365147	ok	os9lib/source/strpbrk.c
LIB	OS9_os9lib.tar.Z	365147	ok	os9lib/source/strrchr.c
LIB	OS9_os9lib.tar.Z	365147	ok	os9lib/source/strset.c
LIB	OS9_os9lib.tar.Z	365147	ok	os9lib/source/strspn.c
LIB	OS9_os9lib.tar.Z	365147	ok	os9lib/source/strstr.c
LIB	OS9_os9lib.tar.Z	365147	ok	os9lib/source/strtok.c
LIB	OS9_os9lib.tar.Z	365147	ok	os9lib/source/strupr.c
LIB	OS9_os9lib.tar.Z	365147	ok	os9lib/source/swab.c
LIB	OS9_os9lib.tar.Z	365147	ok	os9lib/source/syserr.c
LIB	OS9_os9lib.tar.Z	365147	ok	os9lib/source/tempnam.c
LIB	OS9_os9lib.tar.Z	365147	ok	os9lib/source/times.c
LIB	OS9_os9lib.tar.Z	365147	ok	os9lib/source/tptype.c
LIB	OS9_os9lib.tar.Z	365147	ok	os9lib/source/trunc.c
LIB	OS9_os9lib.tar.Z	365147	ok	os9lib/source/ttynam.c
LIB	OS9_os9lib.tar.Z	365147	ok	os9lib/source/umask.c
LIB	OS9_os9lib.tar.Z	365147	ok	os9lib/source/utime.c
LIB	OS9_os9lib.tar.Z	365147	ok	os9lib/source/utmp.c
LIB	OS9_os9lib.tar.Z	365147	ok	os9lib/source/vfprintf.c
LIB	OS9_os9lib.tar.Z	365147	ok	os9lib/source/vprintf.c
LIB	OS9_os9lib.tar.Z	365147	ok	os9lib/source/vsprintf.c
LIB	OS9_os9lib.tar.Z	365147	ok	os9lib/source/writev.c
LIB	OS9_os9lib.tar.Z	365147	ok	os9lib/source/infomod.h
LIB	OS9_os9lib.tar.Z	365147	ok	os9lib/source/regexp.h
LIB	OS9_os9lib.tar.Z	365147	ok	os9lib/source/regmagic.h
LIB	OS9_os9lib.tar.Z	365147	ok	os9lib/source/_select.a
LIB	OS9_os9lib.tar.Z	365147	ok	os9lib/source/alloca.a
LIB	OS9_os9lib.tar.Z	365147	ok	os9lib/source/bus_error.a
LIB	OS9_os9lib.tar.Z	365147	ok	os9lib/source/ffs.a
LIB	OS9_os9lib.tar.Z	365147	ok	os9lib/source/setstat.a
LIB	OS9_os9lib.tar.Z	365147	ok	os9lib/source/dbm.h
LIB	OS9_os9lib.tar.Z	365147	ok	os9lib/source/rcsid
LIB	OS9_os9lib.tar.Z	365147	ok	os9lib/source/makefile
LIB	OS9_os9lib.tar.Z	365147	ok	os9lib/source/open.c
LIB	OS9_os9lib.tar.Z	365147	ok	os9lib/source/execl.c
LIB	OS9_os9lib.tar.Z	365147	ok	os9lib/source/ioctl.c
LIB	OS9_os9lib.tar.Z	365147	ok	os9lib/source/access.c
LIB	OS9_os9lib.tar.Z	365147	ok	os9lib/source/readv.c
LIB	OS9_os9lib.tar.Z	365147	ok	os9lib/source/CHANGES
LIB	OS9_os9lib.tar.Z	365147	ok	os9lib/source/GNUmakefile
LIB	OS9_os9lib.tar.Z	365147	ok	os9lib/source/all
LIB	OS9_os9lib.tar.Z	365147	ok	os9lib/source/strcasecmp.c
LIB	OS9_os9lib.tar.Z	365147	ok	os9lib/source/atan2.c
LIB	OS9_os9lib.tar.Z	365147	ok	os9lib/source/tmpnam.c
LIB	OS9_os9lib.tar.Z	365147	ok	os9lib/source/unlink.c
LIB	OS9_os9lib.tar.Z	365147	ok	os9lib/source/fscanf.c
LIB	OS9_os9lib.tar.Z	365147	ok	os9lib/source/scanf.c
LIB	OS9_os9lib.tar.Z	365147	ok	os9lib/source/sscanf.c
LIB	OS9_os9lib.tar.Z	365147	ok	os9lib/source/_input.c
LIB	OS9_os9lib.tar.Z	365147	ok	os9lib/source/strtod.c
LIB	OS9_os9lib.tar.Z	365147	ok	os9lib/defs
LIB	OS9_os9lib.tar.Z	365147	ok	os9lib/defs/SYS
LIB	OS9_os9lib.tar.Z	365147	ok	os9lib/defs/SYS/fcntl.h
LIB	OS9_os9lib.tar.Z	365147	ok	os9lib/defs/SYS/file.h
LIB	OS9_os9lib.tar.Z	365147	ok	os9lib/defs/SYS/filio.h
LIB	OS9_os9lib.tar.Z	365147	ok	os9lib/defs/SYS/time.h
LIB	OS9_os9lib.tar.Z	365147	ok	os9lib/defs/SYS/timeb.h
LIB	OS9_os9lib.tar.Z	365147	ok	os9lib/defs/SYS/times.h
LIB	OS9_os9lib.tar.Z	365147	ok	os9lib/defs/SYS/types.h
LIB	OS9_os9lib.tar.Z	365147	ok	os9lib/defs/SYS/uio.h
LIB	OS9_os9lib.tar.Z	365147	ok	os9lib/defs/SYS/termios.h
LIB	OS9_os9lib.tar.Z	365147	ok	os9lib/defs/SYS/ioccom.h
LIB	OS9_os9lib.tar.Z	365147	ok	os9lib/defs/SYS/sysmacros.h
LIB	OS9_os9lib.tar.Z	365147	ok	os9lib/defs/SYS/ttydev.h
LIB	OS9_os9lib.tar.Z	365147	ok	os9lib/defs/SYS/ttycom.h
LIB	OS9_os9lib.tar.Z	365147	ok	os9lib/defs/SYS/dir.h
LIB	OS9_os9lib.tar.Z	365147	ok	os9lib/defs/SYS/stat.h
LIB	OS9_os9lib.tar.Z	365147	ok	os9lib/defs/bcopy.h
LIB	OS9_os9lib.tar.Z	365147	ok	os9lib/defs/ctype.h
LIB	OS9_os9lib.tar.Z	365147	ok	os9lib/defs/dir.h
LIB	OS9_os9lib.tar.Z	365147	ok	os9lib/defs/direct.h
LIB	OS9_os9lib.tar.Z	365147	ok	os9lib/defs/errno.h
LIB	OS9_os9lib.tar.Z	365147	ok	os9lib/defs/events.h
LIB	OS9_os9lib.tar.Z	365147	ok	os9lib/defs/fcntl.h
LIB	OS9_os9lib.tar.Z	365147	ok	os9lib/defs/grp.h
LIB	OS9_os9lib.tar.Z	365147	ok	os9lib/defs/hostname.h
LIB	OS9_os9lib.tar.Z	365147	ok	os9lib/defs/info.h
LIB	OS9_os9lib.tar.Z	365147	ok	os9lib/defs/mdir.h
LIB	OS9_os9lib.tar.Z	365147	ok	os9lib/defs/modes.h
LIB	OS9_os9lib.tar.Z	365147	ok	os9lib/defs/module.h
LIB	OS9_os9lib.tar.Z	365147	ok	os9lib/defs/procid.h
LIB	OS9_os9lib.tar.Z	365147	ok	os9lib/defs/pwd.h
LIB	OS9_os9lib.tar.Z	365147	ok	os9lib/defs/setsys.h
LIB	OS9_os9lib.tar.Z	365147	ok	os9lib/defs/sg_codes.h
LIB	OS9_os9lib.tar.Z	365147	ok	os9lib/defs/sgstat.h
LIB	OS9_os9lib.tar.Z	365147	ok	os9lib/defs/signal.h
LIB	OS9_os9lib.tar.Z	365147	ok	os9lib/defs/stat.h
LIB	OS9_os9lib.tar.Z	365147	ok	os9lib/defs/stdio.h
LIB	OS9_os9lib.tar.Z	365147	ok	os9lib/defs/stdlib.h
LIB	OS9_os9lib.tar.Z	365147	ok	os9lib/defs/string.h
LIB	OS9_os9lib.tar.Z	365147	ok	os9lib/defs/strings.h
LIB	OS9_os9lib.tar.Z	365147	ok	os9lib/defs/termio.h
LIB	OS9_os9lib.tar.Z	365147	ok	os9lib/defs/time.h
LIB	OS9_os9lib.tar.Z	365147	ok	os9lib/defs/types.h
LIB	OS9_os9lib.tar.Z	365147	ok	os9lib/defs/unistd.h
LIB	OS9_os9lib.tar.Z	365147	ok	os9lib/defs/utmp.h
LIB	OS9_os9lib.tar.Z	365147	ok	os9lib/defs/varargs.h
LIB	OS9_os9lib.tar.Z	365147	ok	os9lib/defs/getopt.h
LIB	OS9_os9lib.tar.Z	365147	ok	os9lib/defs/sys
LIB	OS9_os9lib.tar.Z	365147	ok	os9lib/defs/stdarg.h
LIB	OS9_os9lib.tar.Z	365147	ok	os9lib/defs/CHANGES
LIB	OS9_os9lib.tar.Z	365147	ok	os9lib/defs/trace.h
LIB	OS9_os9lib.tar.Z	365147	ok	os9lib/OS9libReadme.1st
LIB	OS9_os9lib.tar.Z	365147	ok	os9lib/lib
LIB	OS9_os9lib.tar.Z	365147	ok	os9lib/lib/os9.l
LIB	OS9_os9lib.tar.Z	365147	ok	os9lib/readme
LIB	OS9_os9lib.tar.Z	365147	ok	os9lib/doc
LIB	OS9_os9lib.tar.Z	365147	ok	os9lib/doc/Alarm.prf
LIB	OS9_os9lib.tar.Z	365147	ok	os9lib/doc/Atime.prf
LIB	OS9_os9lib.tar.Z	365147	ok	os9lib/doc/Bootdrive.prf
LIB	OS9_os9lib.tar.Z	365147	ok	os9lib/doc/Change_grppasswd.prf
LIB	OS9_os9lib.tar.Z	365147	ok	os9lib/doc/Change_passwd.prf
LIB	OS9_os9lib.tar.Z	365147	ok	os9lib/doc/Crypt.prf
LIB	OS9_os9lib.tar.Z	365147	ok	os9lib/doc/Ctermid.prf
LIB	OS9_os9lib.tar.Z	365147	ok	os9lib/doc/Cuserid.prf
LIB	OS9_os9lib.tar.Z	365147	ok	os9lib/doc/Dup2.prf
LIB	OS9_os9lib.tar.Z	365147	ok	os9lib/doc/Findmod.prf
LIB	OS9_os9lib.tar.Z	365147	ok	os9lib/doc/Getargs.prf
LIB	OS9_os9lib.tar.Z	365147	ok	os9lib/doc/Gethostid.prf
LIB	OS9_os9lib.tar.Z	365147	ok	os9lib/doc/Gethostname.prf
LIB	OS9_os9lib.tar.Z	365147	ok	os9lib/doc/Getlogin.prf
LIB	OS9_os9lib.tar.Z	365147	ok	os9lib/doc/Getmuid.prf
LIB	OS9_os9lib.tar.Z	365147	ok	os9lib/doc/Getpass.prf
LIB	OS9_os9lib.tar.Z	365147	ok	os9lib/doc/Getwd.prf
LIB	OS9_os9lib.tar.Z	365147	ok	os9lib/doc/Group.prf
LIB	OS9_os9lib.tar.Z	365147	ok	os9lib/doc/Isatty.prf
LIB	OS9_os9lib.tar.Z	365147	ok	os9lib/doc/Link.prf
LIB	OS9_os9lib.tar.Z	365147	ok	os9lib/doc/Makenv.prf
LIB	OS9_os9lib.tar.Z	365147	ok	os9lib/doc/Mdir.prf
LIB	OS9_os9lib.tar.Z	365147	ok	os9lib/doc/Passwd.prf
LIB	OS9_os9lib.tar.Z	365147	ok	os9lib/doc/Perror.prf
LIB	OS9_os9lib.tar.Z	365147	ok	os9lib/doc/Pipe.prf
LIB	OS9_os9lib.tar.Z	365147	ok	os9lib/doc/Popen.prf
LIB	OS9_os9lib.tar.Z	365147	ok	os9lib/doc/Rand.prf
LIB	OS9_os9lib.tar.Z	365147	ok	os9lib/doc/Random.prf
LIB	OS9_os9lib.tar.Z	365147	ok	os9lib/doc/Rename.prf
LIB	OS9_os9lib.tar.Z	365147	ok	os9lib/doc/Rnd.prf
LIB	OS9_os9lib.tar.Z	365147	ok	os9lib/doc/Shell.prf
LIB	OS9_os9lib.tar.Z	365147	ok	os9lib/doc/Signal.prf
LIB	OS9_os9lib.tar.Z	365147	ok	os9lib/doc/Stat.prf
LIB	OS9_os9lib.tar.Z	365147	ok	os9lib/doc/Strings.prf
LIB	OS9_os9lib.tar.Z	365147	ok	os9lib/doc/Sysinfo.prf
LIB	OS9_os9lib.tar.Z	365147	ok	os9lib/doc/Ttyname.prf
LIB	OS9_os9lib.tar.Z	365147	ok	os9lib/doc/Umask.prf
LIB	OS9_os9lib.tar.Z	365147	ok	os9lib/doc/Utmp.prf
LIB	OS9_os9lib.tar.Z	365147	ok	os9lib/doc/CHANGES
LIB	OS9_os9lib.tar.Z	365147	ok	os9lib/doc/cat2
LIB	OS9_os9lib.tar.Z	365147	ok	os9lib/doc/cat2/Alarm.2
LIB	OS9_os9lib.tar.Z	365147	ok	os9lib/doc/cat2/Atime.2
LIB	OS9_os9lib.tar.Z	365147	ok	os9lib/doc/cat2/Bootdrive.2
LIB	OS9_os9lib.tar.Z	365147	ok	os9lib/doc/cat2/Change_grppasswd.2
LIB	OS9_os9lib.tar.Z	365147	ok	os9lib/doc/cat2/Change_passwd.2
LIB	OS9_os9lib.tar.Z	365147	ok	os9lib/doc/cat2/Crypt.2
LIB	OS9_os9lib.tar.Z	365147	ok	os9lib/doc/cat2/Ctermid.2
LIB	OS9_os9lib.tar.Z	365147	ok	os9lib/doc/cat2/Cuserid.2
LIB	OS9_os9lib.tar.Z	365147	ok	os9lib/doc/cat2/Dup2.2
LIB	OS9_os9lib.tar.Z	365147	ok	os9lib/doc/cat2/Findmod.2
LIB	OS9_os9lib.tar.Z	365147	ok	os9lib/doc/cat2/Getargs.2
LIB	OS9_os9lib.tar.Z	365147	ok	os9lib/doc/cat2/Gethostid.2
LIB	OS9_os9lib.tar.Z	365147	ok	os9lib/doc/cat2/Gethostname.2
LIB	OS9_os9lib.tar.Z	365147	ok	os9lib/doc/cat2/Getlogin.2
LIB	OS9_os9lib.tar.Z	365147	ok	os9lib/doc/cat2/Getmuid.2
LIB	OS9_os9lib.tar.Z	365147	ok	os9lib/doc/cat2/Getpass.2
LIB	OS9_os9lib.tar.Z	365147	ok	os9lib/doc/cat2/Getwd.2
LIB	OS9_os9lib.tar.Z	365147	ok	os9lib/doc/cat2/Group.2
LIB	OS9_os9lib.tar.Z	365147	ok	os9lib/doc/cat2/Isatty.2
LIB	OS9_os9lib.tar.Z	365147	ok	os9lib/doc/cat2/Link.2
LIB	OS9_os9lib.tar.Z	365147	ok	os9lib/doc/cat2/Makenv.2
LIB	OS9_os9lib.tar.Z	365147	ok	os9lib/doc/cat2/Mdir.2
LIB	OS9_os9lib.tar.Z	365147	ok	os9lib/doc/cat2/Passwd.2
LIB	OS9_os9lib.tar.Z	365147	ok	os9lib/doc/cat2/Perror.2
LIB	OS9_os9lib.tar.Z	365147	ok	os9lib/doc/cat2/Pipe.2
LIB	OS9_os9lib.tar.Z	365147	ok	os9lib/doc/cat2/Popen.2
LIB	OS9_os9lib.tar.Z	365147	ok	os9lib/doc/cat2/Rand.2
LIB	OS9_os9lib.tar.Z	365147	ok	os9lib/doc/cat2/Random.2
LIB	OS9_os9lib.tar.Z	365147	ok	os9lib/doc/cat2/Rename.2
LIB	OS9_os9lib.tar.Z	365147	ok	os9lib/doc/cat2/Rnd.2
LIB	OS9_os9lib.tar.Z	365147	ok	os9lib/doc/cat2/Shell.2
LIB	OS9_os9lib.tar.Z	365147	ok	os9lib/doc/cat2/Signal.2
LIB	OS9_os9lib.tar.Z	365147	ok	os9lib/doc/cat2/Stat.2
LIB	OS9_os9lib.tar.Z	365147	ok	os9lib/doc/cat2/Strings.2
LIB	OS9_os9lib.tar.Z	365147	ok	os9lib/doc/cat2/Sysinfo.2
LIB	OS9_os9lib.tar.Z	365147	ok	os9lib/doc/cat2/Ttyname.2
LIB	OS9_os9lib.tar.Z	365147	ok	os9lib/doc/cat2/Umask.2
LIB	OS9_os9lib.tar.Z	365147	ok	os9lib/doc/cat2/Utmp.2
LIB	OS9_os9lib.tar.Z	365147	ok	os9lib/doc/cat2/Tptype.2
LIB	OS9_os9lib.tar.Z	365147	ok	os9lib/doc/cat2/Unlink.2
LIB	OS9_os9lib.tar.Z	365147	ok	os9lib/doc/cat2/Vararg.2
LIB	OS9_os9lib.tar.Z	365147	ok	os9lib/doc/OS9lib.lst
LIB	OS9_os9lib.tar.Z	365147	ok	os9lib/doc/man5
LIB	OS9_os9lib.tar.Z	365147	ok	os9lib/doc/man5/os9lib.5
LIB	OS9_os9lib.tar.Z	365147	ok	os9lib/doc/man3
LIB	OS9_os9lib.tar.Z	365147	ok	os9lib/doc/man3/regexp.3
LIB	OS9_os9lib.tar.Z	365147	ok	os9lib/doc/1README
LIB	OS9_os9lib.tar.Z	365147	ok	os9lib/doc/Tptype.prf
LIB	OS9_os9lib.tar.Z	365147	ok	os9lib/doc/Vararg.prf
LIB	OS9_os9lib.tar.Z	365147	ok	os9lib/doc/Unlink.prf
LIB	OS9libReadme.1st	1173	bare_file	OS9libReadme.1st
LIB	OS9libdefs.t.Z	42309	ok	DEFS
LIB	OS9libdefs.t.Z	42309	ok	DEFS/SYS
LIB	OS9libdefs.t.Z	42309	ok	DEFS/SYS/fcntl.h
LIB	OS9libdefs.t.Z	42309	ok	DEFS/SYS/file.h
LIB	OS9libdefs.t.Z	42309	ok	DEFS/SYS/filio.h
LIB	OS9libdefs.t.Z	42309	ok	DEFS/SYS/time.h
LIB	OS9libdefs.t.Z	42309	ok	DEFS/SYS/timeb.h
LIB	OS9libdefs.t.Z	42309	ok	DEFS/SYS/times.h
LIB	OS9libdefs.t.Z	42309	ok	DEFS/SYS/types.h
LIB	OS9libdefs.t.Z	42309	ok	DEFS/SYS/uio.h
LIB	OS9libdefs.t.Z	42309	ok	DEFS/SYS/termios.h
LIB	OS9libdefs.t.Z	42309	ok	DEFS/SYS/ioccom.h
LIB	OS9libdefs.t.Z	42309	ok	DEFS/SYS/sysmacros.h
LIB	OS9libdefs.t.Z	42309	ok	DEFS/SYS/ttydev.h
LIB	OS9libdefs.t.Z	42309	ok	DEFS/ttycom.h
LIB	OS9libdefs.t.Z	42309	ok	DEFS/bcopy.h
LIB	OS9libdefs.t.Z	42309	ok	DEFS/ctype.h
LIB	OS9libdefs.t.Z	42309	ok	DEFS/dir.h
LIB	OS9libdefs.t.Z	42309	ok	DEFS/direct.h
LIB	OS9libdefs.t.Z	42309	ok	DEFS/errno.h
LIB	OS9libdefs.t.Z	42309	ok	DEFS/events.h
LIB	OS9libdefs.t.Z	42309	ok	DEFS/fcntl.h
LIB	OS9libdefs.t.Z	42309	ok	DEFS/grp.h
LIB	OS9libdefs.t.Z	42309	ok	DEFS/hostname.h
LIB	OS9libdefs.t.Z	42309	ok	DEFS/info.h
LIB	OS9libdefs.t.Z	42309	ok	DEFS/mdir.h
LIB	OS9libdefs.t.Z	42309	ok	DEFS/modes.h
LIB	OS9libdefs.t.Z	42309	ok	DEFS/module.h
LIB	OS9libdefs.t.Z	42309	ok	DEFS/procid.h
LIB	OS9libdefs.t.Z	42309	ok	DEFS/pwd.h
LIB	OS9libdefs.t.Z	42309	ok	DEFS/setsys.h
LIB	OS9libdefs.t.Z	42309	ok	DEFS/sg_codes.h
LIB	OS9libdefs.t.Z	42309	ok	DEFS/sgstat.h
LIB	OS9libdefs.t.Z	42309	ok	DEFS/signal.h
LIB	OS9libdefs.t.Z	42309	ok	DEFS/stat.h
LIB	OS9libdefs.t.Z	42309	ok	DEFS/stdio.h
LIB	OS9libdefs.t.Z	42309	ok	DEFS/stdlib.h
LIB	OS9libdefs.t.Z	42309	ok	DEFS/string.h
LIB	OS9libdefs.t.Z	42309	ok	DEFS/strings.h
LIB	OS9libdefs.t.Z	42309	ok	DEFS/termio.h
LIB	OS9libdefs.t.Z	42309	ok	DEFS/time.h
LIB	OS9libdefs.t.Z	42309	ok	DEFS/types.h
LIB	OS9libdefs.t.Z	42309	ok	DEFS/unistd.h
LIB	OS9libdefs.t.Z	42309	ok	DEFS/utmp.h
LIB	OS9libdefs.t.Z	42309	ok	DEFS/varargs.h
LIB	OS9libdefs.t.Z	42309	ok	DEFS/getopt.h
LIB	OS9libsrc.t.Z	120991	ok	SOURCE
LIB	OS9libsrc.t.Z	120991	ok	SOURCE/alarm.c
LIB	OS9libsrc.t.Z	120991	ok	SOURCE/atime.c
LIB	OS9libsrc.t.Z	120991	ok	SOURCE/bcopy.c
LIB	OS9libsrc.t.Z	120991	ok	SOURCE/bootdrv.c
LIB	OS9libsrc.t.Z	120991	ok	SOURCE/bsearch.c
LIB	OS9libsrc.t.Z	120991	ok	SOURCE/chgrppass.c
LIB	OS9libsrc.t.Z	120991	ok	SOURCE/chpass.c
LIB	OS9libsrc.t.Z	120991	ok	SOURCE/creat.c
LIB	OS9libsrc.t.Z	120991	ok	SOURCE/crypt.c
LIB	OS9libsrc.t.Z	120991	ok	SOURCE/cuserid.c
LIB	OS9libsrc.t.Z	120991	ok	SOURCE/dbm.c
LIB	OS9libsrc.t.Z	120991	ok	SOURCE/doprnt.c
LIB	OS9libsrc.t.Z	120991	ok	SOURCE/getid.c
LIB	OS9libsrc.t.Z	120991	ok	SOURCE/fcntl.c
LIB	OS9libsrc.t.Z	120991	ok	SOURCE/findmod.c
LIB	OS9libsrc.t.Z	120991	ok	SOURCE/fprintf.c
LIB	OS9libsrc.t.Z	120991	ok	SOURCE/fsync.c
LIB	OS9libsrc.t.Z	120991	ok	SOURCE/ftime.c
LIB	OS9libsrc.t.Z	120991	ok	SOURCE/getargs.c
LIB	OS9libsrc.t.Z	120991	ok	SOURCE/getcwd.c
LIB	OS9libsrc.t.Z	120991	ok	SOURCE/gethname.c
LIB	OS9libsrc.t.Z	120991	ok	SOURCE/getopt.c
LIB	OS9libsrc.t.Z	120991	ok	SOURCE/getlog.c
LIB	OS9libsrc.t.Z	120991	ok	SOURCE/getlogin.c
LIB	OS9libsrc.t.Z	120991	ok	SOURCE/getmuid.c
LIB	OS9libsrc.t.Z	120991	ok	SOURCE/getopt1.c
LIB	OS9libsrc.t.Z	120991	ok	SOURCE/getpass.c
LIB	OS9libsrc.t.Z	120991	ok	SOURCE/getppid.c
LIB	OS9libsrc.t.Z	120991	ok	SOURCE/gettimeofday.c
LIB	OS9libsrc.t.Z	120991	ok	SOURCE/getwd.c
LIB	OS9libsrc.t.Z	120991	ok	SOURCE/grp.c
LIB	OS9libsrc.t.Z	120991	ok	SOURCE/info.c
LIB	OS9libsrc.t.Z	120991	ok	SOURCE/killpg.c
LIB	OS9libsrc.t.Z	120991	ok	SOURCE/isatty.c
LIB	OS9libsrc.t.Z	120991	ok	SOURCE/ln.c
LIB	OS9libsrc.t.Z	120991	ok	SOURCE/makenv.c
LIB	OS9libsrc.t.Z	120991	ok	SOURCE/mdir.c
LIB	OS9libsrc.t.Z	120991	ok	SOURCE/mkdir.c
LIB	OS9libsrc.t.Z	120991	ok	SOURCE/select.c
LIB	OS9libsrc.t.Z	120991	ok	SOURCE/opendir.c
LIB	OS9libsrc.t.Z	120991	ok	SOURCE/perror.c
LIB	OS9libsrc.t.Z	120991	ok	SOURCE/pipe.c
LIB	OS9libsrc.t.Z	120991	ok	SOURCE/popen.c
LIB	OS9libsrc.t.Z	120991	ok	SOURCE/printf.c
LIB	OS9libsrc.t.Z	120991	ok	SOURCE/putenv.c
LIB	OS9libsrc.t.Z	120991	ok	SOURCE/pw.c
LIB	OS9libsrc.t.Z	120991	ok	SOURCE/rand.c
LIB	OS9libsrc.t.Z	120991	ok	SOURCE/regerror.c
LIB	OS9libsrc.t.Z	120991	ok	SOURCE/regexp.c
LIB	OS9libsrc.t.Z	120991	ok	SOURCE/regsub.c
LIB	OS9libsrc.t.Z	120991	ok	SOURCE/rnd.c
LIB	OS9libsrc.t.Z	120991	ok	SOURCE/rndsalt.c
LIB	OS9libsrc.t.Z	120991	ok	SOURCE/scandir.c
LIB	OS9libsrc.t.Z	120991	ok	SOURCE/signal.a
LIB	OS9libsrc.t.Z	120991	ok	SOURCE/setvbuf.c
LIB	OS9libsrc.t.Z	120991	ok	SOURCE/sprintf.c
LIB	OS9libsrc.t.Z	120991	ok	SOURCE/stat.c
LIB	OS9libsrc.t.Z	120991	ok	SOURCE/strchr.c
LIB	OS9libsrc.t.Z	120991	ok	SOURCE/strcspn.c
LIB	OS9libsrc.t.Z	120991	ok	SOURCE/strdup.c
LIB	OS9libsrc.t.Z	120991	ok	SOURCE/strerror.c
LIB	OS9libsrc.t.Z	120991	ok	SOURCE/strlwr.c
LIB	OS9libsrc.t.Z	120991	ok	SOURCE/strpbrk.c
LIB	OS9libsrc.t.Z	120991	ok	SOURCE/strrchr.c
LIB	OS9libsrc.t.Z	120991	ok	SOURCE/strset.c
LIB	OS9libsrc.t.Z	120991	ok	SOURCE/strspn.c
LIB	OS9libsrc.t.Z	120991	ok	SOURCE/strstr.c
LIB	OS9libsrc.t.Z	120991	ok	SOURCE/strtok.c
LIB	OS9libsrc.t.Z	120991	ok	SOURCE/strupr.c
LIB	OS9libsrc.t.Z	120991	ok	SOURCE/swab.c
LIB	OS9libsrc.t.Z	120991	ok	SOURCE/syserr.c
LIB	OS9libsrc.t.Z	120991	ok	SOURCE/tempnam.c
LIB	OS9libsrc.t.Z	120991	ok	SOURCE/times.c
LIB	OS9libsrc.t.Z	120991	ok	SOURCE/tptype.c
LIB	OS9libsrc.t.Z	120991	ok	SOURCE/trunc.c
LIB	OS9libsrc.t.Z	120991	ok	SOURCE/ttynam.c
LIB	OS9libsrc.t.Z	120991	ok	SOURCE/umask.c
LIB	OS9libsrc.t.Z	120991	ok	SOURCE/all
LIB	OS9libsrc.t.Z	120991	ok	SOURCE/utime.c
LIB	OS9libsrc.t.Z	120991	ok	SOURCE/utmp.c
LIB	OS9libsrc.t.Z	120991	ok	SOURCE/vfprintf.c
LIB	OS9libsrc.t.Z	120991	ok	SOURCE/vprintf.c
LIB	OS9libsrc.t.Z	120991	ok	SOURCE/vsprintf.c
LIB	OS9libsrc.t.Z	120991	ok	SOURCE/writev.c
LIB	OS9libsrc.t.Z	120991	ok	SOURCE/infomod.h
LIB	OS9libsrc.t.Z	120991	ok	SOURCE/regexp.h
LIB	OS9libsrc.t.Z	120991	ok	SOURCE/regmagic.h
LIB	OS9libsrc.t.Z	120991	ok	SOURCE/_select.a
LIB	OS9libsrc.t.Z	120991	ok	SOURCE/alloca.a
LIB	OS9libsrc.t.Z	120991	ok	SOURCE/bus_error.a
LIB	OS9libsrc.t.Z	120991	ok	SOURCE/ffs.a
LIB	OS9libsrc.t.Z	120991	ok	SOURCE/setstat.a
LIB	OS9libsrc.t.Z	120991	ok	SOURCE/dbm.h
LIB	OS9libsrc.t.Z	120991	ok	SOURCE/rcsid
LIB	OS9libsrc.t.Z	120991	ok	SOURCE/makefile
LIB	OS9libsrc.t.Z	120991	ok	SOURCE/open.c
LIB	OS9libsrc.t.Z	120991	ok	SOURCE/execl.c
LIB	OS9libsrc.t.Z	120991	ok	SOURCE/ioctl.c
LIB	OS9libsrc.t.Z	120991	ok	SOURCE/access.c
LIB	OS9libsrc.t.Z	120991	ok	SOURCE/readv.c
LIB	blarslib.tar.Z	53128	ok	Readme.Blarslib
LIB	blarslib.tar.Z	53128	ok	getopt.3
LIB	blarslib.tar.Z	53128	ok	vsprintf.doc
LIB	blarslib.tar.Z	53128	ok	DEFS/assert.h
LIB	blarslib.tar.Z	53128	ok	DEFS/curses.h
LIB	blarslib.tar.Z	53128	ok	DEFS/errno.h
LIB	blarslib.tar.Z	53128	ok	DEFS/fcntl.h
LIB	blarslib.tar.Z	53128	ok	DEFS/fileinfo.h
LIB	blarslib.tar.Z	53128	ok	DEFS/modes.h
LIB	blarslib.tar.Z	53128	ok	DEFS/pwd.h
LIB	blarslib.tar.Z	53128	ok	DEFS/sgstat.h
LIB	blarslib.tar.Z	53128	ok	DEFS/signal.h
LIB	blarslib.tar.Z	53128	ok	DEFS/stdio.h
LIB	blarslib.tar.Z	53128	ok	DEFS/string.h
LIB	blarslib.tar.Z	53128	ok	DEFS/strings.h
LIB	blarslib.tar.Z	53128	ok	DEFS/term.h
LIB	blarslib.tar.Z	53128	ok	DEFS/terminfo.h
LIB	blarslib.tar.Z	53128	ok	DEFS/termio.h
LIB	blarslib.tar.Z	53128	ok	DEFS/time.h
LIB	blarslib.tar.Z	53128	ok	DEFS/varargs.h
LIB	blarslib.tar.Z	53128	ok	DEFS/sys/dir.h
LIB	blarslib.tar.Z	53128	ok	DEFS/sys/param.h
LIB	blarslib.tar.Z	53128	ok	DEFS/sys/stat.h
LIB	blarslib.tar.Z	53128	ok	DEFS/sys/time.h
LIB	blarslib.tar.Z	53128	ok	DEFS/sys/timeb.h
LIB	blarslib.tar.Z	53128	ok	DEFS/sys/times.h
LIB	blarslib.tar.Z	53128	ok	DEFS/sys/types.h
LIB	blarslib.tar.Z	53128	ok	Source/Makefile
LIB	blarslib.tar.Z	53128	ok	Source/alarm.c
LIB	blarslib.tar.Z	53128	ok	Source/alloc.h
LIB	blarslib.tar.Z	53128	ok	Source/alloca.c
LIB	blarslib.tar.Z	53128	ok	Source/atan2.c
LIB	blarslib.tar.Z	53128	ok	Source/bstring.c
LIB	blarslib.tar.Z	53128	ok	Source/ctermid.c
LIB	blarslib.tar.Z	53128	ok	Source/exec.c
LIB	blarslib.tar.Z	53128	ok	Source/fsync.c
LIB	blarslib.tar.Z	53128	ok	Source/ftime.c
LIB	blarslib.tar.Z	53128	ok	Source/getcwd.c
LIB	blarslib.tar.Z	53128	ok	Source/getgid.c
LIB	blarslib.tar.Z	53128	ok	Source/gethostname.c
LIB	blarslib.tar.Z	53128	ok	Source/getopt.c
LIB	blarslib.tar.Z	53128	ok	Source/getpw.c
LIB	blarslib.tar.Z	53128	ok	Source/getwd.c
LIB	blarslib.tar.Z	53128	ok	Source/isatty.c
LIB	blarslib.tar.Z	53128	ok	Source/libc.h
LIB	blarslib.tar.Z	53128	ok	Source/ln.c
LIB	blarslib.tar.Z	53128	ok	Source/makenv.c
LIB	blarslib.tar.Z	53128	ok	Source/mkdir.c
LIB	blarslib.tar.Z	53128	ok	Source/perror.c
LIB	blarslib.tar.Z	53128	ok	Source/popen.c
LIB	blarslib.tar.Z	53128	ok	Source/putenv.c
LIB	blarslib.tar.Z	53128	ok	Source/rand.c
LIB	blarslib.tar.Z	53128	ok	Source/signal.c
LIB	blarslib.tar.Z	53128	ok	Source/stat.c
LIB	blarslib.tar.Z	53128	ok	Source/strchr.c
LIB	blarslib.tar.Z	53128	ok	Source/strcspn.c
LIB	blarslib.tar.Z	53128	ok	Source/strpbrk.c
LIB	blarslib.tar.Z	53128	ok	Source/strrchr.c
LIB	blarslib.tar.Z	53128	ok	Source/strspn.c
LIB	blarslib.tar.Z	53128	ok	Source/strtok.c
LIB	blarslib.tar.Z	53128	ok	Source/times.c
LIB	blarslib.tar.Z	53128	ok	Source/ttyname.c
LIB	blarslib.tar.Z	53128	ok	Source/umask.c
LIB	blarslib.tar.Z	53128	ok	Source/usleep.c
LIB	blarslib.tar.Z	53128	ok	Source/utime.c
LIB	blarslib.tar.Z	53128	ok	Source/vfprintf.c
LIB	blarslib.tar.Z	53128	ok	Source/vsprintf.c
LIB	gdbm_1.4.t.Z	72955	ok	GDBM
LIB	gdbm_1.4.t.Z	72955	ok	GDBM/COPYING
LIB	gdbm_1.4.t.Z	72955	ok	GDBM/ChangeLog
LIB	gdbm_1.4.t.Z	72955	ok	GDBM/README
LIB	gdbm_1.4.t.Z	72955	ok	GDBM/bucket.c
LIB	gdbm_1.4.t.Z	72955	ok	GDBM/RELS
LIB	gdbm_1.4.t.Z	72955	ok	GDBM/RELS/dbminit.r
LIB	gdbm_1.4.t.Z	72955	ok	GDBM/RELS/delete.r
LIB	gdbm_1.4.t.Z	72955	ok	GDBM/RELS/fetch.r
LIB	gdbm_1.4.t.Z	72955	ok	GDBM/RELS/store.r
LIB	gdbm_1.4.t.Z	72955	ok	GDBM/RELS/seq.r
LIB	gdbm_1.4.t.Z	72955	ok	GDBM/RELS/dbmopen.r
LIB	gdbm_1.4.t.Z	72955	ok	GDBM/RELS/dbmdelete.r
LIB	gdbm_1.4.t.Z	72955	ok	GDBM/RELS/dbmfetch.r
LIB	gdbm_1.4.t.Z	72955	ok	GDBM/RELS/dbmstore.r
LIB	gdbm_1.4.t.Z	72955	ok	GDBM/RELS/dbmseq.r
LIB	gdbm_1.4.t.Z	72955	ok	GDBM/RELS/dbmclose.r
LIB	gdbm_1.4.t.Z	72955	ok	GDBM/RELS/dbmdirfno.r
LIB	gdbm_1.4.t.Z	72955	ok	GDBM/RELS/dbmpagfno.r
LIB	gdbm_1.4.t.Z	72955	ok	GDBM/RELS/osk.r
LIB	gdbm_1.4.t.Z	72955	ok	GDBM/RELS/gdbmopen.r
LIB	gdbm_1.4.t.Z	72955	ok	GDBM/RELS/gdbmdelete.r
LIB	gdbm_1.4.t.Z	72955	ok	GDBM/RELS/gdbmfetch.r
LIB	gdbm_1.4.t.Z	72955	ok	GDBM/RELS/gdbmstore.r
LIB	gdbm_1.4.t.Z	72955	ok	GDBM/RELS/gdbmclose.r
LIB	gdbm_1.4.t.Z	72955	ok	GDBM/RELS/gdbmreorg.r
LIB	gdbm_1.4.t.Z	72955	ok	GDBM/RELS/gdbmseq.r
LIB	gdbm_1.4.t.Z	72955	ok	GDBM/RELS/bucket.r
LIB	gdbm_1.4.t.Z	72955	ok	GDBM/RELS/falloc.r
LIB	gdbm_1.4.t.Z	72955	ok	GDBM/RELS/findkey.r
LIB	gdbm_1.4.t.Z	72955	ok	GDBM/RELS/global.r
LIB	gdbm_1.4.t.Z	72955	ok	GDBM/RELS/hash.r
LIB	gdbm_1.4.t.Z	72955	ok	GDBM/RELS/update.r
LIB	gdbm_1.4.t.Z	72955	ok	GDBM/RELS/version.r
LIB	gdbm_1.4.t.Z	72955	ok	GDBM/osk.c
LIB	gdbm_1.4.t.Z	72955	ok	GDBM/dbmopen.c
LIB	gdbm_1.4.t.Z	72955	ok	GDBM/dbm.h
LIB	gdbm_1.4.t.Z	72955	ok	GDBM/dbmclose.c
LIB	gdbm_1.4.t.Z	72955	ok	GDBM/dbmdelete.c
LIB	gdbm_1.4.t.Z	72955	ok	GDBM/dbmdirfno.c
LIB	gdbm_1.4.t.Z	72955	ok	GDBM/dbmfetch.c
LIB	gdbm_1.4.t.Z	72955	ok	GDBM/dbminit.c
LIB	gdbm_1.4.t.Z	72955	ok	GDBM/dbmpagfno.c
LIB	gdbm_1.4.t.Z	72955	ok	GDBM/dbmseq.c
LIB	gdbm_1.4.t.Z	72955	ok	GDBM/dbmstore.c
LIB	gdbm_1.4.t.Z	72955	ok	GDBM/delete.c
LIB	gdbm_1.4.t.Z	72955	ok	GDBM/extern.h
LIB	gdbm_1.4.t.Z	72955	ok	GDBM/falloc.c
LIB	gdbm_1.4.t.Z	72955	ok	GDBM/fetch.c
LIB	gdbm_1.4.t.Z	72955	ok	GDBM/findkey.c
LIB	gdbm_1.4.t.Z	72955	ok	GDBM/gdbm.h
LIB	gdbm_1.4.t.Z	72955	ok	GDBM/gdbm.proto
LIB	gdbm_1.4.t.Z	72955	ok	GDBM/gdbmclose.c
LIB	gdbm_1.4.t.Z	72955	ok	GDBM/gdbmdefs.h
LIB	gdbm_1.4.t.Z	72955	ok	GDBM/gdbmdelete.c
LIB	gdbm_1.4.t.Z	72955	ok	GDBM/gdbmerrno.h
LIB	gdbm_1.4.t.Z	72955	ok	GDBM/gdbmfetch.c
LIB	gdbm_1.4.t.Z	72955	ok	GDBM/gdbmopen.c
LIB	gdbm_1.4.t.Z	72955	ok	GDBM/gdbmreorg.c
LIB	gdbm_1.4.t.Z	72955	ok	GDBM/gdbmseq.c
LIB	gdbm_1.4.t.Z	72955	ok	GDBM/gdbmstore.c
LIB	gdbm_1.4.t.Z	72955	ok	GDBM/global.c
LIB	gdbm_1.4.t.Z	72955	ok	GDBM/hash.c
LIB	gdbm_1.4.t.Z	72955	ok	GDBM/makefile
LIB	gdbm_1.4.t.Z	72955	ok	GDBM/makefile.unx
LIB	gdbm_1.4.t.Z	72955	ok	GDBM/ndbm.h
LIB	gdbm_1.4.t.Z	72955	ok	GDBM/seq.c
LIB	gdbm_1.4.t.Z	72955	ok	GDBM/store.c
LIB	gdbm_1.4.t.Z	72955	ok	GDBM/systems.h
LIB	gdbm_1.4.t.Z	72955	ok	GDBM/update.c
LIB	gdbm_1.4.t.Z	72955	ok	GDBM/version.c
LIB	ncurses.lzh	278183	ok	CURSES/
LIB	ncurses.lzh	278183	ok	CURSES/DOC/
LIB	ncurses.lzh	278183	ok	CURSES/DOC/Bugs.osk
LIB	ncurses.lzh	278183	ok	CURSES/DOC/Installation
LIB	ncurses.lzh	278183	ok	CURSES/DOC/Readme.OSK
LIB	ncurses.lzh	278183	ok	CURSES/DOC/changes.doc
LIB	ncurses.lzh	278183	ok	CURSES/DOC/compile.doc
LIB	ncurses.lzh	278183	ok	CURSES/DOC/dump.doc
LIB	ncurses.lzh	278183	ok	CURSES/DOC/ncurses.doc
LIB	ncurses.lzh	278183	ok	CURSES/DOC/ncurses_ndx.doc
LIB	ncurses.lzh	278183	ok	CURSES/DOC/term.doc
LIB	ncurses.lzh	278183	ok	CURSES/DOC/terminfo.doc
LIB	ncurses.lzh	278183	ok	CURSES/SRC/
LIB	ncurses.lzh	278183	ok	CURSES/SRC/Install
LIB	ncurses.lzh	278183	ok	CURSES/SRC/ReadMe
LIB	ncurses.lzh	278183	ok	CURSES/SRC/caps
LIB	ncurses.lzh	278183	ok	CURSES/SRC/curses.h
LIB	ncurses.lzh	278183	ok	CURSES/SRC/curses.priv.h
LIB	ncurses.lzh	278183	ok	CURSES/SRC/lib_addch.c
LIB	ncurses.lzh	278183	ok	CURSES/SRC/lib_beep.c
LIB	ncurses.lzh	278183	ok	CURSES/SRC/lib_box.c
LIB	ncurses.lzh	278183	ok	CURSES/SRC/lib_clear.c
LIB	ncurses.lzh	278183	ok	CURSES/SRC/lib_clrbot.c
LIB	ncurses.lzh	278183	ok	CURSES/SRC/lib_clreol.c
LIB	ncurses.lzh	278183	ok	CURSES/SRC/lib_data.c
LIB	ncurses.lzh	278183	ok	CURSES/SRC/lib_delch.c
LIB	ncurses.lzh	278183	ok	CURSES/SRC/lib_deleteln.c
LIB	ncurses.lzh	278183	ok	CURSES/SRC/lib_delwin.c
LIB	ncurses.lzh	278183	ok	CURSES/SRC/lib_doupdate.c
LIB	ncurses.lzh	278183	ok	CURSES/SRC/lib_endwin.c
LIB	ncurses.lzh	278183	ok	CURSES/SRC/lib_erase.c
LIB	ncurses.lzh	278183	ok	CURSES/SRC/lib_getch.c
LIB	ncurses.lzh	278183	ok	CURSES/SRC/lib_getstr.c
LIB	ncurses.lzh	278183	ok	CURSES/SRC/lib_initscr.c
LIB	ncurses.lzh	278183	ok	CURSES/SRC/lib_insch.c
LIB	ncurses.lzh	278183	ok	CURSES/SRC/lib_insertln.c
LIB	ncurses.lzh	278183	ok	CURSES/SRC/lib_longname.c
LIB	ncurses.lzh	278183	ok	CURSES/SRC/lib_move.c
LIB	ncurses.lzh	278183	ok	CURSES/SRC/lib_mvcur.c
LIB	ncurses.lzh	278183	ok	CURSES/SRC/lib_mvwin.c
LIB	ncurses.lzh	278183	ok	CURSES/SRC/lib_newterm.c
LIB	ncurses.lzh	278183	ok	CURSES/SRC/lib_newwin.c
LIB	ncurses.lzh	278183	ok	CURSES/SRC/lib_options.c
LIB	ncurses.lzh	278183	ok	CURSES/SRC/lib_output.c
LIB	ncurses.lzh	278183	ok	CURSES/SRC/lib_overlay.c
LIB	ncurses.lzh	278183	ok	CURSES/SRC/lib_printw.c
LIB	ncurses.lzh	278183	ok	CURSES/SRC/lib_raw.c
LIB	ncurses.lzh	278183	ok	CURSES/SRC/lib_refresh.c
LIB	ncurses.lzh	278183	ok	CURSES/SRC/lib_scanw.c
LIB	ncurses.lzh	278183	ok	CURSES/SRC/lib_scroll.c
LIB	ncurses.lzh	278183	ok	CURSES/SRC/lib_scrreg.c
LIB	ncurses.lzh	278183	ok	CURSES/SRC/lib_set_term.c
LIB	ncurses.lzh	278183	ok	CURSES/SRC/lib_setup.c
LIB	ncurses.lzh	278183	ok	CURSES/SRC/lib_tcutils.c
LIB	ncurses.lzh	278183	ok	CURSES/SRC/lib_touchwin.c
LIB	ncurses.lzh	278183	ok	CURSES/SRC/lib_tparm.c
LIB	ncurses.lzh	278183	ok	CURSES/SRC/lib_tputs.c
LIB	ncurses.lzh	278183	ok	CURSES/SRC/lib_trace.c
LIB	ncurses.lzh	278183	ok	CURSES/SRC/lib_tstp.c
LIB	ncurses.lzh	278183	ok	CURSES/SRC/lib_unctrl.c
LIB	ncurses.lzh	278183	ok	CURSES/SRC/lib_vidattr.c
LIB	ncurses.lzh	278183	ok	CURSES/SRC/libcurses.l
LIB	ncurses.lzh	278183	ok	CURSES/SRC/makefile
LIB	ncurses.lzh	278183	ok	CURSES/SRC/mkcaptab.awk
LIB	ncurses.lzh	278183	ok	CURSES/SRC/mkterm.h.awk
LIB	ncurses.lzh	278183	ok	CURSES/SRC/mywgetstr.Z
LIB	ncurses.lzh	278183	ok	CURSES/SRC/read_entry.c
LIB	ncurses.lzh	278183	ok	CURSES/SRC/tccaps.c
LIB	ncurses.lzh	278183	ok	CURSES/SRC/tccaptab.h
LIB	ncurses.lzh	278183	ok	CURSES/SRC/term.h
LIB	ncurses.lzh	278183	ok	CURSES/SRC/terminfo.h
LIB	ncurses.lzh	278183	ok	CURSES/SRC/unctrl.h
LIB	ncurses.lzh	278183	ok	CURSES/TEST/
LIB	ncurses.lzh	278183	ok	CURSES/TEST/CW/
LIB	ncurses.lzh	278183	ok	CURSES/TEST/CW/DOC/
LIB	ncurses.lzh	278183	ok	CURSES/TEST/CW/DOC/corewar.manual
LIB	ncurses.lzh	278183	ok	CURSES/TEST/CW/DOC/cw.6
LIB	ncurses.lzh	278183	ok	CURSES/TEST/CW/DOC/cw.doc
LIB	ncurses.lzh	278183	ok	CURSES/TEST/CW/DOC/cw.man
LIB	ncurses.lzh	278183	ok	CURSES/TEST/CW/ctmp.00013
LIB	ncurses.lzh	278183	ok	CURSES/TEST/CW/cw.h
LIB	ncurses.lzh	278183	ok	CURSES/TEST/CW/dwarf
LIB	ncurses.lzh	278183	ok	CURSES/TEST/CW/dwarf.rc
LIB	ncurses.lzh	278183	ok	CURSES/TEST/CW/dwarf2
LIB	ncurses.lzh	278183	ok	CURSES/TEST/CW/dwarf2.rc
LIB	ncurses.lzh	278183	ok	CURSES/TEST/CW/gem2
LIB	ncurses.lzh	278183	ok	CURSES/TEST/CW/gem2.rc
LIB	ncurses.lzh	278183	ok	CURSES/TEST/CW/gemini
LIB	ncurses.lzh	278183	ok	CURSES/TEST/CW/gemini.rc
LIB	ncurses.lzh	278183	ok	CURSES/TEST/CW/getopt.c
LIB	ncurses.lzh	278183	ok	CURSES/TEST/CW/idwarf
LIB	ncurses.lzh	278183	ok	CURSES/TEST/CW/idwarf.rc
LIB	ncurses.lzh	278183	ok	CURSES/TEST/CW/imp
LIB	ncurses.lzh	278183	ok	CURSES/TEST/CW/imp.rc
LIB	ncurses.lzh	278183	ok	CURSES/TEST/CW/lex.yy.c
LIB	ncurses.lzh	278183	ok	CURSES/TEST/CW/makefile
LIB	ncurses.lzh	278183	ok	CURSES/TEST/CW/makefile.unix
LIB	ncurses.lzh	278183	ok	CURSES/TEST/CW/mars.c
LIB	ncurses.lzh	278183	ok	CURSES/TEST/CW/movmem.c
LIB	ncurses.lzh	278183	ok	CURSES/TEST/CW/movmem.r
LIB	ncurses.lzh	278183	ok	CURSES/TEST/CW/msg.c
LIB	ncurses.lzh	278183	ok	CURSES/TEST/CW/print.c
LIB	ncurses.lzh	278183	ok	CURSES/TEST/CW/rc.out
LIB	ncurses.lzh	278183	ok	CURSES/TEST/CW/rcasm.c
LIB	ncurses.lzh	278183	ok	CURSES/TEST/CW/rcasm.h
LIB	ncurses.lzh	278183	ok	CURSES/TEST/CW/rcasm.l
LIB	ncurses.lzh	278183	ok	CURSES/TEST/CW/rcasm.output
LIB	ncurses.lzh	278183	ok	CURSES/TEST/CW/rcasm.r
LIB	ncurses.lzh	278183	ok	CURSES/TEST/CW/rcasm.tab.c
LIB	ncurses.lzh	278183	ok	CURSES/TEST/CW/rcasm.tab.h
LIB	ncurses.lzh	278183	ok	CURSES/TEST/CW/rcasm.y
LIB	ncurses.lzh	278183	ok	CURSES/TEST/CW/rcasmyy.c
LIB	ncurses.lzh	278183	ok	CURSES/TEST/CW/rcasmyy.r
LIB	ncurses.lzh	278183	ok	CURSES/TEST/CW/read_me
LIB	ncurses.lzh	278183	ok	CURSES/TEST/CW/scheduler.c
LIB	ncurses.lzh	278183	ok	CURSES/TEST/CW/stomper
LIB	ncurses.lzh	278183	ok	CURSES/TEST/CW/stomper.rc
LIB	ncurses.lzh	278183	ok	CURSES/TEST/CW/sum.c
LIB	ncurses.lzh	278183	ok	CURSES/TEST/CW/sum.r
LIB	ncurses.lzh	278183	ok	CURSES/TEST/CW/unrc.c
LIB	ncurses.lzh	278183	ok	CURSES/TEST/CW/vdisplay.c
LIB	ncurses.lzh	278183	ok	CURSES/TEST/CW/vstatus.c
LIB	ncurses.lzh	278183	ok	CURSES/TEST/MILLE/
LIB	ncurses.lzh	278183	ok	CURSES/TEST/MILLE/comp.c
LIB	ncurses.lzh	278183	ok	CURSES/TEST/MILLE/end.c
LIB	ncurses.lzh	278183	ok	CURSES/TEST/MILLE/extern.c
LIB	ncurses.lzh	278183	ok	CURSES/TEST/MILLE/init.c
LIB	ncurses.lzh	278183	ok	CURSES/TEST/MILLE/makefile
LIB	ncurses.lzh	278183	ok	CURSES/TEST/MILLE/makefile.orig
LIB	ncurses.lzh	278183	ok	CURSES/TEST/MILLE/mille.c
LIB	ncurses.lzh	278183	ok	CURSES/TEST/MILLE/mille.h
LIB	ncurses.lzh	278183	ok	CURSES/TEST/MILLE/misc.c
LIB	ncurses.lzh	278183	ok	CURSES/TEST/MILLE/move.c
LIB	ncurses.lzh	278183	ok	CURSES/TEST/MILLE/print.c
LIB	ncurses.lzh	278183	ok	CURSES/TEST/MILLE/roll.c
LIB	ncurses.lzh	278183	ok	CURSES/TEST/MILLE/save.c
LIB	ncurses.lzh	278183	ok	CURSES/TEST/MILLE/table.c
LIB	ncurses.lzh	278183	ok	CURSES/TEST/MILLE/tags
LIB	ncurses.lzh	278183	ok	CURSES/TEST/MILLE/types.c
LIB	ncurses.lzh	278183	ok	CURSES/TEST/MILLE/varpush.c
LIB	ncurses.lzh	278183	ok	CURSES/ncurses.l
LIB	os9stat.tar.Z	11640	ok	stat/
LIB	os9stat.tar.Z	11640	ok	stat/teststat.r
LIB	os9stat.tar.Z	11640	ok	stat/stat.readme
LIB	os9stat.tar.Z	11640	ok	stat/stat.r
LIB	os9stat.tar.Z	11640	ok	stat/makefile
LIB	os9stat.tar.Z	11640	ok	stat/stat.h
LIB	os9stat.tar.Z	11640	ok	stat/teststat.c
LIB	os9stat.tar.Z	11640	ok	stat/stat.c
LIB	os9stat.tar.Z	11640	ok	stat/stat.l
LIB	os9unix.lzh	103954	ok	os9unix/defs/readme
LIB	os9unix.lzh	103954	ok	os9unix/defs/sys/dir.h
LIB	os9unix.lzh	103954	ok	os9unix/defs/sys/fcntl.h
LIB	os9unix.lzh	103954	ok	os9unix/defs/sys/ioctl.h
LIB	os9unix.lzh	103954	ok	os9unix/defs/sys/mtio.h
LIB	os9unix.lzh	103954	ok	os9unix/defs/sys/param.h
LIB	os9unix.lzh	103954	ok	os9unix/defs/sys/stat.h
LIB	os9unix.lzh	103954	ok	os9unix/defs/sys/time.h
LIB	os9unix.lzh	103954	ok	os9unix/defs/sys/timeb.h
LIB	os9unix.lzh	103954	ok	os9unix/defs/sys/times.h
LIB	os9unix.lzh	103954	ok	os9unix/defs/sys/types.h
LIB	os9unix.lzh	103954	ok	os9unix/defs/assert.h
LIB	os9unix.lzh	103954	ok	os9unix/defs/curses.h
LIB	os9unix.lzh	103954	ok	os9unix/defs/errno.h
LIB	os9unix.lzh	103954	ok	os9unix/defs/fileinfo.h
LIB	os9unix.lzh	103954	ok	os9unix/defs/modes.h
LIB	os9unix.lzh	103954	ok	os9unix/defs/pwd.h
LIB	os9unix.lzh	103954	ok	os9unix/defs/sgstat.h
LIB	os9unix.lzh	103954	ok	os9unix/defs/signal.h
LIB	os9unix.lzh	103954	ok	os9unix/defs/stdio.h
LIB	os9unix.lzh	103954	ok	os9unix/defs/string.h
LIB	os9unix.lzh	103954	ok	os9unix/defs/strings.h
LIB	os9unix.lzh	103954	ok	os9unix/defs/term.h
LIB	os9unix.lzh	103954	ok	os9unix/defs/terminfo.h
LIB	os9unix.lzh	103954	ok	os9unix/defs/termio.h
LIB	os9unix.lzh	103954	ok	os9unix/defs/time.h
LIB	os9unix.lzh	103954	ok	os9unix/defs/varargs.h
LIB	os9unix.lzh	103954	ok	os9unix/rshsrc/makefile
LIB	os9unix.lzh	103954	ok	os9unix/rshsrc/makefile.osk
LIB	os9unix.lzh	103954	ok	os9unix/rshsrc/readme
LIB	os9unix.lzh	103954	ok	os9unix/rshsrc/readme.wrs
LIB	os9unix.lzh	103954	ok	os9unix/rshsrc/_open.c
LIB	os9unix.lzh	103954	ok	os9unix/rshsrc/bstring.c
LIB	os9unix.lzh	103954	ok	os9unix/rshsrc/doit.c
LIB	os9unix.lzh	103954	ok	os9unix/rshsrc/dup2.c
LIB	os9unix.lzh	103954	ok	os9unix/rshsrc/exec.c
LIB	os9unix.lzh	103954	ok	os9unix/rshsrc/g_hostname.c
LIB	os9unix.lzh	103954	ok	os9unix/rshsrc/getopt.c
LIB	os9unix.lzh	103954	ok	os9unix/rshsrc/getppid.c
LIB	os9unix.lzh	103954	ok	os9unix/rshsrc/getpw.c
LIB	os9unix.lzh	103954	ok	os9unix/rshsrc/io.c
LIB	os9unix.lzh	103954	ok	os9unix/rshsrc/isatty.c
LIB	os9unix.lzh	103954	ok	os9unix/rshsrc/lpr.c
LIB	os9unix.lzh	103954	ok	os9unix/rshsrc/lpr.h
LIB	os9unix.lzh	103954	ok	os9unix/rshsrc/mkdir.c
LIB	os9unix.lzh	103954	ok	os9unix/rshsrc/netdefs.h
LIB	os9unix.lzh	103954	ok	os9unix/rshsrc/perror.c
LIB	os9unix.lzh	103954	ok	os9unix/rshsrc/printbsd.c
LIB	os9unix.lzh	103954	ok	os9unix/rshsrc/rcmd.c
LIB	os9unix.lzh	103954	ok	os9unix/rshsrc/rcp.c
LIB	os9unix.lzh	103954	ok	os9unix/rshsrc/rcp.h
LIB	os9unix.lzh	103954	ok	os9unix/rshsrc/rmt.c
LIB	os9unix.lzh	103954	ok	os9unix/rshsrc/rresvport.c
LIB	os9unix.lzh	103954	ok	os9unix/rshsrc/rsh.1
LIB	os9unix.lzh	103954	ok	os9unix/rshsrc/rsh.c
LIB	os9unix.lzh	103954	ok	os9unix/rshsrc/rshd.c
LIB	os9unix.lzh	103954	ok	os9unix/rshsrc/rshd.h
LIB	os9unix.lzh	103954	ok	os9unix/rshsrc/rshdc.c
LIB	os9unix.lzh	103954	ok	os9unix/rshsrc/rshdc.c.a
LIB	os9unix.lzh	103954	ok	os9unix/rshsrc/ruserok.c
LIB	os9unix.lzh	103954	ok	os9unix/rshsrc/seqno.c
LIB	os9unix.lzh	103954	ok	os9unix/rshsrc/set_block.c
LIB	os9unix.lzh	103954	ok	os9unix/rshsrc/skts.c
LIB	os9unix.lzh	103954	ok	os9unix/rshsrc/stat.c
LIB	os9unix.lzh	103954	ok	os9unix/rshsrc/strerror.c
LIB	os9unix.lzh	103954	ok	os9unix/rshsrc/strtok.c
LIB	os9unix.lzh	103954	ok	os9unix/rshsrc/tar.diffs
LIB	os9unix.lzh	103954	ok	os9unix/rshsrc/tcpopen.c
LIB	os9unix.lzh	103954	ok	os9unix/rshsrc/temp.c
LIB	os9unix.lzh	103954	ok	os9unix/rshsrc/test.c
LIB	os9unix.lzh	103954	ok	os9unix/rshsrc/umask.c
LIB	os9unix.lzh	103954	ok	os9unix/rshsrc/unet.l
LIB	os9unix.lzh	103954	ok	os9unix/rshsrc/utime.c
LIB	prsnam.a	2079	bare_file	prsnam.a
LIB	select.c	4042	bare_file	select.c
LIB	stat.lzh	5913	ok	STAT/
LIB	stat.lzh	5913	ok	STAT/RELS/
LIB	stat.lzh	5913	ok	STAT/makefile
LIB	stat.lzh	5913	ok	STAT/readme
LIB	stat.lzh	5913	ok	STAT/stat.c
LIB	stat.lzh	5913	ok	STAT/stat.h
LIB	stat.lzh	5913	ok	STAT/teststat.c
LIB	trminfo1.lzh	12544	ok	Manifest.trm
LIB	trminfo1.lzh	12544	ok	SYS/TERM/a/abm85
LIB	trminfo1.lzh	12544	ok	SYS/TERM/a/abm85h
LIB	trminfo1.lzh	12544	ok	SYS/TERM/a/adm3
LIB	trminfo1.lzh	12544	ok	SYS/TERM/a/adm31
LIB	trminfo1.lzh	12544	ok	SYS/TERM/a/adm3a
LIB	trminfo1.lzh	12544	ok	SYS/TERM/a/ansi
LIB	trminfo1.lzh	12544	ok	SYS/TERM/c/coco3
LIB	trminfo1.lzh	12544	ok	SYS/TERM/d/dt100
LIB	trminfo1.lzh	12544	ok	SYS/TERM/d/dt100.nrv
LIB	trminfo1.lzh	12544	ok	SYS/TERM/s/st
LIB	trminfo1.lzh	12544	ok	SYS/TERM/t/tvi912
LIB	trminfo1.lzh	12544	ok	SYS/TERM/t/tvi912c
LIB	trminfo1.lzh	12544	ok	SYS/TERM/t/tvi920c
LIB	trminfo1.lzh	12544	ok	SYS/TERM/v/vga
LIB	trminfo1.lzh	12544	ok	SYS/TERM/v/vga.nrv
LIB	trminfo1.lzh	12544	ok	SYS/TERM/v/vsc
LIB	trminfo1.lzh	12544	ok	SYS/TERM/v/vsc1
LIB	trminfo1.lzh	12544	ok	SYS/TERM/v/vt100
LIB	trminfo1.lzh	12544	ok	SYS/TERM/v/vt52
LIB	trminfo1.lzh	12544	ok	SYS/TERM/w/w60
LIB	trminfo1.lzh	12544	ok	SYS/TERM/w/w60.nrv
LIB	trminfo1.lzh	12544	ok	SYS/TERM/w/win
LIB	trminfo1.lzh	12544	ok	SYS/TERM/w/win40x25
LIB	trminfo1.lzh	12544	ok	SYS/TERM/w/win40x26
LIB	trminfo1.lzh	12544	ok	SYS/TERM/w/win40x51
LIB	trminfo1.lzh	12544	ok	SYS/TERM/w/win80x25
LIB	trminfo1.lzh	12544	ok	SYS/TERM/w/win90x29
LIB	trminfo1.lzh	12544	ok	SYS/TERM/w/win90x59
LIB	trminfo1.lzh	12544	ok	readme.terminfo
LIB	x11r6pl13_lib_v0.6.lzh	1315636	ok	X11R6PL13_LIB0.6/
LIB	x11r6pl13_lib_v0.6.lzh	1315636	ok	X11R6PL13_LIB0.6/.cow
LIB	x11r6pl13_lib_v0.6.lzh	1315636	ok	X11R6PL13_LIB0.6/EXAMPLE/
LIB	x11r6pl13_lib_v0.6.lzh	1315636	ok	X11R6PL13_LIB0.6/EXAMPLE/.cow
LIB	x11r6pl13_lib_v0.6.lzh	1315636	ok	X11R6PL13_LIB0.6/EXAMPLE/CMDS/
LIB	x11r6pl13_lib_v0.6.lzh	1315636	ok	X11R6PL13_LIB0.6/EXAMPLE/CMDS/basicwin
LIB	x11r6pl13_lib_v0.6.lzh	1315636	ok	X11R6PL13_LIB0.6/EXAMPLE/CMDS/xengine
LIB	x11r6pl13_lib_v0.6.lzh	1315636	ok	X11R6PL13_LIB0.6/EXAMPLE/RELS/
LIB	x11r6pl13_lib_v0.6.lzh	1315636	ok	X11R6PL13_LIB0.6/EXAMPLE/basicwin.c
LIB	x11r6pl13_lib_v0.6.lzh	1315636	ok	X11R6PL13_LIB0.6/EXAMPLE/makefile
LIB	x11r6pl13_lib_v0.6.lzh	1315636	ok	X11R6PL13_LIB0.6/EXAMPLE/xengine.c
LIB	x11r6pl13_lib_v0.6.lzh	1315636	ok	X11R6PL13_LIB0.6/INCLUDE/
LIB	x11r6pl13_lib_v0.6.lzh	1315636	ok	X11R6PL13_LIB0.6/INCLUDE/FONTS/
LIB	x11r6pl13_lib_v0.6.lzh	1315636	ok	X11R6PL13_LIB0.6/INCLUDE/FONTS/FS.h
LIB	x11r6pl13_lib_v0.6.lzh	1315636	ok	X11R6PL13_LIB0.6/INCLUDE/FONTS/FSproto.h
LIB	x11r6pl13_lib_v0.6.lzh	1315636	ok	X11R6PL13_LIB0.6/INCLUDE/FONTS/font.h
LIB	x11r6pl13_lib_v0.6.lzh	1315636	ok	X11R6PL13_LIB0.6/INCLUDE/FONTS/fontstruct.h
LIB	x11r6pl13_lib_v0.6.lzh	1315636	ok	X11R6PL13_LIB0.6/INCLUDE/FONTS/fsmasks.h
LIB	x11r6pl13_lib_v0.6.lzh	1315636	ok	X11R6PL13_LIB0.6/INCLUDE/OS9UNIX/
LIB	x11r6pl13_lib_v0.6.lzh	1315636	ok	X11R6PL13_LIB0.6/INCLUDE/OS9UNIX/os9unix.h
LIB	x11r6pl13_lib_v0.6.lzh	1315636	ok	X11R6PL13_LIB0.6/INCLUDE/OS9UNIX/ux_bcopy.h
LIB	x11r6pl13_lib_v0.6.lzh	1315636	ok	X11R6PL13_LIB0.6/INCLUDE/OS9UNIX/ux_fcntl.h
LIB	x11r6pl13_lib_v0.6.lzh	1315636	ok	X11R6PL13_LIB0.6/INCLUDE/OS9UNIX/ux_file.h
LIB	x11r6pl13_lib_v0.6.lzh	1315636	ok	X11R6PL13_LIB0.6/INCLUDE/OS9UNIX/ux_filio.h
LIB	x11r6pl13_lib_v0.6.lzh	1315636	ok	X11R6PL13_LIB0.6/INCLUDE/OS9UNIX/ux_getopt.h
LIB	x11r6pl13_lib_v0.6.lzh	1315636	ok	X11R6PL13_LIB0.6/INCLUDE/OS9UNIX/ux_grp.h
LIB	x11r6pl13_lib_v0.6.lzh	1315636	ok	X11R6PL13_LIB0.6/INCLUDE/OS9UNIX/ux_hostname.h
LIB	x11r6pl13_lib_v0.6.lzh	1315636	ok	X11R6PL13_LIB0.6/INCLUDE/OS9UNIX/ux_ioccom.h
LIB	x11r6pl13_lib_v0.6.lzh	1315636	ok	X11R6PL13_LIB0.6/INCLUDE/OS9UNIX/ux_lc_core.h
LIB	x11r6pl13_lib_v0.6.lzh	1315636	ok	X11R6PL13_LIB0.6/INCLUDE/OS9UNIX/ux_mdir.h
LIB	x11r6pl13_lib_v0.6.lzh	1315636	ok	X11R6PL13_LIB0.6/INCLUDE/OS9UNIX/ux_pwd.h
LIB	x11r6pl13_lib_v0.6.lzh	1315636	ok	X11R6PL13_LIB0.6/INCLUDE/OS9UNIX/ux_stat.h
LIB	x11r6pl13_lib_v0.6.lzh	1315636	ok	X11R6PL13_LIB0.6/INCLUDE/OS9UNIX/ux_sysmacros.h
LIB	x11r6pl13_lib_v0.6.lzh	1315636	ok	X11R6PL13_LIB0.6/INCLUDE/OS9UNIX/ux_termio.h
LIB	x11r6pl13_lib_v0.6.lzh	1315636	ok	X11R6PL13_LIB0.6/INCLUDE/OS9UNIX/ux_termios.h
LIB	x11r6pl13_lib_v0.6.lzh	1315636	ok	X11R6PL13_LIB0.6/INCLUDE/OS9UNIX/ux_time.h
LIB	x11r6pl13_lib_v0.6.lzh	1315636	ok	X11R6PL13_LIB0.6/INCLUDE/OS9UNIX/ux_timeb.h
LIB	x11r6pl13_lib_v0.6.lzh	1315636	ok	X11R6PL13_LIB0.6/INCLUDE/OS9UNIX/ux_times.h
LIB	x11r6pl13_lib_v0.6.lzh	1315636	ok	X11R6PL13_LIB0.6/INCLUDE/OS9UNIX/ux_ttycom.h
LIB	x11r6pl13_lib_v0.6.lzh	1315636	ok	X11R6PL13_LIB0.6/INCLUDE/OS9UNIX/ux_ttydev.h
LIB	x11r6pl13_lib_v0.6.lzh	1315636	ok	X11R6PL13_LIB0.6/INCLUDE/OS9UNIX/ux_types.h
LIB	x11r6pl13_lib_v0.6.lzh	1315636	ok	X11R6PL13_LIB0.6/INCLUDE/OS9UNIX/ux_uio.h
LIB	x11r6pl13_lib_v0.6.lzh	1315636	ok	X11R6PL13_LIB0.6/INCLUDE/OS9UNIX/ux_unistd.h
LIB	x11r6pl13_lib_v0.6.lzh	1315636	ok	X11R6PL13_LIB0.6/INCLUDE/OS9UNIX/ux_utmp.h
LIB	x11r6pl13_lib_v0.6.lzh	1315636	ok	X11R6PL13_LIB0.6/INCLUDE/OS9UNIX/ux_wchar.h
LIB	x11r6pl13_lib_v0.6.lzh	1315636	ok	X11R6PL13_LIB0.6/INCLUDE/X11/
LIB	x11r6pl13_lib_v0.6.lzh	1315636	ok	X11R6PL13_LIB0.6/INCLUDE/X11/.cow
LIB	x11r6pl13_lib_v0.6.lzh	1315636	ok	X11R6PL13_LIB0.6/INCLUDE/X11/CallbackI.h
LIB	x11r6pl13_lib_v0.6.lzh	1315636	ok	X11R6PL13_LIB0.6/INCLUDE/X11/Composite.h
LIB	x11r6pl13_lib_v0.6.lzh	1315636	ok	X11R6PL13_LIB0.6/INCLUDE/X11/CompositeP.h
LIB	x11r6pl13_lib_v0.6.lzh	1315636	ok	X11R6PL13_LIB0.6/INCLUDE/X11/ConstrainP.h
LIB	x11r6pl13_lib_v0.6.lzh	1315636	ok	X11R6PL13_LIB0.6/INCLUDE/X11/Constraint.h
LIB	x11r6pl13_lib_v0.6.lzh	1315636	ok	X11R6PL13_LIB0.6/INCLUDE/X11/ConvertI.h
LIB	x11r6pl13_lib_v0.6.lzh	1315636	ok	X11R6PL13_LIB0.6/INCLUDE/X11/Core.h
LIB	x11r6pl13_lib_v0.6.lzh	1315636	ok	X11R6PL13_LIB0.6/INCLUDE/X11/CoreP.h
LIB	x11r6pl13_lib_v0.6.lzh	1315636	ok	X11R6PL13_LIB0.6/INCLUDE/X11/DECkeysym.h
LIB	x11r6pl13_lib_v0.6.lzh	1315636	ok	X11R6PL13_LIB0.6/INCLUDE/X11/EXTENSIONS/
LIB	x11r6pl13_lib_v0.6.lzh	1315636	ok	X11R6PL13_LIB0.6/INCLUDE/X11/EXTENSIONS/.cow
LIB	x11r6pl13_lib_v0.6.lzh	1315636	ok	X11R6PL13_LIB0.6/INCLUDE/X11/EXTENSIONS/MITMisc.h
LIB	x11r6pl13_lib_v0.6.lzh	1315636	ok	X11R6PL13_LIB0.6/INCLUDE/X11/EXTENSIONS/XI.h
LIB	x11r6pl13_lib_v0.6.lzh	1315636	ok	X11R6PL13_LIB0.6/INCLUDE/X11/EXTENSIONS/XIE.h
LIB	x11r6pl13_lib_v0.6.lzh	1315636	ok	X11R6PL13_LIB0.6/INCLUDE/X11/EXTENSIONS/XIElib.h
LIB	x11r6pl13_lib_v0.6.lzh	1315636	ok	X11R6PL13_LIB0.6/INCLUDE/X11/EXTENSIONS/XIEproto.h
LIB	x11r6pl13_lib_v0.6.lzh	1315636	ok	X11R6PL13_LIB0.6/INCLUDE/X11/EXTENSIONS/XIEprotost.h
LIB	x11r6pl13_lib_v0.6.lzh	1315636	ok	X11R6PL13_LIB0.6/INCLUDE/X11/EXTENSIONS/XInput.h
LIB	x11r6pl13_lib_v0.6.lzh	1315636	ok	X11R6PL13_LIB0.6/INCLUDE/X11/EXTENSIONS/XIproto.h
LIB	x11r6pl13_lib_v0.6.lzh	1315636	ok	X11R6PL13_LIB0.6/INCLUDE/X11/EXTENSIONS/XKB.h
LIB	x11r6pl13_lib_v0.6.lzh	1315636	ok	X11R6PL13_LIB0.6/INCLUDE/X11/EXTENSIONS/XKBproto.h
LIB	x11r6pl13_lib_v0.6.lzh	1315636	ok	X11R6PL13_LIB0.6/INCLUDE/X11/EXTENSIONS/XKBsrv.h
LIB	x11r6pl13_lib_v0.6.lzh	1315636	ok	X11R6PL13_LIB0.6/INCLUDE/X11/EXTENSIONS/XKBstr.h
LIB	x11r6pl13_lib_v0.6.lzh	1315636	ok	X11R6PL13_LIB0.6/INCLUDE/X11/EXTENSIONS/XKM.h
LIB	x11r6pl13_lib_v0.6.lzh	1315636	ok	X11R6PL13_LIB0.6/INCLUDE/X11/EXTENSIONS/XKMformat.h
LIB	x11r6pl13_lib_v0.6.lzh	1315636	ok	X11R6PL13_LIB0.6/INCLUDE/X11/EXTENSIONS/XShm.h
LIB	x11r6pl13_lib_v0.6.lzh	1315636	ok	X11R6PL13_LIB0.6/INCLUDE/X11/EXTENSIONS/XTest.h
LIB	x11r6pl13_lib_v0.6.lzh	1315636	ok	X11R6PL13_LIB0.6/INCLUDE/X11/EXTENSIONS/Xext.h
LIB	x11r6pl13_lib_v0.6.lzh	1315636	ok	X11R6PL13_LIB0.6/INCLUDE/X11/EXTENSIONS/bigreqstr.h
LIB	x11r6pl13_lib_v0.6.lzh	1315636	ok	X11R6PL13_LIB0.6/INCLUDE/X11/EXTENSIONS/extutil.h
LIB	x11r6pl13_lib_v0.6.lzh	1315636	ok	X11R6PL13_LIB0.6/INCLUDE/X11/EXTENSIONS/mitmiscstr.h
LIB	x11r6pl13_lib_v0.6.lzh	1315636	ok	X11R6PL13_LIB0.6/INCLUDE/X11/EXTENSIONS/multibuf.h
LIB	x11r6pl13_lib_v0.6.lzh	1315636	ok	X11R6PL13_LIB0.6/INCLUDE/X11/EXTENSIONS/multibufst.h
LIB	x11r6pl13_lib_v0.6.lzh	1315636	ok	X11R6PL13_LIB0.6/INCLUDE/X11/EXTENSIONS/shape.h
LIB	x11r6pl13_lib_v0.6.lzh	1315636	ok	X11R6PL13_LIB0.6/INCLUDE/X11/EXTENSIONS/shapestr.h
LIB	x11r6pl13_lib_v0.6.lzh	1315636	ok	X11R6PL13_LIB0.6/INCLUDE/X11/EXTENSIONS/shmstr.h
LIB	x11r6pl13_lib_v0.6.lzh	1315636	ok	X11R6PL13_LIB0.6/INCLUDE/X11/EXTENSIONS/sync.h
LIB	x11r6pl13_lib_v0.6.lzh	1315636	ok	X11R6PL13_LIB0.6/INCLUDE/X11/EXTENSIONS/syncstr.h
LIB	x11r6pl13_lib_v0.6.lzh	1315636	ok	X11R6PL13_LIB0.6/INCLUDE/X11/EXTENSIONS/xcmiscstr.h
LIB	x11r6pl13_lib_v0.6.lzh	1315636	ok	X11R6PL13_LIB0.6/INCLUDE/X11/EXTENSIONS/xtestext1.h
LIB	x11r6pl13_lib_v0.6.lzh	1315636	ok	X11R6PL13_LIB0.6/INCLUDE/X11/EXTENSIONS/xteststr.h
LIB	x11r6pl13_lib_v0.6.lzh	1315636	ok	X11R6PL13_LIB0.6/INCLUDE/X11/EventI.h
LIB	x11r6pl13_lib_v0.6.lzh	1315636	ok	X11R6PL13_LIB0.6/INCLUDE/X11/HookObjI.h
LIB	x11r6pl13_lib_v0.6.lzh	1315636	ok	X11R6PL13_LIB0.6/INCLUDE/X11/ICE/
LIB	x11r6pl13_lib_v0.6.lzh	1315636	ok	X11R6PL13_LIB0.6/INCLUDE/X11/ICE/.cow
LIB	x11r6pl13_lib_v0.6.lzh	1315636	ok	X11R6PL13_LIB0.6/INCLUDE/X11/ICE/ICE.h
LIB	x11r6pl13_lib_v0.6.lzh	1315636	ok	X11R6PL13_LIB0.6/INCLUDE/X11/ICE/ICEconn.h
LIB	x11r6pl13_lib_v0.6.lzh	1315636	ok	X11R6PL13_LIB0.6/INCLUDE/X11/ICE/ICElib.h
LIB	x11r6pl13_lib_v0.6.lzh	1315636	ok	X11R6PL13_LIB0.6/INCLUDE/X11/ICE/ICElibint.h
LIB	x11r6pl13_lib_v0.6.lzh	1315636	ok	X11R6PL13_LIB0.6/INCLUDE/X11/ICE/ICEmsg.h
LIB	x11r6pl13_lib_v0.6.lzh	1315636	ok	X11R6PL13_LIB0.6/INCLUDE/X11/ICE/ICEproto.h
LIB	x11r6pl13_lib_v0.6.lzh	1315636	ok	X11R6PL13_LIB0.6/INCLUDE/X11/ICE/ICEutil.h
LIB	x11r6pl13_lib_v0.6.lzh	1315636	ok	X11R6PL13_LIB0.6/INCLUDE/X11/ICE/Xtransint.h
LIB	x11r6pl13_lib_v0.6.lzh	1315636	ok	X11R6PL13_LIB0.6/INCLUDE/X11/ICE/globals.h
LIB	x11r6pl13_lib_v0.6.lzh	1315636	ok	X11R6PL13_LIB0.6/INCLUDE/X11/InitialI.h
LIB	x11r6pl13_lib_v0.6.lzh	1315636	ok	X11R6PL13_LIB0.6/INCLUDE/X11/Intrinsic.h
LIB	x11r6pl13_lib_v0.6.lzh	1315636	ok	X11R6PL13_LIB0.6/INCLUDE/X11/IntrinsicI.h
LIB	x11r6pl13_lib_v0.6.lzh	1315636	ok	X11R6PL13_LIB0.6/INCLUDE/X11/IntrinsicP.h
LIB	x11r6pl13_lib_v0.6.lzh	1315636	ok	X11R6PL13_LIB0.6/INCLUDE/X11/Object.h
LIB	x11r6pl13_lib_v0.6.lzh	1315636	ok	X11R6PL13_LIB0.6/INCLUDE/X11/ObjectP.h
LIB	x11r6pl13_lib_v0.6.lzh	1315636	ok	X11R6PL13_LIB0.6/INCLUDE/X11/PEX5/
LIB	x11r6pl13_lib_v0.6.lzh	1315636	ok	X11R6PL13_LIB0.6/INCLUDE/X11/PEX5/.cow
LIB	x11r6pl13_lib_v0.6.lzh	1315636	ok	X11R6PL13_LIB0.6/INCLUDE/X11/PEX5/PEX.h
LIB	x11r6pl13_lib_v0.6.lzh	1315636	ok	X11R6PL13_LIB0.6/INCLUDE/X11/PEX5/PEXlib.h
LIB	x11r6pl13_lib_v0.6.lzh	1315636	ok	X11R6PL13_LIB0.6/INCLUDE/X11/PEX5/PEXlibint.h
LIB	x11r6pl13_lib_v0.6.lzh	1315636	ok	X11R6PL13_LIB0.6/INCLUDE/X11/PEX5/PEXproto.h
LIB	x11r6pl13_lib_v0.6.lzh	1315636	ok	X11R6PL13_LIB0.6/INCLUDE/X11/PEX5/PEXprotost.h
LIB	x11r6pl13_lib_v0.6.lzh	1315636	ok	X11R6PL13_LIB0.6/INCLUDE/X11/PEX5/pl_convert.h
LIB	x11r6pl13_lib_v0.6.lzh	1315636	ok	X11R6PL13_LIB0.6/INCLUDE/X11/PEX5/pl_extract.h
LIB	x11r6pl13_lib_v0.6.lzh	1315636	ok	X11R6PL13_LIB0.6/INCLUDE/X11/PEX5/pl_global.h
LIB	x11r6pl13_lib_v0.6.lzh	1315636	ok	X11R6PL13_LIB0.6/INCLUDE/X11/PEX5/pl_lut.h
LIB	x11r6pl13_lib_v0.6.lzh	1315636	ok	X11R6PL13_LIB0.6/INCLUDE/X11/PEX5/pl_oc_util.h
LIB	x11r6pl13_lib_v0.6.lzh	1315636	ok	X11R6PL13_LIB0.6/INCLUDE/X11/PEX5/pl_store.h
LIB	x11r6pl13_lib_v0.6.lzh	1315636	ok	X11R6PL13_LIB0.6/INCLUDE/X11/PEX5/pl_util.h
LIB	x11r6pl13_lib_v0.6.lzh	1315636	ok	X11R6PL13_LIB0.6/INCLUDE/X11/PEX5/pl_xdata.h
LIB	x11r6pl13_lib_v0.6.lzh	1315636	ok	X11R6PL13_LIB0.6/INCLUDE/X11/PassivGraI.h
LIB	x11r6pl13_lib_v0.6.lzh	1315636	ok	X11R6PL13_LIB0.6/INCLUDE/X11/RectObj.h
LIB	x11r6pl13_lib_v0.6.lzh	1315636	ok	X11R6PL13_LIB0.6/INCLUDE/X11/RectObjP.h
LIB	x11r6pl13_lib_v0.6.lzh	1315636	ok	X11R6PL13_LIB0.6/INCLUDE/X11/ResourceI.h
LIB	x11r6pl13_lib_v0.6.lzh	1315636	ok	X11R6PL13_LIB0.6/INCLUDE/X11/SM/
LIB	x11r6pl13_lib_v0.6.lzh	1315636	ok	X11R6PL13_LIB0.6/INCLUDE/X11/SM/.cow
LIB	x11r6pl13_lib_v0.6.lzh	1315636	ok	X11R6PL13_LIB0.6/INCLUDE/X11/SM/SM.h
LIB	x11r6pl13_lib_v0.6.lzh	1315636	ok	X11R6PL13_LIB0.6/INCLUDE/X11/SM/SMlib.h
LIB	x11r6pl13_lib_v0.6.lzh	1315636	ok	X11R6PL13_LIB0.6/INCLUDE/X11/SM/SMlibint.h
LIB	x11r6pl13_lib_v0.6.lzh	1315636	ok	X11R6PL13_LIB0.6/INCLUDE/X11/SM/SMproto.h
LIB	x11r6pl13_lib_v0.6.lzh	1315636	ok	X11R6PL13_LIB0.6/INCLUDE/X11/SM/globals.h
LIB	x11r6pl13_lib_v0.6.lzh	1315636	ok	X11R6PL13_LIB0.6/INCLUDE/X11/SelectionI.h
LIB	x11r6pl13_lib_v0.6.lzh	1315636	ok	X11R6PL13_LIB0.6/INCLUDE/X11/Shell.h
LIB	x11r6pl13_lib_v0.6.lzh	1315636	ok	X11R6PL13_LIB0.6/INCLUDE/X11/ShellP.h
LIB	x11r6pl13_lib_v0.6.lzh	1315636	ok	X11R6PL13_LIB0.6/INCLUDE/X11/StringDefs.h
LIB	x11r6pl13_lib_v0.6.lzh	1315636	ok	X11R6PL13_LIB0.6/INCLUDE/X11/Sunkeysym.h
LIB	x11r6pl13_lib_v0.6.lzh	1315636	ok	X11R6PL13_LIB0.6/INCLUDE/X11/ThreadsI.h
LIB	x11r6pl13_lib_v0.6.lzh	1315636	ok	X11R6PL13_LIB0.6/INCLUDE/X11/TranslateI.h
LIB	x11r6pl13_lib_v0.6.lzh	1315636	ok	X11R6PL13_LIB0.6/INCLUDE/X11/VarargsI.h
LIB	x11r6pl13_lib_v0.6.lzh	1315636	ok	X11R6PL13_LIB0.6/INCLUDE/X11/Vendor.h
LIB	x11r6pl13_lib_v0.6.lzh	1315636	ok	X11R6PL13_LIB0.6/INCLUDE/X11/VendorP.h
LIB	x11r6pl13_lib_v0.6.lzh	1315636	ok	X11R6PL13_LIB0.6/INCLUDE/X11/Widgets.h
LIB	x11r6pl13_lib_v0.6.lzh	1315636	ok	X11R6PL13_LIB0.6/INCLUDE/X11/X.h
LIB	x11r6pl13_lib_v0.6.lzh	1315636	ok	X11R6PL13_LIB0.6/INCLUDE/X11/XAW/
LIB	x11r6pl13_lib_v0.6.lzh	1315636	ok	X11R6PL13_LIB0.6/INCLUDE/X11/XAW/.cow
LIB	x11r6pl13_lib_v0.6.lzh	1315636	ok	X11R6PL13_LIB0.6/INCLUDE/X11/XAW/AllWidgets.h
LIB	x11r6pl13_lib_v0.6.lzh	1315636	ok	X11R6PL13_LIB0.6/INCLUDE/X11/XAW/AsciiSink.h
LIB	x11r6pl13_lib_v0.6.lzh	1315636	ok	X11R6PL13_LIB0.6/INCLUDE/X11/XAW/AsciiSinkP.h
LIB	x11r6pl13_lib_v0.6.lzh	1315636	ok	X11R6PL13_LIB0.6/INCLUDE/X11/XAW/AsciiSrc.h
LIB	x11r6pl13_lib_v0.6.lzh	1315636	ok	X11R6PL13_LIB0.6/INCLUDE/X11/XAW/AsciiSrcP.h
LIB	x11r6pl13_lib_v0.6.lzh	1315636	ok	X11R6PL13_LIB0.6/INCLUDE/X11/XAW/AsciiText.h
LIB	x11r6pl13_lib_v0.6.lzh	1315636	ok	X11R6PL13_LIB0.6/INCLUDE/X11/XAW/AsciiTextP.h
LIB	x11r6pl13_lib_v0.6.lzh	1315636	ok	X11R6PL13_LIB0.6/INCLUDE/X11/XAW/Box.h
LIB	x11r6pl13_lib_v0.6.lzh	1315636	ok	X11R6PL13_LIB0.6/INCLUDE/X11/XAW/BoxP.h
LIB	x11r6pl13_lib_v0.6.lzh	1315636	ok	X11R6PL13_LIB0.6/INCLUDE/X11/XAW/Cardinals.h
LIB	x11r6pl13_lib_v0.6.lzh	1315636	ok	X11R6PL13_LIB0.6/INCLUDE/X11/XAW/Command.h
LIB	x11r6pl13_lib_v0.6.lzh	1315636	ok	X11R6PL13_LIB0.6/INCLUDE/X11/XAW/CommandP.h
LIB	x11r6pl13_lib_v0.6.lzh	1315636	ok	X11R6PL13_LIB0.6/INCLUDE/X11/XAW/Dialog.h
LIB	x11r6pl13_lib_v0.6.lzh	1315636	ok	X11R6PL13_LIB0.6/INCLUDE/X11/XAW/DialogP.h
LIB	x11r6pl13_lib_v0.6.lzh	1315636	ok	X11R6PL13_LIB0.6/INCLUDE/X11/XAW/Form.h
LIB	x11r6pl13_lib_v0.6.lzh	1315636	ok	X11R6PL13_LIB0.6/INCLUDE/X11/XAW/FormP.h
LIB	x11r6pl13_lib_v0.6.lzh	1315636	ok	X11R6PL13_LIB0.6/INCLUDE/X11/XAW/Grip.h
LIB	x11r6pl13_lib_v0.6.lzh	1315636	ok	X11R6PL13_LIB0.6/INCLUDE/X11/XAW/GripP.h
LIB	x11r6pl13_lib_v0.6.lzh	1315636	ok	X11R6PL13_LIB0.6/INCLUDE/X11/XAW/Label.h
LIB	x11r6pl13_lib_v0.6.lzh	1315636	ok	X11R6PL13_LIB0.6/INCLUDE/X11/XAW/LabelP.h
LIB	x11r6pl13_lib_v0.6.lzh	1315636	ok	X11R6PL13_LIB0.6/INCLUDE/X11/XAW/List.h
LIB	x11r6pl13_lib_v0.6.lzh	1315636	ok	X11R6PL13_LIB0.6/INCLUDE/X11/XAW/ListP.h
LIB	x11r6pl13_lib_v0.6.lzh	1315636	ok	X11R6PL13_LIB0.6/INCLUDE/X11/XAW/MenuButtoP.h
LIB	x11r6pl13_lib_v0.6.lzh	1315636	ok	X11R6PL13_LIB0.6/INCLUDE/X11/XAW/MenuButton.h
LIB	x11r6pl13_lib_v0.6.lzh	1315636	ok	X11R6PL13_LIB0.6/INCLUDE/X11/XAW/MultiSink.h
LIB	x11r6pl13_lib_v0.6.lzh	1315636	ok	X11R6PL13_LIB0.6/INCLUDE/X11/XAW/MultiSinkP.h
LIB	x11r6pl13_lib_v0.6.lzh	1315636	ok	X11R6PL13_LIB0.6/INCLUDE/X11/XAW/MultiSrc.h
LIB	x11r6pl13_lib_v0.6.lzh	1315636	ok	X11R6PL13_LIB0.6/INCLUDE/X11/XAW/MultiSrcP.h
LIB	x11r6pl13_lib_v0.6.lzh	1315636	ok	X11R6PL13_LIB0.6/INCLUDE/X11/XAW/Paned.h
LIB	x11r6pl13_lib_v0.6.lzh	1315636	ok	X11R6PL13_LIB0.6/INCLUDE/X11/XAW/PanedP.h
LIB	x11r6pl13_lib_v0.6.lzh	1315636	ok	X11R6PL13_LIB0.6/INCLUDE/X11/XAW/Panner.h
LIB	x11r6pl13_lib_v0.6.lzh	1315636	ok	X11R6PL13_LIB0.6/INCLUDE/X11/XAW/PannerP.h
LIB	x11r6pl13_lib_v0.6.lzh	1315636	ok	X11R6PL13_LIB0.6/INCLUDE/X11/XAW/Porthole.h
LIB	x11r6pl13_lib_v0.6.lzh	1315636	ok	X11R6PL13_LIB0.6/INCLUDE/X11/XAW/PortholeP.h
LIB	x11r6pl13_lib_v0.6.lzh	1315636	ok	X11R6PL13_LIB0.6/INCLUDE/X11/XAW/Repeater.h
LIB	x11r6pl13_lib_v0.6.lzh	1315636	ok	X11R6PL13_LIB0.6/INCLUDE/X11/XAW/RepeaterP.h
LIB	x11r6pl13_lib_v0.6.lzh	1315636	ok	X11R6PL13_LIB0.6/INCLUDE/X11/XAW/Reports.h
LIB	x11r6pl13_lib_v0.6.lzh	1315636	ok	X11R6PL13_LIB0.6/INCLUDE/X11/XAW/Scrollbar.h
LIB	x11r6pl13_lib_v0.6.lzh	1315636	ok	X11R6PL13_LIB0.6/INCLUDE/X11/XAW/ScrollbarP.h
LIB	x11r6pl13_lib_v0.6.lzh	1315636	ok	X11R6PL13_LIB0.6/INCLUDE/X11/XAW/Simple.h
LIB	x11r6pl13_lib_v0.6.lzh	1315636	ok	X11R6PL13_LIB0.6/INCLUDE/X11/XAW/SimpleMenP.h
LIB	x11r6pl13_lib_v0.6.lzh	1315636	ok	X11R6PL13_LIB0.6/INCLUDE/X11/XAW/SimpleMenu.h
LIB	x11r6pl13_lib_v0.6.lzh	1315636	ok	X11R6PL13_LIB0.6/INCLUDE/X11/XAW/SimpleP.h
LIB	x11r6pl13_lib_v0.6.lzh	1315636	ok	X11R6PL13_LIB0.6/INCLUDE/X11/XAW/Sme.h
LIB	x11r6pl13_lib_v0.6.lzh	1315636	ok	X11R6PL13_LIB0.6/INCLUDE/X11/XAW/SmeBSB.h
LIB	x11r6pl13_lib_v0.6.lzh	1315636	ok	X11R6PL13_LIB0.6/INCLUDE/X11/XAW/SmeBSBP.h
LIB	x11r6pl13_lib_v0.6.lzh	1315636	ok	X11R6PL13_LIB0.6/INCLUDE/X11/XAW/SmeLine.h
LIB	x11r6pl13_lib_v0.6.lzh	1315636	ok	X11R6PL13_LIB0.6/INCLUDE/X11/XAW/SmeLineP.h
LIB	x11r6pl13_lib_v0.6.lzh	1315636	ok	X11R6PL13_LIB0.6/INCLUDE/X11/XAW/SmeP.h
LIB	x11r6pl13_lib_v0.6.lzh	1315636	ok	X11R6PL13_LIB0.6/INCLUDE/X11/XAW/StripCharP.h
LIB	x11r6pl13_lib_v0.6.lzh	1315636	ok	X11R6PL13_LIB0.6/INCLUDE/X11/XAW/StripChart.h
LIB	x11r6pl13_lib_v0.6.lzh	1315636	ok	X11R6PL13_LIB0.6/INCLUDE/X11/XAW/Template.h
LIB	x11r6pl13_lib_v0.6.lzh	1315636	ok	X11R6PL13_LIB0.6/INCLUDE/X11/XAW/TemplateP.h
LIB	x11r6pl13_lib_v0.6.lzh	1315636	ok	X11R6PL13_LIB0.6/INCLUDE/X11/XAW/Text.h
LIB	x11r6pl13_lib_v0.6.lzh	1315636	ok	X11R6PL13_LIB0.6/INCLUDE/X11/XAW/TextP.h
LIB	x11r6pl13_lib_v0.6.lzh	1315636	ok	X11R6PL13_LIB0.6/INCLUDE/X11/XAW/TextSink.h
LIB	x11r6pl13_lib_v0.6.lzh	1315636	ok	X11R6PL13_LIB0.6/INCLUDE/X11/XAW/TextSinkP.h
LIB	x11r6pl13_lib_v0.6.lzh	1315636	ok	X11R6PL13_LIB0.6/INCLUDE/X11/XAW/TextSrc.h
LIB	x11r6pl13_lib_v0.6.lzh	1315636	ok	X11R6PL13_LIB0.6/INCLUDE/X11/XAW/TextSrcP.h
LIB	x11r6pl13_lib_v0.6.lzh	1315636	ok	X11R6PL13_LIB0.6/INCLUDE/X11/XAW/Toggle.h
LIB	x11r6pl13_lib_v0.6.lzh	1315636	ok	X11R6PL13_LIB0.6/INCLUDE/X11/XAW/ToggleP.h
LIB	x11r6pl13_lib_v0.6.lzh	1315636	ok	X11R6PL13_LIB0.6/INCLUDE/X11/XAW/Tree.h
LIB	x11r6pl13_lib_v0.6.lzh	1315636	ok	X11R6PL13_LIB0.6/INCLUDE/X11/XAW/TreeP.h
LIB	x11r6pl13_lib_v0.6.lzh	1315636	ok	X11R6PL13_LIB0.6/INCLUDE/X11/XAW/VendorEP.h
LIB	x11r6pl13_lib_v0.6.lzh	1315636	ok	X11R6PL13_LIB0.6/INCLUDE/X11/XAW/Viewport.h
LIB	x11r6pl13_lib_v0.6.lzh	1315636	ok	X11R6PL13_LIB0.6/INCLUDE/X11/XAW/ViewportP.h
LIB	x11r6pl13_lib_v0.6.lzh	1315636	ok	X11R6PL13_LIB0.6/INCLUDE/X11/XAW/XawI18n.h
LIB	x11r6pl13_lib_v0.6.lzh	1315636	ok	X11R6PL13_LIB0.6/INCLUDE/X11/XAW/XawImP.h
LIB	x11r6pl13_lib_v0.6.lzh	1315636	ok	X11R6PL13_LIB0.6/INCLUDE/X11/XAW/XawInit.h
LIB	x11r6pl13_lib_v0.6.lzh	1315636	ok	X11R6PL13_LIB0.6/INCLUDE/X11/XMU/
LIB	x11r6pl13_lib_v0.6.lzh	1315636	ok	X11R6PL13_LIB0.6/INCLUDE/X11/XMU/Atoms.h
LIB	x11r6pl13_lib_v0.6.lzh	1315636	ok	X11R6PL13_LIB0.6/INCLUDE/X11/XMU/CharSet.h
LIB	x11r6pl13_lib_v0.6.lzh	1315636	ok	X11R6PL13_LIB0.6/INCLUDE/X11/XMU/CloseHook.h
LIB	x11r6pl13_lib_v0.6.lzh	1315636	ok	X11R6PL13_LIB0.6/INCLUDE/X11/XMU/Converters.h
LIB	x11r6pl13_lib_v0.6.lzh	1315636	ok	X11R6PL13_LIB0.6/INCLUDE/X11/XMU/CurUtil.h
LIB	x11r6pl13_lib_v0.6.lzh	1315636	ok	X11R6PL13_LIB0.6/INCLUDE/X11/XMU/CvtCache.h
LIB	x11r6pl13_lib_v0.6.lzh	1315636	ok	X11R6PL13_LIB0.6/INCLUDE/X11/XMU/DisplayQue.h
LIB	x11r6pl13_lib_v0.6.lzh	1315636	ok	X11R6PL13_LIB0.6/INCLUDE/X11/XMU/Drawing.h
LIB	x11r6pl13_lib_v0.6.lzh	1315636	ok	X11R6PL13_LIB0.6/INCLUDE/X11/XMU/Editres.h
LIB	x11r6pl13_lib_v0.6.lzh	1315636	ok	X11R6PL13_LIB0.6/INCLUDE/X11/XMU/EditresP.h
LIB	x11r6pl13_lib_v0.6.lzh	1315636	ok	X11R6PL13_LIB0.6/INCLUDE/X11/XMU/Error.h
LIB	x11r6pl13_lib_v0.6.lzh	1315636	ok	X11R6PL13_LIB0.6/INCLUDE/X11/XMU/ExtAgent.h
LIB	x11r6pl13_lib_v0.6.lzh	1315636	ok	X11R6PL13_LIB0.6/INCLUDE/X11/XMU/Initer.h
LIB	x11r6pl13_lib_v0.6.lzh	1315636	ok	X11R6PL13_LIB0.6/INCLUDE/X11/XMU/Misc.h
LIB	x11r6pl13_lib_v0.6.lzh	1315636	ok	X11R6PL13_LIB0.6/INCLUDE/X11/XMU/StdCmap.h
LIB	x11r6pl13_lib_v0.6.lzh	1315636	ok	X11R6PL13_LIB0.6/INCLUDE/X11/XMU/StdSel.h
LIB	x11r6pl13_lib_v0.6.lzh	1315636	ok	X11R6PL13_LIB0.6/INCLUDE/X11/XMU/SysUtil.h
LIB	x11r6pl13_lib_v0.6.lzh	1315636	ok	X11R6PL13_LIB0.6/INCLUDE/X11/XMU/WhitePoint.h
LIB	x11r6pl13_lib_v0.6.lzh	1315636	ok	X11R6PL13_LIB0.6/INCLUDE/X11/XMU/WidgetNode.h
LIB	x11r6pl13_lib_v0.6.lzh	1315636	ok	X11R6PL13_LIB0.6/INCLUDE/X11/XMU/WinUtil.h
LIB	x11r6pl13_lib_v0.6.lzh	1315636	ok	X11R6PL13_LIB0.6/INCLUDE/X11/XMU/Xct.h
LIB	x11r6pl13_lib_v0.6.lzh	1315636	ok	X11R6PL13_LIB0.6/INCLUDE/X11/XMU/Xmu.h
LIB	x11r6pl13_lib_v0.6.lzh	1315636	ok	X11R6PL13_LIB0.6/INCLUDE/X11/XWDFile.h
LIB	x11r6pl13_lib_v0.6.lzh	1315636	ok	X11R6PL13_LIB0.6/INCLUDE/X11/Xatom.h
LIB	x11r6pl13_lib_v0.6.lzh	1315636	ok	X11R6PL13_LIB0.6/INCLUDE/X11/Xauth.h
LIB	x11r6pl13_lib_v0.6.lzh	1315636	ok	X11R6PL13_LIB0.6/INCLUDE/X11/Xdmcp.h
LIB	x11r6pl13_lib_v0.6.lzh	1315636	ok	X11R6PL13_LIB0.6/INCLUDE/X11/Xfuncproto.h
LIB	x11r6pl13_lib_v0.6.lzh	1315636	ok	X11R6PL13_LIB0.6/INCLUDE/X11/Xfuncs.h
LIB	x11r6pl13_lib_v0.6.lzh	1315636	ok	X11R6PL13_LIB0.6/INCLUDE/X11/Xlib.h
LIB	x11r6pl13_lib_v0.6.lzh	1315636	ok	X11R6PL13_LIB0.6/INCLUDE/X11/Xlibint.h
LIB	x11r6pl13_lib_v0.6.lzh	1315636	ok	X11R6PL13_LIB0.6/INCLUDE/X11/Xmd.h
LIB	x11r6pl13_lib_v0.6.lzh	1315636	ok	X11R6PL13_LIB0.6/INCLUDE/X11/Xos.h
LIB	x11r6pl13_lib_v0.6.lzh	1315636	ok	X11R6PL13_LIB0.6/INCLUDE/X11/Xosdefs.h
LIB	x11r6pl13_lib_v0.6.lzh	1315636	ok	X11R6PL13_LIB0.6/INCLUDE/X11/Xproto.h
LIB	x11r6pl13_lib_v0.6.lzh	1315636	ok	X11R6PL13_LIB0.6/INCLUDE/X11/Xprotostr.h
LIB	x11r6pl13_lib_v0.6.lzh	1315636	ok	X11R6PL13_LIB0.6/INCLUDE/X11/Xresource.h
LIB	x11r6pl13_lib_v0.6.lzh	1315636	ok	X11R6PL13_LIB0.6/INCLUDE/X11/Xthreads.h
LIB	x11r6pl13_lib_v0.6.lzh	1315636	ok	X11R6PL13_LIB0.6/INCLUDE/X11/Xtos.h
LIB	x11r6pl13_lib_v0.6.lzh	1315636	ok	X11R6PL13_LIB0.6/INCLUDE/X11/Xtrans.h
LIB	x11r6pl13_lib_v0.6.lzh	1315636	ok	X11R6PL13_LIB0.6/INCLUDE/X11/Xutil.h
LIB	x11r6pl13_lib_v0.6.lzh	1315636	ok	X11R6PL13_LIB0.6/INCLUDE/X11/Xw32defs.h
LIB	x11r6pl13_lib_v0.6.lzh	1315636	ok	X11R6PL13_LIB0.6/INCLUDE/X11/ap_keysym.h
LIB	x11r6pl13_lib_v0.6.lzh	1315636	ok	X11R6PL13_LIB0.6/INCLUDE/X11/cursorfont.h
LIB	x11r6pl13_lib_v0.6.lzh	1315636	ok	X11R6PL13_LIB0.6/INCLUDE/X11/fd.h
LIB	x11r6pl13_lib_v0.6.lzh	1315636	ok	X11R6PL13_LIB0.6/INCLUDE/X11/keysym.h
LIB	x11r6pl13_lib_v0.6.lzh	1315636	ok	X11R6PL13_LIB0.6/INCLUDE/X11/keysymdef.h
LIB	x11r6pl13_lib_v0.6.lzh	1315636	ok	X11R6PL13_LIB0.6/LIBS/
LIB	x11r6pl13_lib_v0.6.lzh	1315636	ok	X11R6PL13_LIB0.6/LIBS/X11R6shl
LIB	x11r6pl13_lib_v0.6.lzh	1315636	ok	X11R6PL13_LIB0.6/LIBS/X11R6shl.l
LIB	x11r6pl13_lib_v0.6.lzh	1315636	ok	X11R6PL13_LIB0.6/LIBS/os9unix.l
LIB	x11r6pl13_lib_v0.6.lzh	1315636	ok	X11R6PL13_LIB0.6/read_me.txt
LIB	x11r6pl13_lib_v0.6.read_me.txt	10592	bare_file	x11r6pl13_lib_v0.6.read_me.txt
GRAPHICS	JPEGEXEC.V4.lzh	63038	ok	cjpeg
GRAPHICS	JPEGEXEC.V4.lzh	63038	ok	djpeg
GRAPHICS	JPEGEXEC.V4.lzh	63038	ok	readme.osk
GRAPHICS	gnuplot2.0_881.tar.Z	110971	ok	CMDS/
GRAPHICS	gnuplot2.0_881.tar.Z	110971	ok	CMDS/gnuplot
GRAPHICS	gnuplot2.0_881.tar.Z	110971	ok	DEMO/
GRAPHICS	gnuplot2.0_881.tar.Z	110971	ok	DEMO/1.dat
GRAPHICS	gnuplot2.0_881.tar.Z	110971	ok	DEMO/2.dat
GRAPHICS	gnuplot2.0_881.tar.Z	110971	ok	DEMO/3.dat
GRAPHICS	gnuplot2.0_881.tar.Z	110971	ok	DEMO/controls.demo
GRAPHICS	gnuplot2.0_881.tar.Z	110971	ok	DEMO/electron.demo
GRAPHICS	gnuplot2.0_881.tar.Z	110971	ok	DEMO/polar.demo
GRAPHICS	gnuplot2.0_881.tar.Z	110971	ok	DEMO/simple.demo
GRAPHICS	gnuplot2.0_881.tar.Z	110971	ok	ReadMe
GRAPHICS	gnuplot2.0_881.tar.Z	110971	ok	SYS/
GRAPHICS	gnuplot2.0_881.tar.Z	110971	ok	SYS/gnuplot.gih
GRAPHICS	gnuplot32x.tar.Z	664507	ok	gnuplot
GRAPHICS	gnuplot32x.tar.Z	664507	ok	gnuplot/demo
GRAPHICS	gnuplot32x.tar.Z	664507	ok	gnuplot/demo/1.dat
GRAPHICS	gnuplot32x.tar.Z	664507	ok	gnuplot/demo/2.dat
GRAPHICS	gnuplot32x.tar.Z	664507	ok	gnuplot/demo/3.dat
GRAPHICS	gnuplot32x.tar.Z	664507	ok	gnuplot/demo/all.demo
GRAPHICS	gnuplot32x.tar.Z	664507	ok	gnuplot/demo/antenna.dat
GRAPHICS	gnuplot32x.tar.Z	664507	ok	gnuplot/demo/bivariat.demo
GRAPHICS	gnuplot32x.tar.Z	664507	ok	gnuplot/demo/contours.demo
GRAPHICS	gnuplot32x.tar.Z	664507	ok	gnuplot/demo/controls.demo
GRAPHICS	gnuplot32x.tar.Z	664507	ok	gnuplot/demo/electron.demo
GRAPHICS	gnuplot32x.tar.Z	664507	ok	gnuplot/demo/err.dat
GRAPHICS	gnuplot32x.tar.Z	664507	ok	gnuplot/demo/errorbar.demo
GRAPHICS	gnuplot32x.tar.Z	664507	ok	gnuplot/demo/glass.dat
GRAPHICS	gnuplot32x.tar.Z	664507	ok	gnuplot/demo/hidden.demo
GRAPHICS	gnuplot32x.tar.Z	664507	ok	gnuplot/demo/param.demo
GRAPHICS	gnuplot32x.tar.Z	664507	ok	gnuplot/demo/polar.dat
GRAPHICS	gnuplot32x.tar.Z	664507	ok	gnuplot/demo/polar.demo
GRAPHICS	gnuplot32x.tar.Z	664507	ok	gnuplot/demo/poldat.demo
GRAPHICS	gnuplot32x.tar.Z	664507	ok	gnuplot/demo/simple.demo
GRAPHICS	gnuplot32x.tar.Z	664507	ok	gnuplot/demo/surface1.demo
GRAPHICS	gnuplot32x.tar.Z	664507	ok	gnuplot/demo/surface2.demo
GRAPHICS	gnuplot32x.tar.Z	664507	ok	gnuplot/demo/using.dat
GRAPHICS	gnuplot32x.tar.Z	664507	ok	gnuplot/demo/using.demo
GRAPHICS	gnuplot32x.tar.Z	664507	ok	gnuplot/demo/world.cor
GRAPHICS	gnuplot32x.tar.Z	664507	ok	gnuplot/demo/world.dat
GRAPHICS	gnuplot32x.tar.Z	664507	ok	gnuplot/demo/world.demo
GRAPHICS	gnuplot32x.tar.Z	664507	ok	gnuplot/term
GRAPHICS	gnuplot32x.tar.Z	664507	ok	gnuplot/term/README
GRAPHICS	gnuplot32x.tar.Z	664507	ok	gnuplot/term/aed.trm
GRAPHICS	gnuplot32x.tar.Z	664507	ok	gnuplot/term/ai.trm
GRAPHICS	gnuplot32x.tar.Z	664507	ok	gnuplot/term/amiga.trm
GRAPHICS	gnuplot32x.tar.Z	664507	ok	gnuplot/term/apollo.trm
GRAPHICS	gnuplot32x.tar.Z	664507	ok	gnuplot/term/bigfig.trm
GRAPHICS	gnuplot32x.tar.Z	664507	ok	gnuplot/term/cgi.trm
GRAPHICS	gnuplot32x.tar.Z	664507	ok	gnuplot/term/dumb.trm
GRAPHICS	gnuplot32x.tar.Z	664507	ok	gnuplot/term/dxf.trm
GRAPHICS	gnuplot32x.tar.Z	664507	ok	gnuplot/term/dxy.trm
GRAPHICS	gnuplot32x.tar.Z	664507	ok	gnuplot/term/eepic.trm
GRAPHICS	gnuplot32x.tar.Z	664507	ok	gnuplot/term/epson.trm
GRAPHICS	gnuplot32x.tar.Z	664507	ok	gnuplot/term/fig.trm
GRAPHICS	gnuplot32x.tar.Z	664507	ok	gnuplot/term/gpr.trm
GRAPHICS	gnuplot32x.tar.Z	664507	ok	gnuplot/term/hp26.trm
GRAPHICS	gnuplot32x.tar.Z	664507	ok	gnuplot/term/hp2648.trm
GRAPHICS	gnuplot32x.tar.Z	664507	ok	gnuplot/term/hpgl.trm
GRAPHICS	gnuplot32x.tar.Z	664507	ok	gnuplot/term/hpljii.trm
GRAPHICS	gnuplot32x.tar.Z	664507	ok	gnuplot/term/imagen.trm
GRAPHICS	gnuplot32x.tar.Z	664507	ok	gnuplot/term/impcodes.h
GRAPHICS	gnuplot32x.tar.Z	664507	ok	gnuplot/term/iris4d.trm
GRAPHICS	gnuplot32x.tar.Z	664507	ok	gnuplot/term/kyo.trm
GRAPHICS	gnuplot32x.tar.Z	664507	ok	gnuplot/term/latex.trm
GRAPHICS	gnuplot32x.tar.Z	664507	ok	gnuplot/term/next.trm
GRAPHICS	gnuplot32x.tar.Z	664507	ok	gnuplot/term/object.h
GRAPHICS	gnuplot32x.tar.Z	664507	ok	gnuplot/term/pbm.trm
GRAPHICS	gnuplot32x.tar.Z	664507	ok	gnuplot/term/pc.trm
GRAPHICS	gnuplot32x.tar.Z	664507	ok	gnuplot/term/post.trm
GRAPHICS	gnuplot32x.tar.Z	664507	ok	gnuplot/term/qms.trm
GRAPHICS	gnuplot32x.tar.Z	664507	ok	gnuplot/term/regis.trm
GRAPHICS	gnuplot32x.tar.Z	664507	ok	gnuplot/term/sun.trm
GRAPHICS	gnuplot32x.tar.Z	664507	ok	gnuplot/term/t410x.trm
GRAPHICS	gnuplot32x.tar.Z	664507	ok	gnuplot/term/tek.trm
GRAPHICS	gnuplot32x.tar.Z	664507	ok	gnuplot/term/unixpc.trm
GRAPHICS	gnuplot32x.tar.Z	664507	ok	gnuplot/term/unixplot.trm
GRAPHICS	gnuplot32x.tar.Z	664507	ok	gnuplot/term/v384.trm
GRAPHICS	gnuplot32x.tar.Z	664507	ok	gnuplot/term/vws.trm
GRAPHICS	gnuplot32x.tar.Z	664507	ok	gnuplot/term/x11.trm
GRAPHICS	gnuplot32x.tar.Z	664507	ok	gnuplot/docs
GRAPHICS	gnuplot32x.tar.Z	664507	ok	gnuplot/docs/latextut
GRAPHICS	gnuplot32x.tar.Z	664507	ok	gnuplot/docs/latextut/Makefile
GRAPHICS	gnuplot32x.tar.Z	664507	ok	gnuplot/docs/latextut/eg1.plt
GRAPHICS	gnuplot32x.tar.Z	664507	ok	gnuplot/docs/latextut/eg2.plt
GRAPHICS	gnuplot32x.tar.Z	664507	ok	gnuplot/docs/latextut/eg3.dat
GRAPHICS	gnuplot32x.tar.Z	664507	ok	gnuplot/docs/latextut/eg3.plt
GRAPHICS	gnuplot32x.tar.Z	664507	ok	gnuplot/docs/latextut/eg4.plt
GRAPHICS	gnuplot32x.tar.Z	664507	ok	gnuplot/docs/latextut/eg5.plt
GRAPHICS	gnuplot32x.tar.Z	664507	ok	gnuplot/docs/latextut/eg6.plt
GRAPHICS	gnuplot32x.tar.Z	664507	ok	gnuplot/docs/latextut/header.tex
GRAPHICS	gnuplot32x.tar.Z	664507	ok	gnuplot/docs/latextut/linepoint.plt
GRAPHICS	gnuplot32x.tar.Z	664507	ok	gnuplot/docs/latextut/tutorial.tex
GRAPHICS	gnuplot32x.tar.Z	664507	ok	gnuplot/docs/Makefile.ami
GRAPHICS	gnuplot32x.tar.Z	664507	ok	gnuplot/docs/checkdoc.c
GRAPHICS	gnuplot32x.tar.Z	664507	ok	gnuplot/docs/doc2gih.c
GRAPHICS	gnuplot32x.tar.Z	664507	ok	gnuplot/docs/doc2hlp.c
GRAPHICS	gnuplot32x.tar.Z	664507	ok	gnuplot/docs/doc2hlp.com
GRAPHICS	gnuplot32x.tar.Z	664507	ok	gnuplot/docs/doc2ms.c
GRAPHICS	gnuplot32x.tar.Z	664507	ok	gnuplot/docs/doc2tex.c
GRAPHICS	gnuplot32x.tar.Z	664507	ok	gnuplot/docs/gnuplot.1
GRAPHICS	gnuplot32x.tar.Z	664507	ok	gnuplot/docs/gnuplot.doc
GRAPHICS	gnuplot32x.tar.Z	664507	ok	gnuplot/docs/lasergnu.1
GRAPHICS	gnuplot32x.tar.Z	664507	ok	gnuplot/docs/titlepage.ms
GRAPHICS	gnuplot32x.tar.Z	664507	ok	gnuplot/docs/titlepage.tex
GRAPHICS	gnuplot32x.tar.Z	664507	ok	gnuplot/docs/toc_entry.sty
GRAPHICS	gnuplot32x.tar.Z	664507	ok	gnuplot/docs/Makefile
GRAPHICS	gnuplot32x.tar.Z	664507	ok	gnuplot/docs/README
GRAPHICS	gnuplot32x.tar.Z	664507	ok	gnuplot/EPSView.h
GRAPHICS	gnuplot32x.tar.Z	664507	ok	gnuplot/EPSView.m
GRAPHICS	gnuplot32x.tar.Z	664507	ok	gnuplot/EpsViewer.h
GRAPHICS	gnuplot32x.tar.Z	664507	ok	gnuplot/EpsViewer.m
GRAPHICS	gnuplot32x.tar.Z	664507	ok	gnuplot/Intergraph.x11
GRAPHICS	gnuplot32x.tar.Z	664507	ok	gnuplot/README.3d
GRAPHICS	gnuplot32x.tar.Z	664507	ok	gnuplot/README.3p2
GRAPHICS	gnuplot32x.tar.Z	664507	ok	gnuplot/README.Install
GRAPHICS	gnuplot32x.tar.Z	664507	ok	gnuplot/README.NeXT
GRAPHICS	gnuplot32x.tar.Z	664507	ok	gnuplot/README.amiga
GRAPHICS	gnuplot32x.tar.Z	664507	ok	gnuplot/README.gnutex
GRAPHICS	gnuplot32x.tar.Z	664507	ok	gnuplot/README.x11
GRAPHICS	gnuplot32x.tar.Z	664507	ok	gnuplot/bitmap.c
GRAPHICS	gnuplot32x.tar.Z	664507	ok	gnuplot/bitmap.h
GRAPHICS	gnuplot32x.tar.Z	664507	ok	gnuplot/buildvms.com
GRAPHICS	gnuplot32x.tar.Z	664507	ok	gnuplot/command.c
GRAPHICS	gnuplot32x.tar.Z	664507	ok	gnuplot/contour.c
GRAPHICS	gnuplot32x.tar.Z	664507	ok	gnuplot/corgraph.asm
GRAPHICS	gnuplot32x.tar.Z	664507	ok	gnuplot/corplot.c
GRAPHICS	gnuplot32x.tar.Z	664507	ok	gnuplot/eval.c
GRAPHICS	gnuplot32x.tar.Z	664507	ok	gnuplot/gnuplot.el
GRAPHICS	gnuplot32x.tar.Z	664507	ok	gnuplot/gnuplot3.2.tar
GRAPHICS	gnuplot32x.tar.Z	664507	ok	gnuplot/graph3d.c
GRAPHICS	gnuplot32x.tar.Z	664507	ok	gnuplot/graphics.c
GRAPHICS	gnuplot32x.tar.Z	664507	ok	gnuplot/header.mac
GRAPHICS	gnuplot32x.tar.Z	664507	ok	gnuplot/help.c
GRAPHICS	gnuplot32x.tar.Z	664507	ok	gnuplot/help.h
GRAPHICS	gnuplot32x.tar.Z	664507	ok	gnuplot/hrcgraph.asm
GRAPHICS	gnuplot32x.tar.Z	664507	ok	gnuplot/internal.c
GRAPHICS	gnuplot32x.tar.Z	664507	ok	gnuplot/lineproc.mac
GRAPHICS	gnuplot32x.tar.Z	664507	ok	gnuplot/linkopt.amg
GRAPHICS	gnuplot32x.tar.Z	664507	ok	gnuplot/linkopt.msc
GRAPHICS	gnuplot32x.tar.Z	664507	ok	gnuplot/linkopt.tc
GRAPHICS	gnuplot32x.tar.Z	664507	ok	gnuplot/linkopt.tco
GRAPHICS	gnuplot32x.tar.Z	664507	ok	gnuplot/linkopt.vms
GRAPHICS	gnuplot32x.tar.Z	664507	ok	gnuplot/makefile.amg
GRAPHICS	gnuplot32x.tar.Z	664507	ok	gnuplot/makefile.ami
GRAPHICS	gnuplot32x.tar.Z	664507	ok	gnuplot/makefile.msc
GRAPHICS	gnuplot32x.tar.Z	664507	ok	gnuplot/makefile.tc
GRAPHICS	gnuplot32x.tar.Z	664507	ok	gnuplot/makefile.unx
GRAPHICS	gnuplot32x.tar.Z	664507	ok	gnuplot/makefile.vms
GRAPHICS	gnuplot32x.tar.Z	664507	ok	gnuplot/misc.c
GRAPHICS	gnuplot32x.tar.Z	664507	ok	gnuplot/parse.c
GRAPHICS	gnuplot32x.tar.Z	664507	ok	gnuplot/pcgraph.asm
GRAPHICS	gnuplot32x.tar.Z	664507	ok	gnuplot/plot.c
GRAPHICS	gnuplot32x.tar.Z	664507	ok	gnuplot/plot.h
GRAPHICS	gnuplot32x.tar.Z	664507	ok	gnuplot/readline.c
GRAPHICS	gnuplot32x.tar.Z	664507	ok	gnuplot/scanner.c
GRAPHICS	gnuplot32x.tar.Z	664507	ok	gnuplot/setshow.c
GRAPHICS	gnuplot32x.tar.Z	664507	ok	gnuplot/setshow.h
GRAPHICS	gnuplot32x.tar.Z	664507	ok	gnuplot/standard.c
GRAPHICS	gnuplot32x.tar.Z	664507	ok	gnuplot/term.c
GRAPHICS	gnuplot32x.tar.Z	664507	ok	gnuplot/util.c
GRAPHICS	gnuplot32x.tar.Z	664507	ok	gnuplot/version.c
GRAPHICS	gnuplot32x.tar.Z	664507	ok	gnuplot/Copyright
GRAPHICS	gnuplot32x.tar.Z	664507	ok	gnuplot/History
GRAPHICS	gnuplot32x.tar.Z	664507	ok	gnuplot/README
GRAPHICS	gnuplot32x.tar.Z	664507	ok	gnuplot/lasergnu
GRAPHICS	gnuplot32x.tar.Z	664507	ok	gnuplot/gnuplot_X11.c
GRAPHICS	gnuplot32x.tar.Z	664507	ok	gnuplot/term.h
GRAPHICS	gnuplot32x.tar.Z	664507	ok	os9gnuplot3
GRAPHICS	gnuplot32x.tar.Z	664507	ok	os9gnuplot3/gnuplot_X11.c
GRAPHICS	gnuplot32x.tar.Z	664507	ok	os9gnuplot3/OS9comp.h
GRAPHICS	gnuplot32x.tar.Z	664507	ok	os9gnuplot3/os9lib.l
GRAPHICS	gnuplot32x.tar.Z	664507	ok	os9gnuplot3/README.OS9
GRAPHICS	gnuplot32x.tar.Z	664507	ok	os9gnuplot3/OS9comp.c
GRAPHICS	gnuplot32x.tar.Z	664507	ok	os9gnuplot3/os9lib020.l
GRAPHICS	gnuplot32x.tar.Z	664507	ok	os9gnuplot3/plot.h.OSK
GRAPHICS	gnuplot32x.tar.Z	664507	ok	os9gnuplot3/gnuplot_X11
GRAPHICS	gnuplot32x.tar.Z	664507	ok	os9gnuplot3/getline.c
GRAPHICS	gnuplot32x.tar.Z	664507	ok	os9gnuplot3/MAkefile.OSK
GRAPHICS	jpegexec.lzh	105069	ok	README
GRAPHICS	jpegexec.lzh	105069	ok	USAGE
GRAPHICS	jpegexec.lzh	105069	ok	cjpeg
GRAPHICS	jpegexec.lzh	105069	ok	djpeg
GRAPHICS	jpegexec.lzh	105069	ok	libjpeg.l
GRAPHICS	jpegexec.lzh	105069	ok	readme.osk
GRAPHICS	jpeglib_5a.lzh	895258	ok	JPEG_5A/
GRAPHICS	jpeglib_5a.lzh	895258	ok	JPEG_5A/CMDS/
GRAPHICS	jpeglib_5a.lzh	895258	ok	JPEG_5A/CMDS/cjpeg
GRAPHICS	jpeglib_5a.lzh	895258	ok	JPEG_5A/CMDS/cjpeg.070
GRAPHICS	jpeglib_5a.lzh	895258	ok	JPEG_5A/CMDS/djpeg
GRAPHICS	jpeglib_5a.lzh	895258	ok	JPEG_5A/CMDS/djpeg.070
GRAPHICS	jpeglib_5a.lzh	895258	ok	JPEG_5A/CMDS/rdjpgcom
GRAPHICS	jpeglib_5a.lzh	895258	ok	JPEG_5A/CMDS/rdjpgcom.070
GRAPHICS	jpeglib_5a.lzh	895258	ok	JPEG_5A/CMDS/wrjpgcom
GRAPHICS	jpeglib_5a.lzh	895258	ok	JPEG_5A/CMDS/wrjpgcom.070
GRAPHICS	jpeglib_5a.lzh	895258	ok	JPEG_5A/DOCS/
GRAPHICS	jpeglib_5a.lzh	895258	ok	JPEG_5A/DOCS/ansi2knr.1
GRAPHICS	jpeglib_5a.lzh	895258	ok	JPEG_5A/DOCS/ansi2knr.ps
GRAPHICS	jpeglib_5a.lzh	895258	ok	JPEG_5A/DOCS/cjpeg.1
GRAPHICS	jpeglib_5a.lzh	895258	ok	JPEG_5A/DOCS/cjpeg.ps
GRAPHICS	jpeglib_5a.lzh	895258	ok	JPEG_5A/DOCS/coderules.doc
GRAPHICS	jpeglib_5a.lzh	895258	ok	JPEG_5A/DOCS/djpeg.1
GRAPHICS	jpeglib_5a.lzh	895258	ok	JPEG_5A/DOCS/filelist.doc
GRAPHICS	jpeglib_5a.lzh	895258	ok	JPEG_5A/DOCS/install.doc
GRAPHICS	jpeglib_5a.lzh	895258	ok	JPEG_5A/DOCS/jconfig.doc
GRAPHICS	jpeglib_5a.lzh	895258	ok	JPEG_5A/DOCS/jpeg.ps
GRAPHICS	jpeglib_5a.lzh	895258	ok	JPEG_5A/DOCS/libjpeg.doc
GRAPHICS	jpeglib_5a.lzh	895258	ok	JPEG_5A/DOCS/rdjpgcom.1
GRAPHICS	jpeglib_5a.lzh	895258	ok	JPEG_5A/DOCS/rdjpgcom.ps
GRAPHICS	jpeglib_5a.lzh	895258	ok	JPEG_5A/DOCS/structure.doc
GRAPHICS	jpeglib_5a.lzh	895258	ok	JPEG_5A/DOCS/usage.doc
GRAPHICS	jpeglib_5a.lzh	895258	ok	JPEG_5A/DOCS/wrjpgcom.1
GRAPHICS	jpeglib_5a.lzh	895258	ok	JPEG_5A/DOCS/wrjpgcom.ps
GRAPHICS	jpeglib_5a.lzh	895258	ok	JPEG_5A/LIB/
GRAPHICS	jpeglib_5a.lzh	895258	ok	JPEG_5A/LIB/libjpeg.l
GRAPHICS	jpeglib_5a.lzh	895258	ok	JPEG_5A/LIB/libjpeg.l.070
GRAPHICS	jpeglib_5a.lzh	895258	ok	JPEG_5A/Makefile
GRAPHICS	jpeglib_5a.lzh	895258	ok	JPEG_5A/README
GRAPHICS	jpeglib_5a.lzh	895258	ok	JPEG_5A/ansi2knr.c
GRAPHICS	jpeglib_5a.lzh	895258	ok	JPEG_5A/cderror.h
GRAPHICS	jpeglib_5a.lzh	895258	ok	JPEG_5A/cdjpeg.h
GRAPHICS	jpeglib_5a.lzh	895258	ok	JPEG_5A/change.log
GRAPHICS	jpeglib_5a.lzh	895258	ok	JPEG_5A/cjpeg.c
GRAPHICS	jpeglib_5a.lzh	895258	ok	JPEG_5A/ckconfig.c
GRAPHICS	jpeglib_5a.lzh	895258	ok	JPEG_5A/configure
GRAPHICS	jpeglib_5a.lzh	895258	ok	JPEG_5A/djpeg.c
GRAPHICS	jpeglib_5a.lzh	895258	ok	JPEG_5A/example.c
GRAPHICS	jpeglib_5a.lzh	895258	ok	JPEG_5A/jcapi.c
GRAPHICS	jpeglib_5a.lzh	895258	ok	JPEG_5A/jccoefct.c
GRAPHICS	jpeglib_5a.lzh	895258	ok	JPEG_5A/jccolor.c
GRAPHICS	jpeglib_5a.lzh	895258	ok	JPEG_5A/jcdctmgr.c
GRAPHICS	jpeglib_5a.lzh	895258	ok	JPEG_5A/jchuff.c
GRAPHICS	jpeglib_5a.lzh	895258	ok	JPEG_5A/jcmainct.c
GRAPHICS	jpeglib_5a.lzh	895258	ok	JPEG_5A/jcmarker.c
GRAPHICS	jpeglib_5a.lzh	895258	ok	JPEG_5A/jcmaster.c
GRAPHICS	jpeglib_5a.lzh	895258	ok	JPEG_5A/jcomapi.c
GRAPHICS	jpeglib_5a.lzh	895258	ok	JPEG_5A/jconfig.bcc
GRAPHICS	jpeglib_5a.lzh	895258	ok	JPEG_5A/jconfig.cfg
GRAPHICS	jpeglib_5a.lzh	895258	ok	JPEG_5A/jconfig.dj
GRAPHICS	jpeglib_5a.lzh	895258	ok	JPEG_5A/jconfig.h
GRAPHICS	jpeglib_5a.lzh	895258	ok	JPEG_5A/jconfig.manx
GRAPHICS	jpeglib_5a.lzh	895258	ok	JPEG_5A/jconfig.mc6
GRAPHICS	jpeglib_5a.lzh	895258	ok	JPEG_5A/jconfig.sas
GRAPHICS	jpeglib_5a.lzh	895258	ok	JPEG_5A/jconfig.st
GRAPHICS	jpeglib_5a.lzh	895258	ok	JPEG_5A/jconfig.vms
GRAPHICS	jpeglib_5a.lzh	895258	ok	JPEG_5A/jcparam.c
GRAPHICS	jpeglib_5a.lzh	895258	ok	JPEG_5A/jcprepct.c
GRAPHICS	jpeglib_5a.lzh	895258	ok	JPEG_5A/jcsample.c
GRAPHICS	jpeglib_5a.lzh	895258	ok	JPEG_5A/jdapi.c
GRAPHICS	jpeglib_5a.lzh	895258	ok	JPEG_5A/jdatadst.c
GRAPHICS	jpeglib_5a.lzh	895258	ok	JPEG_5A/jdatasrc.c
GRAPHICS	jpeglib_5a.lzh	895258	ok	JPEG_5A/jdcoefct.c
GRAPHICS	jpeglib_5a.lzh	895258	ok	JPEG_5A/jdcolor.c
GRAPHICS	jpeglib_5a.lzh	895258	ok	JPEG_5A/jdct.h
GRAPHICS	jpeglib_5a.lzh	895258	ok	JPEG_5A/jddctmgr.c
GRAPHICS	jpeglib_5a.lzh	895258	ok	JPEG_5A/jdhuff.c
GRAPHICS	jpeglib_5a.lzh	895258	ok	JPEG_5A/jdmainct.c
GRAPHICS	jpeglib_5a.lzh	895258	ok	JPEG_5A/jdmarker.c
GRAPHICS	jpeglib_5a.lzh	895258	ok	JPEG_5A/jdmaster.c
GRAPHICS	jpeglib_5a.lzh	895258	ok	JPEG_5A/jdmerge.c
GRAPHICS	jpeglib_5a.lzh	895258	ok	JPEG_5A/jdpostct.c
GRAPHICS	jpeglib_5a.lzh	895258	ok	JPEG_5A/jdsample.c
GRAPHICS	jpeglib_5a.lzh	895258	ok	JPEG_5A/jerror.c
GRAPHICS	jpeglib_5a.lzh	895258	ok	JPEG_5A/jerror.h
GRAPHICS	jpeglib_5a.lzh	895258	ok	JPEG_5A/jfdctflt.c
GRAPHICS	jpeglib_5a.lzh	895258	ok	JPEG_5A/jfdctfst.c
GRAPHICS	jpeglib_5a.lzh	895258	ok	JPEG_5A/jfdctint.c
GRAPHICS	jpeglib_5a.lzh	895258	ok	JPEG_5A/jidctflt.c
GRAPHICS	jpeglib_5a.lzh	895258	ok	JPEG_5A/jidctfst.c
GRAPHICS	jpeglib_5a.lzh	895258	ok	JPEG_5A/jidctint.c
GRAPHICS	jpeglib_5a.lzh	895258	ok	JPEG_5A/jidctred.c
GRAPHICS	jpeglib_5a.lzh	895258	ok	JPEG_5A/jinclude.h
GRAPHICS	jpeglib_5a.lzh	895258	ok	JPEG_5A/jmemansi.c
GRAPHICS	jpeglib_5a.lzh	895258	ok	JPEG_5A/jmemdos.c
GRAPHICS	jpeglib_5a.lzh	895258	ok	JPEG_5A/jmemdosa.asm
GRAPHICS	jpeglib_5a.lzh	895258	ok	JPEG_5A/jmemmgr.c
GRAPHICS	jpeglib_5a.lzh	895258	ok	JPEG_5A/jmemname.c
GRAPHICS	jpeglib_5a.lzh	895258	ok	JPEG_5A/jmemnobs.c
GRAPHICS	jpeglib_5a.lzh	895258	ok	JPEG_5A/jmemsys.h
GRAPHICS	jpeglib_5a.lzh	895258	ok	JPEG_5A/jmorecfg.h
GRAPHICS	jpeglib_5a.lzh	895258	ok	JPEG_5A/jpegint.h
GRAPHICS	jpeglib_5a.lzh	895258	ok	JPEG_5A/jpeglib.h
GRAPHICS	jpeglib_5a.lzh	895258	ok	JPEG_5A/jquant1.c
GRAPHICS	jpeglib_5a.lzh	895258	ok	JPEG_5A/jquant2.c
GRAPHICS	jpeglib_5a.lzh	895258	ok	JPEG_5A/jutils.c
GRAPHICS	jpeglib_5a.lzh	895258	ok	JPEG_5A/jversion.h
GRAPHICS	jpeglib_5a.lzh	895258	ok	JPEG_5A/makcjpeg.st
GRAPHICS	jpeglib_5a.lzh	895258	ok	JPEG_5A/makdjpeg.st
GRAPHICS	jpeglib_5a.lzh	895258	ok	JPEG_5A/makefile.ansi
GRAPHICS	jpeglib_5a.lzh	895258	ok	JPEG_5A/makefile.bcc
GRAPHICS	jpeglib_5a.lzh	895258	ok	JPEG_5A/makefile.cfg
GRAPHICS	jpeglib_5a.lzh	895258	ok	JPEG_5A/makefile.dj
GRAPHICS	jpeglib_5a.lzh	895258	ok	JPEG_5A/makefile.manx
GRAPHICS	jpeglib_5a.lzh	895258	ok	JPEG_5A/makefile.mc6
GRAPHICS	jpeglib_5a.lzh	895258	ok	JPEG_5A/makefile.mms
GRAPHICS	jpeglib_5a.lzh	895258	ok	JPEG_5A/makefile.sas
GRAPHICS	jpeglib_5a.lzh	895258	ok	JPEG_5A/makefile.unix
GRAPHICS	jpeglib_5a.lzh	895258	ok	JPEG_5A/makefile.vms
GRAPHICS	jpeglib_5a.lzh	895258	ok	JPEG_5A/makeit
GRAPHICS	jpeglib_5a.lzh	895258	ok	JPEG_5A/makljpeg.st
GRAPHICS	jpeglib_5a.lzh	895258	ok	JPEG_5A/makvms.opt
GRAPHICS	jpeglib_5a.lzh	895258	ok	JPEG_5A/rdbmp.c
GRAPHICS	jpeglib_5a.lzh	895258	ok	JPEG_5A/rdcolmap.c
GRAPHICS	jpeglib_5a.lzh	895258	ok	JPEG_5A/rdgif.c
GRAPHICS	jpeglib_5a.lzh	895258	ok	JPEG_5A/rdjpgcom.c
GRAPHICS	jpeglib_5a.lzh	895258	ok	JPEG_5A/rdppm.c
GRAPHICS	jpeglib_5a.lzh	895258	ok	JPEG_5A/rdrle.c
GRAPHICS	jpeglib_5a.lzh	895258	ok	JPEG_5A/rdtarga.c
GRAPHICS	jpeglib_5a.lzh	895258	ok	JPEG_5A/testimg.gif
GRAPHICS	jpeglib_5a.lzh	895258	ok	JPEG_5A/testimg.jpg
GRAPHICS	jpeglib_5a.lzh	895258	ok	JPEG_5A/testimg.ppm
GRAPHICS	jpeglib_5a.lzh	895258	ok	JPEG_5A/testorig.jpg
GRAPHICS	jpeglib_5a.lzh	895258	ok	JPEG_5A/wrbmp.c
GRAPHICS	jpeglib_5a.lzh	895258	ok	JPEG_5A/wrgif.c
GRAPHICS	jpeglib_5a.lzh	895258	ok	JPEG_5A/wrjpgcom.c
GRAPHICS	jpeglib_5a.lzh	895258	ok	JPEG_5A/wrppm.c
GRAPHICS	jpeglib_5a.lzh	895258	ok	JPEG_5A/wrrle.c
GRAPHICS	jpeglib_5a.lzh	895258	ok	JPEG_5A/wrtarga.c
GRAPHICS	jpeglib_5a.lzh	895258	ok	JPEG_5a/Readme.OSK
GRAPHICS	jpegsrc.v3.lzh	362586	ok	CHANGELOG
GRAPHICS	jpegsrc.v3.lzh	362586	ok	README
GRAPHICS	jpegsrc.v3.lzh	362586	ok	SETUP
GRAPHICS	jpegsrc.v3.lzh	362586	ok	USAGE
GRAPHICS	jpegsrc.v3.lzh	362586	ok	ansi2knr.c
GRAPHICS	jpegsrc.v3.lzh	362586	ok	architecture
GRAPHICS	jpegsrc.v3.lzh	362586	ok	cjpeg.1
GRAPHICS	jpegsrc.v3.lzh	362586	ok	ckconfig.c
GRAPHICS	jpegsrc.v3.lzh	362586	ok	codingrules
GRAPHICS	jpegsrc.v3.lzh	362586	ok	djpeg.1
GRAPHICS	jpegsrc.v3.lzh	362586	ok	egetopt.c
GRAPHICS	jpegsrc.v3.lzh	362586	ok	example.c
GRAPHICS	jpegsrc.v3.lzh	362586	ok	jbsmooth.c
GRAPHICS	jpegsrc.v3.lzh	362586	ok	jcarith.c
GRAPHICS	jpegsrc.v3.lzh	362586	ok	jccolor.c
GRAPHICS	jpegsrc.v3.lzh	362586	ok	jcdeflts.c
GRAPHICS	jpegsrc.v3.lzh	362586	ok	jcexpand.c
GRAPHICS	jpegsrc.v3.lzh	362586	ok	jchuff.c
GRAPHICS	jpegsrc.v3.lzh	362586	ok	jcmain.c
GRAPHICS	jpegsrc.v3.lzh	362586	ok	jcmaster.c
GRAPHICS	jpegsrc.v3.lzh	362586	ok	jcmcu.c
GRAPHICS	jpegsrc.v3.lzh	362586	ok	jconfig.h
GRAPHICS	jpegsrc.v3.lzh	362586	ok	jcpipe.c
GRAPHICS	jpegsrc.v3.lzh	362586	ok	jcsample.c
GRAPHICS	jpegsrc.v3.lzh	362586	ok	jdarith.c
GRAPHICS	jpegsrc.v3.lzh	362586	ok	jdcolor.c
GRAPHICS	jpegsrc.v3.lzh	362586	ok	jddeflts.c
GRAPHICS	jpegsrc.v3.lzh	362586	ok	jdhuff.c
GRAPHICS	jpegsrc.v3.lzh	362586	ok	jdmain.c
GRAPHICS	jpegsrc.v3.lzh	362586	ok	jdmaster.c
GRAPHICS	jpegsrc.v3.lzh	362586	ok	jdmcu.c
GRAPHICS	jpegsrc.v3.lzh	362586	ok	jdpipe.c
GRAPHICS	jpegsrc.v3.lzh	362586	ok	jdsample.c
GRAPHICS	jpegsrc.v3.lzh	362586	ok	jerror.c
GRAPHICS	jpegsrc.v3.lzh	362586	ok	jfwddct.c
GRAPHICS	jpegsrc.v3.lzh	362586	ok	jinclude.h
GRAPHICS	jpegsrc.v3.lzh	362586	ok	jmemansi.c
GRAPHICS	jpegsrc.v3.lzh	362586	ok	jmemdos.c
GRAPHICS	jpegsrc.v3.lzh	362586	ok	jmemdos.h
GRAPHICS	jpegsrc.v3.lzh	362586	ok	jmemdosa.asm
GRAPHICS	jpegsrc.v3.lzh	362586	ok	jmemmgr.c
GRAPHICS	jpegsrc.v3.lzh	362586	ok	jmemname.c
GRAPHICS	jpegsrc.v3.lzh	362586	ok	jmemnobs.c
GRAPHICS	jpegsrc.v3.lzh	362586	ok	jmemsys.h
GRAPHICS	jpegsrc.v3.lzh	362586	ok	jpegdata.h
GRAPHICS	jpegsrc.v3.lzh	362586	ok	jquant1.c
GRAPHICS	jpegsrc.v3.lzh	362586	ok	jquant2.c
GRAPHICS	jpegsrc.v3.lzh	362586	ok	jrdgif.c
GRAPHICS	jpegsrc.v3.lzh	362586	ok	jrdjfif.c
GRAPHICS	jpegsrc.v3.lzh	362586	ok	jrdppm.c
GRAPHICS	jpegsrc.v3.lzh	362586	ok	jrdrle.c
GRAPHICS	jpegsrc.v3.lzh	362586	ok	jrdtarga.c
GRAPHICS	jpegsrc.v3.lzh	362586	ok	jrevdct.c
GRAPHICS	jpegsrc.v3.lzh	362586	ok	jutils.c
GRAPHICS	jpegsrc.v3.lzh	362586	ok	jversion.h
GRAPHICS	jpegsrc.v3.lzh	362586	ok	jwrgif.c
GRAPHICS	jpegsrc.v3.lzh	362586	ok	jwrjfif.c
GRAPHICS	jpegsrc.v3.lzh	362586	ok	jwrppm.c
GRAPHICS	jpegsrc.v3.lzh	362586	ok	jwrrle.c
GRAPHICS	jpegsrc.v3.lzh	362586	ok	jwrtarga.c
GRAPHICS	jpegsrc.v3.lzh	362586	ok	makcjpeg.cf
GRAPHICS	jpegsrc.v3.lzh	362586	ok	makcjpeg.lnk
GRAPHICS	jpegsrc.v3.lzh	362586	ok	makcjpeg.lst
GRAPHICS	jpegsrc.v3.lzh	362586	ok	makdjpeg.cf
GRAPHICS	jpegsrc.v3.lzh	362586	ok	makdjpeg.lnk
GRAPHICS	jpegsrc.v3.lzh	362586	ok	makdjpeg.lst
GRAPHICS	jpegsrc.v3.lzh	362586	ok	makefile.ansi
GRAPHICS	jpegsrc.v3.lzh	362586	ok	makefile.bcc
GRAPHICS	jpegsrc.v3.lzh	362586	ok	makefile.manx
GRAPHICS	jpegsrc.v3.lzh	362586	ok	makefile.mc5
GRAPHICS	jpegsrc.v3.lzh	362586	ok	makefile.mc6
GRAPHICS	jpegsrc.v3.lzh	362586	ok	makefile.mms
GRAPHICS	jpegsrc.v3.lzh	362586	ok	makefile.osk
GRAPHICS	jpegsrc.v3.lzh	362586	ok	makefile.pwc
GRAPHICS	jpegsrc.v3.lzh	362586	ok	makefile.sas
GRAPHICS	jpegsrc.v3.lzh	362586	ok	makefile.unix
GRAPHICS	jpegsrc.v3.lzh	362586	ok	makefile.vms
GRAPHICS	jpegsrc.v3.lzh	362586	ok	makljpeg.cf
GRAPHICS	jpegsrc.v3.lzh	362586	ok	makvms.opt
GRAPHICS	jpegsrc.v3.lzh	362586	ok	readme.osk
GRAPHICS	jpegsrc.v3.lzh	362586	ok	testimg.gif
GRAPHICS	jpegsrc.v3.lzh	362586	ok	testimg.jpg
GRAPHICS	jpegsrc.v3.lzh	362586	ok	testimg.ppm
GRAPHICS	jpegsrc.v3.lzh	362586	ok	testorig.jpg
GRAPHICS	mgif.lzh	231329	ok	gif/readme
GRAPHICS	mgif.lzh	231329	ok	GIF/README.mgif
GRAPHICS	mgif.lzh	231329	ok	gif/todo
GRAPHICS	mgif.lzh	231329	ok	GIF/flicker.c
GRAPHICS	mgif.lzh	231329	ok	GIF/gpdefs.h
GRAPHICS	mgif.lzh	231329	ok	GIF/gulls.gif
GRAPHICS	mgif.lzh	231329	ok	GIF/jessica1.gif
GRAPHICS	mgif.lzh	231329	ok	GIF/makefile
GRAPHICS	mgif.lzh	231329	ok	GIF/mgif
GRAPHICS	mgif.lzh	231329	ok	GIF/mgif.c
GRAPHICS	mgif.lzh	231329	ok	GIF/mgif.h
GRAPHICS	mgif.lzh	231329	ok	GIF/mgif.man
GRAPHICS	mgif.lzh	231329	ok	GIF/primg.c
GRAPHICS	mgif.lzh	231329	ok	GIF/process.c
GRAPHICS	mgif.lzh	231329	ok	GIF/readgif.c
GRAPHICS	mgif.lzh	231329	ok	GIF/school46.gif
GRAPHICS	pbmexec.lzh	58212	ok	cbmtopbm
GRAPHICS	pbmexec.lzh	58212	ok	icontopbm
GRAPHICS	pbmexec.lzh	58212	ok	macptopbm
GRAPHICS	pbmexec.lzh	58212	ok	pbmcatlr
GRAPHICS	pbmexec.lzh	58212	ok	pbmcattb
GRAPHICS	pbmexec.lzh	58212	ok	pbmcrop
GRAPHICS	pbmexec.lzh	58212	ok	pbmcut
GRAPHICS	pbmexec.lzh	58212	ok	pbmenlarge
GRAPHICS	pbmexec.lzh	58212	ok	pbmfliplr
GRAPHICS	pbmexec.lzh	58212	ok	pbmfliptb
GRAPHICS	pbmexec.lzh	58212	ok	pbminvert
GRAPHICS	pbmexec.lzh	58212	ok	pbmmake
GRAPHICS	pbmexec.lzh	58212	ok	pbmpaste
GRAPHICS	pbmexec.lzh	58212	ok	pbmtoascii
GRAPHICS	pbmexec.lzh	58212	ok	pbmtocbm
GRAPHICS	pbmexec.lzh	58212	ok	pbmtoicon
GRAPHICS	pbmexec.lzh	58212	ok	pbmtops
GRAPHICS	pbmexec.lzh	58212	ok	pbmtoptx
GRAPHICS	pbmexec.lzh	58212	ok	pbmtox10bm
GRAPHICS	pbmexec.lzh	58212	ok	pbmtoxbm
GRAPHICS	pbmexec.lzh	58212	ok	pbmtrnspos
GRAPHICS	pbmexec.lzh	58212	ok	xbmtopbm
GRAPHICS	pbmexec.lzh	58212	ok	xwdtopbm
GRAPHICS	pbmexec.lzh	58212	ok	xxxtopbm
GRAPHICS	povosk.lzh	13369	ok	Readme.osk
GRAPHICS	povosk.lzh	13369	ok	osk.c
GRAPHICS	povosk.lzh	13369	ok	osk.mak
GRAPHICS	povosk.lzh	13369	ok	oskconf.h
GRAPHICS	povosk.lzh	13369	ok	tokenize.c
GRAPHICS	rayshade.lzh	424323	ok	DOC/primitive.ms
GRAPHICS	rayshade.lzh	424323	ok	DOC/rayshade.1
GRAPHICS	rayshade.lzh	424323	ok	DOC/rayshade.man
GRAPHICS	rayshade.lzh	424323	ok	DOC/texture.ms
GRAPHICS	rayshade.lzh	424323	ok	EXAMPLES/balls.ray
GRAPHICS	rayshade.lzh	424323	ok	EXAMPLES/bridge.ri
GRAPHICS	rayshade.lzh	424323	ok	EXAMPLES/crown.ri
GRAPHICS	rayshade.lzh	424323	ok	EXAMPLES/doray
GRAPHICS	rayshade.lzh	424323	ok	EXAMPLES/log
GRAPHICS	rayshade.lzh	424323	ok	EXAMPLES/log2
GRAPHICS	rayshade.lzh	424323	ok	EXAMPLES/log3
GRAPHICS	rayshade.lzh	424323	ok	EXAMPLES/log4
GRAPHICS	rayshade.lzh	424323	ok	EXAMPLES/planet.gif
GRAPHICS	rayshade.lzh	424323	ok	EXAMPLES/planet.log
GRAPHICS	rayshade.lzh	424323	ok	EXAMPLES/planet.map
GRAPHICS	rayshade.lzh	424323	ok	EXAMPLES/planet.ray
GRAPHICS	rayshade.lzh	424323	ok	EXAMPLES/plf_st.ri
GRAPHICS	rayshade.lzh	424323	ok	EXAMPLES/pool.ray
GRAPHICS	rayshade.lzh	424323	ok	EXAMPLES/room1.ri
GRAPHICS	rayshade.lzh	424323	ok	EXAMPLES/solids.log
GRAPHICS	rayshade.lzh	424323	ok	EXAMPLES/solids.ray
GRAPHICS	rayshade.lzh	424323	ok	EXAMPLES/solids.rle
GRAPHICS	rayshade.lzh	424323	ok	EXAMPLES/solids.rle8
GRAPHICS	rayshade.lzh	424323	ok	EXAMPLES/solids.rle82
GRAPHICS	rayshade.lzh	424323	ok	EXAMPLES/solids2.gif
GRAPHICS	rayshade.lzh	424323	ok	EXAMPLES/stair.ri
GRAPHICS	rayshade.lzh	424323	ok	EXAMPLES/teapot.ray
GRAPHICS	rayshade.lzh	424323	ok	EXAMPLES/test.gen
GRAPHICS	rayshade.lzh	424323	ok	EXAMPLES/test.gen2
GRAPHICS	rayshade.lzh	424323	ok	EXAMPLES/test.log
GRAPHICS	rayshade.lzh	424323	ok	EXAMPLES/test.ray
GRAPHICS	rayshade.lzh	424323	ok	EXAMPLES/test.rr
GRAPHICS	rayshade.lzh	424323	ok	EXAMPLES/test.rr.bak
GRAPHICS	rayshade.lzh	424323	ok	Makefile.orig
GRAPHICS	rayshade.lzh	424323	ok	atmosphere.c
GRAPHICS	rayshade.lzh	424323	ok	atmosphere.h
GRAPHICS	rayshade.lzh	424323	ok	bounds.c
GRAPHICS	rayshade.lzh	424323	ok	box.c
GRAPHICS	rayshade.lzh	424323	ok	cone.c
GRAPHICS	rayshade.lzh	424323	ok	constants.h
GRAPHICS	rayshade.lzh	424323	ok	cylinder.c
GRAPHICS	rayshade.lzh	424323	ok	datatypes.h
GRAPHICS	rayshade.lzh	424323	ok	defaults.h
GRAPHICS	rayshade.lzh	424323	ok	funcdefs.h
GRAPHICS	rayshade.lzh	424323	ok	grid.c
GRAPHICS	rayshade.lzh	424323	ok	hf.c
GRAPHICS	rayshade.lzh	424323	ok	input.c
GRAPHICS	rayshade.lzh	424323	ok	input_lex.c
GRAPHICS	rayshade.lzh	424323	ok	input_lex.l
GRAPHICS	rayshade.lzh	424323	ok	input_yacc.c
GRAPHICS	rayshade.lzh	424323	ok	input_yacc.y
GRAPHICS	rayshade.lzh	424323	ok	intersect.c
GRAPHICS	rayshade.lzh	424323	ok	light.c
GRAPHICS	rayshade.lzh	424323	ok	list.c
GRAPHICS	rayshade.lzh	424323	ok	main.c
GRAPHICS	rayshade.lzh	424323	ok	makefile
GRAPHICS	rayshade.lzh	424323	ok	makefile.gcc
GRAPHICS	rayshade.lzh	424323	ok	malloc.c
GRAPHICS	rayshade.lzh	424323	ok	matrix.c
GRAPHICS	rayshade.lzh	424323	ok	memory.c
GRAPHICS	rayshade.lzh	424323	ok	noise.c
GRAPHICS	rayshade.lzh	424323	ok	object.c
GRAPHICS	rayshade.lzh	424323	ok	outputp.c
GRAPHICS	rayshade.lzh	424323	ok	patchlevel.h
GRAPHICS	rayshade.lzh	424323	ok	plane.c
GRAPHICS	rayshade.lzh	424323	ok	poly.c
GRAPHICS	rayshade.lzh	424323	ok	primobj.h
GRAPHICS	rayshade.lzh	424323	ok	ray_options.c
GRAPHICS	rayshade.lzh	424323	ok	raymath.c
GRAPHICS	rayshade.lzh	424323	ok	raytrace.c
GRAPHICS	rayshade.lzh	424323	ok	raytrace.h
GRAPHICS	rayshade.lzh	424323	ok	setup.c
GRAPHICS	rayshade.lzh	424323	ok	shade.c
GRAPHICS	rayshade.lzh	424323	ok	sphere.c
GRAPHICS	rayshade.lzh	424323	ok	superq.c
GRAPHICS	rayshade.lzh	424323	ok	surface.c
GRAPHICS	rayshade.lzh	424323	ok	texture.c
GRAPHICS	rayshade.lzh	424323	ok	texture.h
GRAPHICS	rayshade.lzh	424323	ok	triangle.c
GRAPHICS	rayshade.lzh	424323	ok	typedefs.h
GRAPHICS	rayshade.lzh	424323	ok	version.c
GRAPHICS	rayshade.lzh	424323	ok	viewing.c
GRAPHICS	rayshade.lzh	424323	ok	voxels.c
GRAPHICS	rayshade.lzh	424323	ok	y.tab.h
GAMES	colossal.lzh	74854	ok	advcave.h
GAMES	colossal.lzh	74854	ok	advdec.h
GAMES	colossal.lzh	74854	ok	advdef.h
GAMES	colossal.lzh	74854	ok	advent
GAMES	colossal.lzh	74854	ok	advent.c
GAMES	colossal.lzh	74854	ok	advent.doc
GAMES	colossal.lzh	74854	ok	advent.h
GAMES	colossal.lzh	74854	ok	advent0
GAMES	colossal.lzh	74854	ok	advent0.c
GAMES	colossal.lzh	74854	ok	advent1.txt
GAMES	colossal.lzh	74854	ok	advent2.txt
GAMES	colossal.lzh	74854	ok	advent3.txt
GAMES	colossal.lzh	74854	ok	advent4.txt
GAMES	colossal.lzh	74854	ok	advtext.h
GAMES	colossal.lzh	74854	ok	advword.h
GAMES	colossal.lzh	74854	ok	database.c
GAMES	colossal.lzh	74854	ok	english.c
GAMES	colossal.lzh	74854	ok	export
GAMES	colossal.lzh	74854	ok	itverb.c
GAMES	colossal.lzh	74854	ok	ltoa.c
GAMES	colossal.lzh	74854	ok	makefile
GAMES	colossal.lzh	74854	ok	save.c
GAMES	colossal.lzh	74854	ok	turn.c
GAMES	colossal.lzh	74854	ok	verb.c
GAMES	gnuchess4.0.corr1.lzh	83340	ok	GNUCHESS4.0/SRC/dspcom.c
GAMES	gnuchess4.0.corr1.lzh	83340	ok	GNUCHESS4.0/SRC/gnuchessc
GAMES	gnuchess4.0.corr1.lzh	83340	ok	Read.Me
GAMES	gnuchess4.0.lzh	797988	ok	GNUCHESS4.0/
GAMES	gnuchess4.0.lzh	797988	ok	GNUCHESS4.0/DOC/
GAMES	gnuchess4.0.lzh	797988	ok	GNUCHESS4.0/DOC/ARTICLE
GAMES	gnuchess4.0.lzh	797988	ok	GNUCHESS4.0/DOC/ARTICLE.2
GAMES	gnuchess4.0.lzh	797988	ok	GNUCHESS4.0/DOC/BOOKFILES
GAMES	gnuchess4.0.lzh	797988	ok	GNUCHESS4.0/DOC/CHANGES
GAMES	gnuchess4.0.lzh	797988	ok	GNUCHESS4.0/DOC/CHESSTOOL
GAMES	gnuchess4.0.lzh	797988	ok	GNUCHESS4.0/DOC/COPYING
GAMES	gnuchess4.0.lzh	797988	ok	GNUCHESS4.0/DOC/ChangeLog
GAMES	gnuchess4.0.lzh	797988	ok	GNUCHESS4.0/DOC/GENERAL
GAMES	gnuchess4.0.lzh	797988	ok	GNUCHESS4.0/DOC/HEURISTICS
GAMES	gnuchess4.0.lzh	797988	ok	GNUCHESS4.0/DOC/INSTALL
GAMES	gnuchess4.0.lzh	797988	ok	GNUCHESS4.0/DOC/MOVE_GEN
GAMES	gnuchess4.0.lzh	797988	ok	GNUCHESS4.0/DOC/PORTING
GAMES	gnuchess4.0.lzh	797988	ok	GNUCHESS4.0/DOC/README.font
GAMES	gnuchess4.0.lzh	797988	ok	GNUCHESS4.0/DOC/README.output
GAMES	gnuchess4.0.lzh	797988	ok	GNUCHESS4.0/DOC/TODO
GAMES	gnuchess4.0.lzh	797988	ok	GNUCHESS4.0/DOC/bincheckr.1
GAMES	gnuchess4.0.lzh	797988	ok	GNUCHESS4.0/DOC/bincheckr.ps
GAMES	gnuchess4.0.lzh	797988	ok	GNUCHESS4.0/DOC/checkgame.1
GAMES	gnuchess4.0.lzh	797988	ok	GNUCHESS4.0/DOC/checkgame.ps
GAMES	gnuchess4.0.lzh	797988	ok	GNUCHESS4.0/DOC/game.1
GAMES	gnuchess4.0.lzh	797988	ok	GNUCHESS4.0/DOC/game.ps
GAMES	gnuchess4.0.lzh	797988	ok	GNUCHESS4.0/DOC/gnuan.1
GAMES	gnuchess4.0.lzh	797988	ok	GNUCHESS4.0/DOC/gnuan.hlp
GAMES	gnuchess4.0.lzh	797988	ok	GNUCHESS4.0/DOC/gnuan.ps
GAMES	gnuchess4.0.lzh	797988	ok	GNUCHESS4.0/DOC/gnuchess.1
GAMES	gnuchess4.0.lzh	797988	ok	GNUCHESS4.0/DOC/gnuchess.ps
GAMES	gnuchess4.0.lzh	797988	ok	GNUCHESS4.0/DOC/gnuchess.txt
GAMES	gnuchess4.0.lzh	797988	ok	GNUCHESS4.0/DOC/postprint.1
GAMES	gnuchess4.0.lzh	797988	ok	GNUCHESS4.0/DOC/postprint.ps
GAMES	gnuchess4.0.lzh	797988	ok	GNUCHESS4.0/MISC/
GAMES	gnuchess4.0.lzh	797988	ok	GNUCHESS4.0/MISC/ChessFont
GAMES	gnuchess4.0.lzh	797988	ok	GNUCHESS4.0/MISC/gnuchess.data
GAMES	gnuchess4.0.lzh	797988	ok	GNUCHESS4.0/MISC/gnuchess.hash
GAMES	gnuchess4.0.lzh	797988	ok	GNUCHESS4.0/MISC/gnuchess.lang
GAMES	gnuchess4.0.lzh	797988	ok	GNUCHESS4.0/MISC/match
GAMES	gnuchess4.0.lzh	797988	ok	GNUCHESS4.0/MISC/shellit
GAMES	gnuchess4.0.lzh	797988	ok	GNUCHESS4.0/README.p62
GAMES	gnuchess4.0.lzh	797988	ok	GNUCHESS4.0/SRC/
GAMES	gnuchess4.0.lzh	797988	ok	GNUCHESS4.0/SRC/Makefile
GAMES	gnuchess4.0.lzh	797988	ok	GNUCHESS4.0/SRC/Makefile.ddj
GAMES	gnuchess4.0.lzh	797988	ok	GNUCHESS4.0/SRC/Makefile.dos
GAMES	gnuchess4.0.lzh	797988	ok	GNUCHESS4.0/SRC/README
GAMES	gnuchess4.0.lzh	797988	ok	GNUCHESS4.0/SRC/ataks.c
GAMES	gnuchess4.0.lzh	797988	ok	GNUCHESS4.0/SRC/ataks.h
GAMES	gnuchess4.0.lzh	797988	ok	GNUCHESS4.0/SRC/bincheckr
GAMES	gnuchess4.0.lzh	797988	ok	GNUCHESS4.0/SRC/bincheckr.c
GAMES	gnuchess4.0.lzh	797988	ok	GNUCHESS4.0/SRC/book.c
GAMES	gnuchess4.0.lzh	797988	ok	GNUCHESS4.0/SRC/checkbook.c
GAMES	gnuchess4.0.lzh	797988	ok	GNUCHESS4.0/SRC/checkgame
GAMES	gnuchess4.0.lzh	797988	ok	GNUCHESS4.0/SRC/checkgame.c
GAMES	gnuchess4.0.lzh	797988	ok	GNUCHESS4.0/SRC/debug10.h
GAMES	gnuchess4.0.lzh	797988	ok	GNUCHESS4.0/SRC/debug12.h
GAMES	gnuchess4.0.lzh	797988	ok	GNUCHESS4.0/SRC/debug13.h
GAMES	gnuchess4.0.lzh	797988	ok	GNUCHESS4.0/SRC/debug16.h
GAMES	gnuchess4.0.lzh	797988	ok	GNUCHESS4.0/SRC/debug256.h
GAMES	gnuchess4.0.lzh	797988	ok	GNUCHESS4.0/SRC/debug4.h
GAMES	gnuchess4.0.lzh	797988	ok	GNUCHESS4.0/SRC/debug40.h
GAMES	gnuchess4.0.lzh	797988	ok	GNUCHESS4.0/SRC/debug41.h
GAMES	gnuchess4.0.lzh	797988	ok	GNUCHESS4.0/SRC/debug512.h
GAMES	gnuchess4.0.lzh	797988	ok	GNUCHESS4.0/SRC/debug64.h
GAMES	gnuchess4.0.lzh	797988	ok	GNUCHESS4.0/SRC/debug8.h
GAMES	gnuchess4.0.lzh	797988	ok	GNUCHESS4.0/SRC/dspcom.c
GAMES	gnuchess4.0.lzh	797988	ok	GNUCHESS4.0/SRC/eval.c
GAMES	gnuchess4.0.lzh	797988	ok	GNUCHESS4.0/SRC/fen2gnu.c
GAMES	gnuchess4.0.lzh	797988	ok	GNUCHESS4.0/SRC/game
GAMES	gnuchess4.0.lzh	797988	ok	GNUCHESS4.0/SRC/game.c
GAMES	gnuchess4.0.lzh	797988	ok	GNUCHESS4.0/SRC/gbookdist.c
GAMES	gnuchess4.0.lzh	797988	ok	GNUCHESS4.0/SRC/gdxbkstats.c
GAMES	gnuchess4.0.lzh	797988	ok	GNUCHESS4.0/SRC/genmoves.c
GAMES	gnuchess4.0.lzh	797988	ok	GNUCHESS4.0/SRC/gnuan
GAMES	gnuchess4.0.lzh	797988	ok	GNUCHESS4.0/SRC/gnuan.c
GAMES	gnuchess4.0.lzh	797988	ok	GNUCHESS4.0/SRC/gnuchess
GAMES	gnuchess4.0.lzh	797988	ok	GNUCHESS4.0/SRC/gnuchess.h
GAMES	gnuchess4.0.lzh	797988	ok	GNUCHESS4.0/SRC/gnuchessc
GAMES	gnuchess4.0.lzh	797988	ok	GNUCHESS4.0/SRC/gnuchessn
GAMES	gnuchess4.0.lzh	797988	ok	GNUCHESS4.0/SRC/gnuchessr
GAMES	gnuchess4.0.lzh	797988	ok	GNUCHESS4.0/SRC/init.c
GAMES	gnuchess4.0.lzh	797988	ok	GNUCHESS4.0/SRC/main.c
GAMES	gnuchess4.0.lzh	797988	ok	GNUCHESS4.0/SRC/makefile.org
GAMES	gnuchess4.0.lzh	797988	ok	GNUCHESS4.0/SRC/match
GAMES	gnuchess4.0.lzh	797988	ok	GNUCHESS4.0/SRC/membkstats.c
GAMES	gnuchess4.0.lzh	797988	ok	GNUCHESS4.0/SRC/nondsp.c
GAMES	gnuchess4.0.lzh	797988	ok	GNUCHESS4.0/SRC/nuxdsp.c
GAMES	gnuchess4.0.lzh	797988	ok	GNUCHESS4.0/SRC/postprint
GAMES	gnuchess4.0.lzh	797988	ok	GNUCHESS4.0/SRC/postprint.c
GAMES	gnuchess4.0.lzh	797988	ok	GNUCHESS4.0/SRC/search.c
GAMES	gnuchess4.0.lzh	797988	ok	GNUCHESS4.0/SRC/util.c
GAMES	gnuchess4.0.lzh	797988	ok	GNUCHESS4.0/SRC/uxdsp.c
GAMES	gnuchess4.0.lzh	797988	ok	GNUCHESS4.0/SRC/version.h
GAMES	gnuchess4.0.lzh	797988	ok	GNUCHESS4.0/TEST/
GAMES	gnuchess4.0.lzh	797988	ok	GNUCHESS4.0/TEST/README
GAMES	gnuchess4.0.lzh	797988	ok	GNUCHESS4.0/TEST/bratko_kopec.tar.Z
GAMES	gnuchess4.0.lzh	797988	ok	GNUCHESS4.0/TEST/gnutest.run
GAMES	gnuchess4.0.lzh	797988	ok	GNUCHESS4.0/TEST/gnutest.tar.Z
GAMES	gnuchess4.0.lzh	797988	ok	GNUCHESS4.0/TEST/test.tar.Z
GAMES	gnuchess4.0.lzh	797988	ok	GNUCHESS4.0/TEST/testall
GAMES	gnuchess4.0.lzh	797988	ok	Readme.gnuchess.OSK
GAMES	gnuchess_bin.lzh	104468	ok	gnuchess
GAMES	gnuchess_bin.lzh	104468	ok	gnuchessn
GAMES	gnuchess_bin.lzh	104468	ok	gnuchessr
GAMES	infocom.lha	52249	ok	infocom
GAMES	infocom.lha	52249	ok	infocom.tcap
GAMES	infocom_src.lha	95618	ok	Makefile
GAMES	infocom_src.lha	95618	ok	compile.txt
GAMES	infocom_src.lha	95618	ok	datafile.txt
GAMES	infocom_src.lha	95618	ok	enhanced.c
GAMES	infocom_src.lha	95618	ok	file.c
GAMES	infocom_src.lha	95618	ok	fns.c
GAMES	infocom_src.lha	95618	ok	globals.c
GAMES	infocom_src.lha	95618	ok	history.txt
GAMES	infocom_src.lha	95618	ok	infocom.c
GAMES	infocom_src.lha	95618	ok	infocom.h
GAMES	infocom_src.lha	95618	ok	init.c
GAMES	infocom_src.lha	95618	ok	input.c
GAMES	infocom_src.lha	95618	ok	interp.c
GAMES	infocom_src.lha	95618	ok	io.c
GAMES	infocom_src.lha	95618	ok	jump.c
GAMES	infocom_src.lha	95618	ok	machine.h
GAMES	infocom_src.lha	95618	ok	makefile.org
GAMES	infocom_src.lha	95618	ok	message.c
GAMES	infocom_src.lha	95618	ok	object.c
GAMES	infocom_src.lha	95618	ok	options.c
GAMES	infocom_src.lha	95618	ok	page.c
GAMES	infocom_src.lha	95618	ok	plus_fns.c
GAMES	infocom_src.lha	95618	ok	print.c
GAMES	infocom_src.lha	95618	ok	property.c
GAMES	infocom_src.lha	95618	ok	readme
GAMES	infocom_src.lha	95618	ok	status.c
GAMES	infocom_src.lha	95618	ok	support.c
GAMES	infocom_src.lha	95618	ok	variable.c
GAMES	infocom_src.lha	95618	ok	zcode.txt
GAMES	informosk.lha	213184	ok	dejavu.inf
GAMES	informosk.lha	213184	ok	dejavu.z3
GAMES	informosk.lha	213184	ok	grammar.h
GAMES	informosk.lha	213184	ok	hellow.inf
GAMES	informosk.lha	213184	ok	hellow.z3
GAMES	informosk.lha	213184	ok	inform.c
GAMES	informosk.lha	213184	ok	informosk.c
GAMES	informosk.lha	213184	ok	manual.txt
GAMES	informosk.lha	213184	ok	newrelease.txt
GAMES	informosk.lha	213184	ok	parser.h
GAMES	informosk.lha	213184	ok	readme.osk
GAMES	informosk.lha	213184	ok	shell.inf
GAMES	informosk.lha	213184	ok	shell.z3
GAMES	informosk.lha	213184	ok	verblib.h
GAMES	paranoia.t.Z	48930	ok	paranoia
GAMES	paranoia.t.Z	48930	ok	paranoia.c
GAMES	paranoia.t.Z	48930	ok	paranoia.doc
APPS	TeXSystem.lzh	2433185	ok	About_Latex.tex
APPS	TeXSystem.lzh	2433185	ok	Installation.text
APPS	TeXSystem.lzh	2433185	ok	Manifest.text
APPS	TeXSystem.lzh	2433185	ok	Usage.text
APPS	TeXSystem.lzh	2433185	ok	dvitranslators.lzh
APPS	TeXSystem.lzh	2433185	ok	tangleweave.lzh
APPS	TeXSystem.lzh	2433185	ok	texcmds.lzh
APPS	TeXSystem.lzh	2433185	ok	texdir.lzh
APPS	ant.readme	19133	bare_file	ant.readme
APPS	ant.ytar	44670	ERROR:ReadError	
APPS	bash.lzh	123652	ok	bash
APPS	bash.lzh	123652	ok	oskBashStory
APPS	bash.lzh	123652	ok	oskProjects
APPS	bash.lzh	123652	ok	readme.bash
APPS	btoa.lzh	27093	ok	atob
APPS	btoa.lzh	27093	ok	atob.c
APPS	btoa.lzh	27093	ok	btoa
APPS	btoa.lzh	27093	ok	btoa.1
APPS	btoa.lzh	27093	ok	btoa.c
APPS	btoa.lzh	27093	ok	btoa.man
APPS	btoa.lzh	27093	ok	readme.osk
APPS	diff.lzh	161518	ok	diff/ENVIRONMENT
APPS	diff.lzh	161518	ok	diff/MANIFEST
APPS	diff.lzh	161518	ok	diff/Makefile
APPS	diff.lzh	161518	ok	diff/RCSDIR
APPS	diff.lzh	161518	ok	diff/analyze.c
APPS	diff.lzh	161518	ok	diff/cmp.c
APPS	diff.lzh	161518	ok	diff/cmpbuf.c
APPS	diff.lzh	161518	ok	diff/cmpbuf.h
APPS	diff.lzh	161518	ok	diff/config.h
APPS	diff.lzh	161518	ok	diff/context.c
APPS	diff.lzh	161518	ok	diff/diff.c
APPS	diff.lzh	161518	ok	diff/diff.h
APPS	diff.lzh	161518	ok	diff/diff3.c
APPS	diff.lzh	161518	ok	diff/dir.c
APPS	diff.lzh	161518	ok	diff/ed.c
APPS	diff.lzh	161518	ok	diff/error.c
APPS	diff.lzh	161518	ok	diff/fnmatch.c
APPS	diff.lzh	161518	ok	diff/fnmatch.h
APPS	diff.lzh	161518	ok	diff/getopt.c
APPS	diff.lzh	161518	ok	diff/getopt.h
APPS	diff.lzh	161518	ok	diff/getopt1.c
APPS	diff.lzh	161518	ok	diff/ifdef.c
APPS	diff.lzh	161518	ok	diff/io.c
APPS	diff.lzh	161518	ok	diff/normal.c
APPS	diff.lzh	161518	ok	diff/os9k.h
APPS	diff.lzh	161518	ok	diff/regex.c
APPS	diff.lzh	161518	ok	diff/regex.h
APPS	diff.lzh	161518	ok	diff/sdiff.c
APPS	diff.lzh	161518	ok	diff/side.c
APPS	diff.lzh	161518	ok	diff/stat.c
APPS	diff.lzh	161518	ok	diff/stat.h
APPS	diff.lzh	161518	ok	diff/system.h
APPS	diff.lzh	161518	ok	diff/util.c
APPS	diff.lzh	161518	ok	diff/version.c
APPS	diff.lzh	161518	ok	diff/xmalloc.c
APPS	dm.lzh	71014	ok	CMDS/dm
APPS	dm.lzh	71014	ok	LIB/alib.l
APPS	dm.lzh	71014	ok	RELS/dirread.r
APPS	dm.lzh	71014	ok	RELS/diskmaster.r
APPS	dm.lzh	71014	ok	RELS/error.r
APPS	dm.lzh	71014	ok	RELS/misc.r
APPS	dm.lzh	71014	ok	RELS/mouse.r
APPS	dm.lzh	71014	ok	RELS/multiattr.r
APPS	dm.lzh	71014	ok	RELS/multicopy.r
APPS	dm.lzh	71014	ok	RELS/multidel.r
APPS	dm.lzh	71014	ok	RELS/multimove.r
APPS	dm.lzh	71014	ok	RELS/multitag.r
APPS	dm.lzh	71014	ok	RELS/screen.r
APPS	dm.lzh	71014	ok	RELS/shellsort.r
APPS	dm.lzh	71014	ok	RELS/showfiles.r
APPS	dm.lzh	71014	ok	RELS/unarc.r
APPS	dm.lzh	71014	ok	dirread.c
APPS	dm.lzh	71014	ok	diskmaster.c
APPS	dm.lzh	71014	ok	diskmaster.h
APPS	dm.lzh	71014	ok	dm.doc
APPS	dm.lzh	71014	ok	dm.hlp
APPS	dm.lzh	71014	ok	error.c
APPS	dm.lzh	71014	ok	makefile
APPS	dm.lzh	71014	ok	misc.c
APPS	dm.lzh	71014	ok	mouse.c
APPS	dm.lzh	71014	ok	mspak.h
APPS	dm.lzh	71014	ok	multiattr.c
APPS	dm.lzh	71014	ok	multicopy.c
APPS	dm.lzh	71014	ok	multidel.c
APPS	dm.lzh	71014	ok	multimove.c
APPS	dm.lzh	71014	ok	multitag.c
APPS	dm.lzh	71014	ok	readme.mm1
APPS	dm.lzh	71014	ok	screen.c
APPS	dm.lzh	71014	ok	screen.h
APPS	dm.lzh	71014	ok	screen.mm1.c
APPS	dm.lzh	71014	ok	shellsort.c
APPS	dm.lzh	71014	ok	showfiles.c
APPS	dm.lzh	71014	ok	unarc.c
APPS	dm.readme	474	bare_file	dm.readme
APPS	dm14.lzh	75557	ok	CMDS/
APPS	dm14.lzh	75557	ok	CMDS/dm.mm1
APPS	dm14.lzh	75557	ok	CMDS/dm.secad
APPS	dm14.lzh	75557	ok	LIB/
APPS	dm14.lzh	75557	ok	LIB/alib.l
APPS	dm14.lzh	75557	ok	RELS/
APPS	dm14.lzh	75557	ok	dirread.c
APPS	dm14.lzh	75557	ok	diskmaster.c
APPS	dm14.lzh	75557	ok	diskmaster.h
APPS	dm14.lzh	75557	ok	dm.doc
APPS	dm14.lzh	75557	ok	dm.hlp
APPS	dm14.lzh	75557	ok	dm.mm1.date
APPS	dm14.lzh	75557	ok	dm.secad.date
APPS	dm14.lzh	75557	ok	error.c
APPS	dm14.lzh	75557	ok	listarc.c
APPS	dm14.lzh	75557	ok	makefile
APPS	dm14.lzh	75557	ok	makefile.mm1
APPS	dm14.lzh	75557	ok	misc.c
APPS	dm14.lzh	75557	ok	mm1.readme.1st
APPS	dm14.lzh	75557	ok	mouse.c
APPS	dm14.lzh	75557	ok	mouse.h
APPS	dm14.lzh	75557	ok	mspak.h
APPS	dm14.lzh	75557	ok	multiattr.c
APPS	dm14.lzh	75557	ok	multicopy.c
APPS	dm14.lzh	75557	ok	multidel.c
APPS	dm14.lzh	75557	ok	multimove.c
APPS	dm14.lzh	75557	ok	multitag.c
APPS	dm14.lzh	75557	ok	readme.mm1
APPS	dm14.lzh	75557	ok	screen.c
APPS	dm14.lzh	75557	ok	screen.h
APPS	dm14.lzh	75557	ok	shellsort.c
APPS	dm14.lzh	75557	ok	showfiles.c
APPS	dm14.lzh	75557	ok	unarc.c
APPS	dm14.lzh	75557	ok	version_1.4
APPS	dm14.readme	537	bare_file	dm14.readme
APPS	elvis_1.4.tar.Z	229421	ok	.
APPS	elvis_1.4.tar.Z	229421	ok	./doc
APPS	elvis_1.4.tar.Z	229421	ok	./doc/intro.doc
APPS	elvis_1.4.tar.Z	229421	ok	./doc/visual.doc
APPS	elvis_1.4.tar.Z	229421	ok	./doc/ex.doc
APPS	elvis_1.4.tar.Z	229421	ok	./doc/versions.doc
APPS	elvis_1.4.tar.Z	229421	ok	./doc/cflags.doc
APPS	elvis_1.4.tar.Z	229421	ok	./doc/differ.doc
APPS	elvis_1.4.tar.Z	229421	ok	./doc/cutbufs.doc
APPS	elvis_1.4.tar.Z	229421	ok	./doc/options.doc
APPS	elvis_1.4.tar.Z	229421	ok	./doc/environ.doc
APPS	elvis_1.4.tar.Z	229421	ok	./doc/regexp.doc
APPS	elvis_1.4.tar.Z	229421	ok	./doc/internal.doc
APPS	elvis_1.4.tar.Z	229421	ok	./doc/termcap.doc
APPS	elvis_1.4.tar.Z	229421	ok	./doc/index.doc
APPS	elvis_1.4.tar.Z	229421	ok	./doc/ctags.man
APPS	elvis_1.4.tar.Z	229421	ok	./doc/elvis.man
APPS	elvis_1.4.tar.Z	229421	ok	./doc/ref.man
APPS	elvis_1.4.tar.Z	229421	ok	./doc/refont.man
APPS	elvis_1.4.tar.Z	229421	ok	./doc/virec.man
APPS	elvis_1.4.tar.Z	229421	ok	./Makefile
APPS	elvis_1.4.tar.Z	229421	ok	./README
APPS	elvis_1.4.tar.Z	229421	ok	./KNOWN.BUGS
APPS	elvis_1.4.tar.Z	229421	ok	./Elvis.lnk
APPS	elvis_1.4.tar.Z	229421	ok	./Elvis.mak
APPS	elvis_1.4.tar.Z	229421	ok	./Elvis.prj
APPS	elvis_1.4.tar.Z	229421	ok	./Makefile.mix
APPS	elvis_1.4.tar.Z	229421	ok	./alias.c
APPS	elvis_1.4.tar.Z	229421	ok	./atari.c
APPS	elvis_1.4.tar.Z	229421	ok	./ctags.c
APPS	elvis_1.4.tar.Z	229421	ok	./pc.c
APPS	elvis_1.4.tar.Z	229421	ok	./ref.c
APPS	elvis_1.4.tar.Z	229421	ok	./shell.c
APPS	elvis_1.4.tar.Z	229421	ok	./sysdos.c
APPS	elvis_1.4.tar.Z	229421	ok	./virec.c
APPS	elvis_1.4.tar.Z	229421	ok	./wildcard.c
APPS	elvis_1.4.tar.Z	229421	ok	./profile.sh
APPS	elvis_1.4.tar.Z	229421	ok	./osk.c
APPS	elvis_1.4.tar.Z	229421	ok	./osk.h
APPS	elvis_1.4.tar.Z	229421	ok	./date.c
APPS	elvis_1.4.tar.Z	229421	ok	./blk.c
APPS	elvis_1.4.tar.Z	229421	ok	./cmd1.c
APPS	elvis_1.4.tar.Z	229421	ok	./cmd2.c
APPS	elvis_1.4.tar.Z	229421	ok	./config.h
APPS	elvis_1.4.tar.Z	229421	ok	./curses.c
APPS	elvis_1.4.tar.Z	229421	ok	./curses.h
APPS	elvis_1.4.tar.Z	229421	ok	./cut.c
APPS	elvis_1.4.tar.Z	229421	ok	./ex.c
APPS	elvis_1.4.tar.Z	229421	ok	./input.c
APPS	elvis_1.4.tar.Z	229421	ok	./main.c
APPS	elvis_1.4.tar.Z	229421	ok	./misc.c
APPS	elvis_1.4.tar.Z	229421	ok	./modify.c
APPS	elvis_1.4.tar.Z	229421	ok	./move1.c
APPS	elvis_1.4.tar.Z	229421	ok	./move2.c
APPS	elvis_1.4.tar.Z	229421	ok	./move3.c
APPS	elvis_1.4.tar.Z	229421	ok	./move4.c
APPS	elvis_1.4.tar.Z	229421	ok	./move5.c
APPS	elvis_1.4.tar.Z	229421	ok	./opts.c
APPS	elvis_1.4.tar.Z	229421	ok	./recycle.c
APPS	elvis_1.4.tar.Z	229421	ok	./redraw.c
APPS	elvis_1.4.tar.Z	229421	ok	./regexp.c
APPS	elvis_1.4.tar.Z	229421	ok	./regexp.h
APPS	elvis_1.4.tar.Z	229421	ok	./regsub.c
APPS	elvis_1.4.tar.Z	229421	ok	./system.c
APPS	elvis_1.4.tar.Z	229421	ok	./tinytcap.c
APPS	elvis_1.4.tar.Z	229421	ok	./tio.c
APPS	elvis_1.4.tar.Z	229421	ok	./tmp.c
APPS	elvis_1.4.tar.Z	229421	ok	./vars.c
APPS	elvis_1.4.tar.Z	229421	ok	./vcmd.c
APPS	elvis_1.4.tar.Z	229421	ok	./vi.c
APPS	elvis_1.4.tar.Z	229421	ok	./vi.h
APPS	elvis_1.4.tar.Z	229421	ok	./refont.c
APPS	gs403osk.tgz	1727999	ok	Readme.jw
APPS	gs403osk.tgz	1727999	ok	acctest.ps
APPS	gs403osk.tgz	1727999	ok	align.ps
APPS	gs403osk.tgz	1727999	ok	alphabet.ps
APPS	gs403osk.tgz	1727999	ok	bdftops.ps
APPS	gs403osk.tgz	1727999	ok	bug_form.txt
APPS	gs403osk.tgz	1727999	ok	c_style.txt
APPS	gs403osk.tgz	1727999	ok	caption.ps
APPS	gs403osk.tgz	1727999	ok	cheq.ps
APPS	gs403osk.tgz	1727999	ok	chess.ps
APPS	gs403osk.tgz	1727999	ok	colorcir.ps
APPS	gs403osk.tgz	1727999	ok	commprod.txt
APPS	gs403osk.tgz	1727999	ok	current.txt
APPS	gs403osk.tgz	1727999	ok	decrypt.ps
APPS	gs403osk.tgz	1727999	ok	devices.txt
APPS	gs403osk.tgz	1727999	ok	dll.txt
APPS	gs403osk.tgz	1727999	ok	docie.ps
APPS	gs403osk.tgz	1727999	ok	drivers.txt
APPS	gs403osk.tgz	1727999	ok	escher.ps
APPS	gs403osk.tgz	1727999	ok	font2c.ps
APPS	gs403osk.tgz	1727999	ok	fontmap
APPS	gs403osk.tgz	1727999	ok	fontmap.atm
APPS	gs403osk.tgz	1727999	ok	fontmap.gs
APPS	gs403osk.tgz	1727999	ok	fonts.txt
APPS	gs403osk.tgz	1727999	ok	golfer.ps
APPS	gs403osk.tgz	1727999	ok	grayalph.ps
APPS	gs403osk.tgz	1727999	ok	gs403
APPS	gs403osk.tgz	1727999	ok	gs_btokn.ps
APPS	gs403osk.tgz	1727999	ok	gs_ccfnt.ps
APPS	gs403osk.tgz	1727999	ok	gs_cidfn.ps
APPS	gs403osk.tgz	1727999	ok	gs_cmap.ps
APPS	gs403osk.tgz	1727999	ok	gs_cmdl.ps
APPS	gs403osk.tgz	1727999	ok	gs_dbt_e.ps
APPS	gs403osk.tgz	1727999	ok	gs_diskf.ps
APPS	gs403osk.tgz	1727999	ok	gs_dps1.ps
APPS	gs403osk.tgz	1727999	ok	gs_fform.ps
APPS	gs403osk.tgz	1727999	ok	gs_fonts.ps
APPS	gs403osk.tgz	1727999	ok	gs_init.ps
APPS	gs403osk.tgz	1727999	ok	gs_iso_e.ps
APPS	gs403osk.tgz	1727999	ok	gs_kanji.ps
APPS	gs403osk.tgz	1727999	ok	gs_ksb_e.ps
APPS	gs403osk.tgz	1727999	ok	gs_l2img.ps
APPS	gs403osk.tgz	1727999	ok	gs_lev2.ps
APPS	gs403osk.tgz	1727999	ok	gs_mex_e.ps
APPS	gs403osk.tgz	1727999	ok	gs_mro_e.ps
APPS	gs403osk.tgz	1727999	ok	gs_pdf.ps
APPS	gs403osk.tgz	1727999	ok	gs_pdf_e.ps
APPS	gs403osk.tgz	1727999	ok	gs_pdfwr.ps
APPS	gs403osk.tgz	1727999	ok	gs_pfile.ps
APPS	gs403osk.tgz	1727999	ok	gs_res.ps
APPS	gs403osk.tgz	1727999	ok	gs_setpd.ps
APPS	gs403osk.tgz	1727999	ok	gs_statd.ps
APPS	gs403osk.tgz	1727999	ok	gs_std_e.ps
APPS	gs403osk.tgz	1727999	ok	gs_sym_e.ps
APPS	gs403osk.tgz	1727999	ok	gs_ttf.ps
APPS	gs403osk.tgz	1727999	ok	gs_typ42.ps
APPS	gs403osk.tgz	1727999	ok	gs_type1.ps
APPS	gs403osk.tgz	1727999	ok	gs_wan_e.ps
APPS	gs403osk.tgz	1727999	ok	gs_wl1_e.ps
APPS	gs403osk.tgz	1727999	ok	gs_wl2_e.ps
APPS	gs403osk.tgz	1727999	ok	gs_wl5_e.ps
APPS	gs403osk.tgz	1727999	ok	gslp.ps
APPS	gs403osk.tgz	1727999	ok	helpers.txt
APPS	gs403osk.tgz	1727999	ok	hershey.txt
APPS	gs403osk.tgz	1727999	ok	history1.txt
APPS	gs403osk.tgz	1727999	ok	history2.txt
APPS	gs403osk.tgz	1727999	ok	history3.txt
APPS	gs403osk.tgz	1727999	ok	humor.txt
APPS	gs403osk.tgz	1727999	ok	impath.ps
APPS	gs403osk.tgz	1727999	ok	install.txt
APPS	gs403osk.tgz	1727999	ok	landscap.ps
APPS	gs403osk.tgz	1727999	ok	language.txt
APPS	gs403osk.tgz	1727999	ok	level1.ps
APPS	gs403osk.tgz	1727999	ok	lib.txt
APPS	gs403osk.tgz	1727999	ok	lines.ps
APPS	gs403osk.tgz	1727999	ok	make.txt
APPS	gs403osk.tgz	1727999	ok	markhint.ps
APPS	gs403osk.tgz	1727999	ok	markpath.ps
APPS	gs403osk.tgz	1727999	ok	n019003l.afm
APPS	gs403osk.tgz	1727999	ok	n019003l.gsf
APPS	gs403osk.tgz	1727999	ok	n019003l.pfb
APPS	gs403osk.tgz	1727999	ok	n019003l.pfm
APPS	gs403osk.tgz	1727999	ok	n019004l.afm
APPS	gs403osk.tgz	1727999	ok	n019004l.pfb
APPS	gs403osk.tgz	1727999	ok	n019004l.pfm
APPS	gs403osk.tgz	1727999	ok	n019023l.afm
APPS	gs403osk.tgz	1727999	ok	n019023l.pfb
APPS	gs403osk.tgz	1727999	ok	n019023l.pfm
APPS	gs403osk.tgz	1727999	ok	n019024l.afm
APPS	gs403osk.tgz	1727999	ok	n019024l.pfb
APPS	gs403osk.tgz	1727999	ok	n019024l.pfm
APPS	gs403osk.tgz	1727999	ok	n019043l.afm
APPS	gs403osk.tgz	1727999	ok	n019043l.pfb
APPS	gs403osk.tgz	1727999	ok	n019043l.pfm
APPS	gs403osk.tgz	1727999	ok	n019044l.afm
APPS	gs403osk.tgz	1727999	ok	n019044l.pfb
APPS	gs403osk.tgz	1727999	ok	n019044l.pfm
APPS	gs403osk.tgz	1727999	ok	n019063l.afm
APPS	gs403osk.tgz	1727999	ok	n019063l.pfb
APPS	gs403osk.tgz	1727999	ok	n019063l.pfm
APPS	gs403osk.tgz	1727999	ok	n019064l.afm
APPS	gs403osk.tgz	1727999	ok	n019064l.pfb
APPS	gs403osk.tgz	1727999	ok	n019064l.pfm
APPS	gs403osk.tgz	1727999	ok	n021003l.afm
APPS	gs403osk.tgz	1727999	ok	n021003l.gsf
APPS	gs403osk.tgz	1727999	ok	n021003l.pfb
APPS	gs403osk.tgz	1727999	ok	n021003l.pfm
APPS	gs403osk.tgz	1727999	ok	n021004l.afm
APPS	gs403osk.tgz	1727999	ok	n021004l.pfb
APPS	gs403osk.tgz	1727999	ok	n021004l.pfm
APPS	gs403osk.tgz	1727999	ok	n021023l.afm
APPS	gs403osk.tgz	1727999	ok	n021023l.pfb
APPS	gs403osk.tgz	1727999	ok	n021023l.pfm
APPS	gs403osk.tgz	1727999	ok	n021024l.afm
APPS	gs403osk.tgz	1727999	ok	n021024l.pfb
APPS	gs403osk.tgz	1727999	ok	n021024l.pfm
APPS	gs403osk.tgz	1727999	ok	n022003l.afm
APPS	gs403osk.tgz	1727999	ok	n022003l.pfb
APPS	gs403osk.tgz	1727999	ok	n022003l.pfm
APPS	gs403osk.tgz	1727999	ok	n022004l.afm
APPS	gs403osk.tgz	1727999	ok	n022004l.pfb
APPS	gs403osk.tgz	1727999	ok	n022004l.pfm
APPS	gs403osk.tgz	1727999	ok	n022023l.afm
APPS	gs403osk.tgz	1727999	ok	n022023l.pfb
APPS	gs403osk.tgz	1727999	ok	n022023l.pfm
APPS	gs403osk.tgz	1727999	ok	n022024l.afm
APPS	gs403osk.tgz	1727999	ok	n022024l.pfb
APPS	gs403osk.tgz	1727999	ok	n022024l.pfm
APPS	gs403osk.tgz	1727999	ok	new_user.txt
APPS	gs403osk.tgz	1727999	ok	packfile.ps
APPS	gs403osk.tgz	1727999	ok	pcharstr.ps
APPS	gs403osk.tgz	1727999	ok	pdf2dsc.ps
APPS	gs403osk.tgz	1727999	ok	pdf_2ps.ps
APPS	gs403osk.tgz	1727999	ok	pdf_base.ps
APPS	gs403osk.tgz	1727999	ok	pdf_draw.ps
APPS	gs403osk.tgz	1727999	ok	pdf_font.ps
APPS	gs403osk.tgz	1727999	ok	pdf_main.ps
APPS	gs403osk.tgz	1727999	ok	pdf_sec.ps
APPS	gs403osk.tgz	1727999	ok	pfbtogs.ps
APPS	gs403osk.tgz	1727999	ok	ppath.ps
APPS	gs403osk.tgz	1727999	ok	prfont.ps
APPS	gs403osk.tgz	1727999	ok	printafm.ps
APPS	gs403osk.tgz	1727999	ok	ps2ai.ps
APPS	gs403osk.tgz	1727999	ok	ps2ascii.ps
APPS	gs403osk.tgz	1727999	ok	ps2epsi.ps
APPS	gs403osk.tgz	1727999	ok	ps2epsi.txt
APPS	gs403osk.tgz	1727999	ok	ps2image.ps
APPS	gs403osk.tgz	1727999	ok	ps2pdf.txt
APPS	gs403osk.tgz	1727999	ok	psfiles.txt
APPS	gs403osk.tgz	1727999	ok	pstoppm.ps
APPS	gs403osk.tgz	1727999	ok	public.txt
APPS	gs403osk.tgz	1727999	ok	quit.ps
APPS	gs403osk.tgz	1727999	ok	rollconv.ps
APPS	gs403osk.tgz	1727999	ok	showchar.ps
APPS	gs403osk.tgz	1727999	ok	showpage.ps
APPS	gs403osk.tgz	1727999	ok	snowflak.ps
APPS	gs403osk.tgz	1727999	ok	stcinfo.ps
APPS	gs403osk.tgz	1727999	ok	stcolor.ps
APPS	gs403osk.tgz	1727999	ok	tiger.ps
APPS	gs403osk.tgz	1727999	ok	traceimg.ps
APPS	gs403osk.tgz	1727999	ok	traceop.ps
APPS	gs403osk.tgz	1727999	ok	type1enc.ps
APPS	gs403osk.tgz	1727999	ok	type1ops.ps
APPS	gs403osk.tgz	1727999	ok	unix_lpr.txt
APPS	gs403osk.tgz	1727999	ok	unprot.ps
APPS	gs403osk.tgz	1727999	ok	use.txt
APPS	gs403osk.tgz	1727999	ok	viewcmyk.ps
APPS	gs403osk.tgz	1727999	ok	viewgif.ps
APPS	gs403osk.tgz	1727999	ok	viewjpeg.ps
APPS	gs403osk.tgz	1727999	ok	viewpbm.ps
APPS	gs403osk.tgz	1727999	ok	viewpcx.ps
APPS	gs403osk.tgz	1727999	ok	viewps2a.ps
APPS	gs403osk.tgz	1727999	ok	waterfal.ps
APPS	gs403osk.tgz	1727999	ok	wftopfa.ps
APPS	gs403osk.tgz	1727999	ok	winmaps.ps
APPS	gs403osk.tgz	1727999	ok	wrfont.ps
APPS	gs403osk.tgz	1727999	ok	xfonts.txt
APPS	gs403osk.tgz	1727999	ok	zeroline.ps
APPS	gsort14.lzh	1075	ok	GSort14.doc
APPS	gsort14.lzh	1075	ok	gsort14
APPS	hl10obin.lzh	370672	ok	Ascii2Libr
APPS	hl10obin.lzh	370672	ok	EditLibr
APPS	hl10obin.lzh	370672	ok	Libr2Ascii
APPS	hl10obin.lzh	370672	ok	Librarian
APPS	hl10obin.lzh	370672	ok	PrintCards
APPS	hl10obin.lzh	370672	ok	PrintLabels
APPS	hl10odoc.lzh	15468	ok	HomeLibr.doc
APPS	hl10odoc.lzh	15468	ok	OSKREAD.ME
APPS	hl10osrc.lzh	84041	ok	Ascii2Libr/
APPS	hl10osrc.lzh	84041	ok	Ascii2Libr/Ascii2Libr.arg
APPS	hl10osrc.lzh	84041	ok	Ascii2Libr/Ascii2Libr.cc
APPS	hl10osrc.lzh	84041	ok	Ascii2Libr/Ascii2Libr.h
APPS	hl10osrc.lzh	84041	ok	Ascii2Libr/makefile
APPS	hl10osrc.lzh	84041	ok	Ascii2Libr/makefile.msdos
APPS	hl10osrc.lzh	84041	ok	EditLibr/
APPS	hl10osrc.lzh	84041	ok	EditLibr/DeleteStuff.cc
APPS	hl10osrc.lzh	84041	ok	EditLibr/EditCard.cc
APPS	hl10osrc.lzh	84041	ok	EditLibr/EditDefs.h
APPS	hl10osrc.lzh	84041	ok	EditLibr/EditGlob.h
APPS	hl10osrc.lzh	84041	ok	EditLibr/EditLibr.arg
APPS	hl10osrc.lzh	84041	ok	EditLibr/EditLibr.cc
APPS	hl10osrc.lzh	84041	ok	EditLibr/EditLibr.h
APPS	hl10osrc.lzh	84041	ok	EditLibr/ListStuff.cc
APPS	hl10osrc.lzh	84041	ok	EditLibr/makefile
APPS	hl10osrc.lzh	84041	ok	EditLibr/makefile.msdos
APPS	hl10osrc.lzh	84041	ok	Include/
APPS	hl10osrc.lzh	84041	ok	Include/Card.h
APPS	hl10osrc.lzh	84041	ok	Include/CardRecord.h
APPS	hl10osrc.lzh	84041	ok	Include/CommandScreen.h
APPS	hl10osrc.lzh	84041	ok	Include/EditForm.h
APPS	hl10osrc.lzh	84041	ok	Include/LLScrollPrompt.h
APPS	hl10osrc.lzh	84041	ok	Include/LList.h
APPS	hl10osrc.lzh	84041	ok	Include/ListRecord.h
APPS	hl10osrc.lzh	84041	ok	Include/PTree.h
APPS	hl10osrc.lzh	84041	ok	Include/ScrollPrompt.h
APPS	hl10osrc.lzh	84041	ok	Include/Terminal.h
APPS	hl10osrc.lzh	84041	ok	Include/common.h
APPS	hl10osrc.lzh	84041	ok	Include/vBTree.h
APPS	hl10osrc.lzh	84041	ok	Include/vm.h
APPS	hl10osrc.lzh	84041	ok	Lib/
APPS	hl10osrc.lzh	84041	ok	Lib/Card.cc
APPS	hl10osrc.lzh	84041	ok	Lib/CardRecord.cc
APPS	hl10osrc.lzh	84041	ok	Lib/CommandScreen.cc
APPS	hl10osrc.lzh	84041	ok	Lib/EditForm.cc
APPS	hl10osrc.lzh	84041	ok	Lib/EvalExpr.cc
APPS	hl10osrc.lzh	84041	ok	Lib/LLScrollPrompt.cc
APPS	hl10osrc.lzh	84041	ok	Lib/LList.cc
APPS	hl10osrc.lzh	84041	ok	Lib/ListRecord.cc
APPS	hl10osrc.lzh	84041	ok	Lib/PTree.cc
APPS	hl10osrc.lzh	84041	ok	Lib/ParseExpr.tab.cc
APPS	hl10osrc.lzh	84041	ok	Lib/ParseExpr.tab.h
APPS	hl10osrc.lzh	84041	ok	Lib/ParseExpr.y
APPS	hl10osrc.lzh	84041	ok	Lib/ScrollPrompt.cc
APPS	hl10osrc.lzh	84041	ok	Lib/Terminal.cc
APPS	hl10osrc.lzh	84041	ok	Lib/makefile
APPS	hl10osrc.lzh	84041	ok	Lib/makefile.msdos
APPS	hl10osrc.lzh	84041	ok	Lib/vBTree.cc
APPS	hl10osrc.lzh	84041	ok	Lib/vm.cc
APPS	hl10osrc.lzh	84041	ok	Libr2Ascii/
APPS	hl10osrc.lzh	84041	ok	Libr2Ascii/Libr2Ascii.arg
APPS	hl10osrc.lzh	84041	ok	Libr2Ascii/Libr2Ascii.cc
APPS	hl10osrc.lzh	84041	ok	Libr2Ascii/Libr2Ascii.h
APPS	hl10osrc.lzh	84041	ok	Libr2Ascii/makefile
APPS	hl10osrc.lzh	84041	ok	Libr2Ascii/makefile.msdos
APPS	hl10osrc.lzh	84041	ok	Librarian/
APPS	hl10osrc.lzh	84041	ok	Librarian/Librarian.arg
APPS	hl10osrc.lzh	84041	ok	Librarian/Librarian.cc
APPS	hl10osrc.lzh	84041	ok	Librarian/Librarian.h
APPS	hl10osrc.lzh	84041	ok	Librarian/makefile
APPS	hl10osrc.lzh	84041	ok	Librarian/makefile.msdos
APPS	hl10osrc.lzh	84041	ok	PrintCards/
APPS	hl10osrc.lzh	84041	ok	PrintCards/PrintCards.arg
APPS	hl10osrc.lzh	84041	ok	PrintCards/PrintCards.cc
APPS	hl10osrc.lzh	84041	ok	PrintCards/PrintCards.h
APPS	hl10osrc.lzh	84041	ok	PrintCards/makefile
APPS	hl10osrc.lzh	84041	ok	PrintCards/makefile.msdos
APPS	hl10osrc.lzh	84041	ok	PrintLabels/
APPS	hl10osrc.lzh	84041	ok	PrintLabels/PrintLabels.arg
APPS	hl10osrc.lzh	84041	ok	PrintLabels/PrintLabels.cc
APPS	hl10osrc.lzh	84041	ok	PrintLabels/PrintLabels.h
APPS	hl10osrc.lzh	84041	ok	PrintLabels/makefile
APPS	hl10osrc.lzh	84041	ok	PrintLabels/makefile.msdos
APPS	libsplit.zip	28580	ok	libsplit
APPS	libsplit.zip	28580	ok	libsplit.exe
APPS	lout.lzh	996036	ok	lout/data/loutrefs.ld
APPS	lout.lzh	996036	ok	lout/data/readme
APPS	lout.lzh	996036	ok	lout/data/refstyles.ld
APPS	lout.lzh	996036	ok	lout/data/standard.ld
APPS	lout.lzh	996036	ok	lout/doc/readme
APPS	lout.lzh	996036	ok	lout/doc/tr.begin/outfile.ps
APPS	lout.lzh	996036	ok	lout/doc/tr.begin/readme
APPS	lout.lzh	996036	ok	lout/doc/tr.begin/s00
APPS	lout.lzh	996036	ok	lout/doc/tr.begin/s01
APPS	lout.lzh	996036	ok	lout/doc/tr.begin/s02
APPS	lout.lzh	996036	ok	lout/doc/tr.begin/s03
APPS	lout.lzh	996036	ok	lout/doc/tr.begin/s04
APPS	lout.lzh	996036	ok	lout/doc/tr.begin/s05
APPS	lout.lzh	996036	ok	lout/doc/tr.begin/s06
APPS	lout.lzh	996036	ok	lout/doc/tr.begin/s07
APPS	lout.lzh	996036	ok	lout/doc/tr.begin/s08
APPS	lout.lzh	996036	ok	lout/doc/tr.begin/s09
APPS	lout.lzh	996036	ok	lout/doc/tr.begin/s10
APPS	lout.lzh	996036	ok	lout/doc/tr.begin/s11
APPS	lout.lzh	996036	ok	lout/doc/tr.begin/s12
APPS	lout.lzh	996036	ok	lout/doc/tr.begin/setup
APPS	lout.lzh	996036	ok	lout/doc/tr.cacm/outfile.ps
APPS	lout.lzh	996036	ok	lout/doc/tr.cacm/readme
APPS	lout.lzh	996036	ok	lout/doc/tr.cacm/s0
APPS	lout.lzh	996036	ok	lout/doc/tr.cacm/s1
APPS	lout.lzh	996036	ok	lout/doc/tr.cacm/s2
APPS	lout.lzh	996036	ok	lout/doc/tr.cacm/s3
APPS	lout.lzh	996036	ok	lout/doc/tr.cacm/s4
APPS	lout.lzh	996036	ok	lout/doc/tr.cacm/s5
APPS	lout.lzh	996036	ok	lout/doc/tr.cacm/s6
APPS	lout.lzh	996036	ok	lout/doc/tr.cacm/s7
APPS	lout.lzh	996036	ok	lout/doc/tr.cacm/setup
APPS	lout.lzh	996036	ok	lout/doc/tr.eq/outfile.ps
APPS	lout.lzh	996036	ok	lout/doc/tr.eq/readme
APPS	lout.lzh	996036	ok	lout/doc/tr.eq/s0
APPS	lout.lzh	996036	ok	lout/doc/tr.eq/s1
APPS	lout.lzh	996036	ok	lout/doc/tr.eq/s2
APPS	lout.lzh	996036	ok	lout/doc/tr.eq/s3
APPS	lout.lzh	996036	ok	lout/doc/tr.eq/s4
APPS	lout.lzh	996036	ok	lout/doc/tr.eq/s5
APPS	lout.lzh	996036	ok	lout/doc/tr.eq/s6
APPS	lout.lzh	996036	ok	lout/doc/tr.eq/setup
APPS	lout.lzh	996036	ok	lout/doc/tr.fig/outfile.ps
APPS	lout.lzh	996036	ok	lout/doc/tr.fig/readme
APPS	lout.lzh	996036	ok	lout/doc/tr.fig/s0
APPS	lout.lzh	996036	ok	lout/doc/tr.fig/s1
APPS	lout.lzh	996036	ok	lout/doc/tr.fig/s2
APPS	lout.lzh	996036	ok	lout/doc/tr.fig/s3
APPS	lout.lzh	996036	ok	lout/doc/tr.fig/s4
APPS	lout.lzh	996036	ok	lout/doc/tr.fig/s5
APPS	lout.lzh	996036	ok	lout/doc/tr.fig/s6
APPS	lout.lzh	996036	ok	lout/doc/tr.fig/s7
APPS	lout.lzh	996036	ok	lout/doc/tr.fig/s8
APPS	lout.lzh	996036	ok	lout/doc/tr.fig/setup
APPS	lout.lzh	996036	ok	lout/doc/tr.lout/ch0.00
APPS	lout.lzh	996036	ok	lout/doc/tr.lout/ch1.00
APPS	lout.lzh	996036	ok	lout/doc/tr.lout/ch1.01
APPS	lout.lzh	996036	ok	lout/doc/tr.lout/ch1.02
APPS	lout.lzh	996036	ok	lout/doc/tr.lout/ch1.03
APPS	lout.lzh	996036	ok	lout/doc/tr.lout/ch1.04
APPS	lout.lzh	996036	ok	lout/doc/tr.lout/ch1.99
APPS	lout.lzh	996036	ok	lout/doc/tr.lout/ch2.00
APPS	lout.lzh	996036	ok	lout/doc/tr.lout/ch2.01
APPS	lout.lzh	996036	ok	lout/doc/tr.lout/ch2.02
APPS	lout.lzh	996036	ok	lout/doc/tr.lout/ch2.03
APPS	lout.lzh	996036	ok	lout/doc/tr.lout/ch2.04
APPS	lout.lzh	996036	ok	lout/doc/tr.lout/ch2.05
APPS	lout.lzh	996036	ok	lout/doc/tr.lout/ch2.06
APPS	lout.lzh	996036	ok	lout/doc/tr.lout/ch2.07
APPS	lout.lzh	996036	ok	lout/doc/tr.lout/ch2.08
APPS	lout.lzh	996036	ok	lout/doc/tr.lout/ch2.09
APPS	lout.lzh	996036	ok	lout/doc/tr.lout/ch2.10
APPS	lout.lzh	996036	ok	lout/doc/tr.lout/ch2.11
APPS	lout.lzh	996036	ok	lout/doc/tr.lout/ch2.12
APPS	lout.lzh	996036	ok	lout/doc/tr.lout/ch2.13
APPS	lout.lzh	996036	ok	lout/doc/tr.lout/ch2.14
APPS	lout.lzh	996036	ok	lout/doc/tr.lout/ch2.15
APPS	lout.lzh	996036	ok	lout/doc/tr.lout/ch2.16
APPS	lout.lzh	996036	ok	lout/doc/tr.lout/ch2.17
APPS	lout.lzh	996036	ok	lout/doc/tr.lout/ch2.18
APPS	lout.lzh	996036	ok	lout/doc/tr.lout/ch2.19
APPS	lout.lzh	996036	ok	lout/doc/tr.lout/ch2.20
APPS	lout.lzh	996036	ok	lout/doc/tr.lout/ch2.21
APPS	lout.lzh	996036	ok	lout/doc/tr.lout/ch2.22
APPS	lout.lzh	996036	ok	lout/doc/tr.lout/ch2.23
APPS	lout.lzh	996036	ok	lout/doc/tr.lout/ch2.99
APPS	lout.lzh	996036	ok	lout/doc/tr.lout/ch3.00
APPS	lout.lzh	996036	ok	lout/doc/tr.lout/ch3.01
APPS	lout.lzh	996036	ok	lout/doc/tr.lout/ch3.02
APPS	lout.lzh	996036	ok	lout/doc/tr.lout/ch3.03
APPS	lout.lzh	996036	ok	lout/doc/tr.lout/ch3.04
APPS	lout.lzh	996036	ok	lout/doc/tr.lout/ch3.05
APPS	lout.lzh	996036	ok	lout/doc/tr.lout/ch3.99
APPS	lout.lzh	996036	ok	lout/doc/tr.lout/outfile.ps
APPS	lout.lzh	996036	ok	lout/doc/tr.lout/readme
APPS	lout.lzh	996036	ok	lout/doc/tr.lout/setup
APPS	lout.lzh	996036	ok	lout/doc/tr.tab/outfile.ps
APPS	lout.lzh	996036	ok	lout/doc/tr.tab/readme
APPS	lout.lzh	996036	ok	lout/doc/tr.tab/s0
APPS	lout.lzh	996036	ok	lout/doc/tr.tab/s1
APPS	lout.lzh	996036	ok	lout/doc/tr.tab/s2
APPS	lout.lzh	996036	ok	lout/doc/tr.tab/s3
APPS	lout.lzh	996036	ok	lout/doc/tr.tab/s4
APPS	lout.lzh	996036	ok	lout/doc/tr.tab/s5
APPS	lout.lzh	996036	ok	lout/doc/tr.tab/s6
APPS	lout.lzh	996036	ok	lout/doc/tr.tab/s7
APPS	lout.lzh	996036	ok	lout/doc/tr.tab/setup
APPS	lout.lzh	996036	ok	lout/externs
APPS	lout.lzh	996036	ok	lout/font/avantgarboo.afm
APPS	lout.lzh	996036	ok	lout/font/avantgarbooobl.afm
APPS	lout.lzh	996036	ok	lout/font/avantgardem.afm
APPS	lout.lzh	996036	ok	lout/font/avantgardemobl.afm
APPS	lout.lzh	996036	ok	lout/font/bookmdem.afm
APPS	lout.lzh	996036	ok	lout/font/bookmdemita.afm
APPS	lout.lzh	996036	ok	lout/font/bookmlig.afm
APPS	lout.lzh	996036	ok	lout/font/bookmligita.afm
APPS	lout.lzh	996036	ok	lout/font/couri.afm
APPS	lout.lzh	996036	ok	lout/font/couribol.afm
APPS	lout.lzh	996036	ok	lout/font/couribolobl.afm
APPS	lout.lzh	996036	ok	lout/font/couriobl.afm
APPS	lout.lzh	996036	ok	lout/font/helve.afm
APPS	lout.lzh	996036	ok	lout/font/helvebol.afm
APPS	lout.lzh	996036	ok	lout/font/helvebolobl.afm
APPS	lout.lzh	996036	ok	lout/font/helvecon.afm
APPS	lout.lzh	996036	ok	lout/font/helveconbol.afm
APPS	lout.lzh	996036	ok	lout/font/helveconbolobl.afm
APPS	lout.lzh	996036	ok	lout/font/helveconobl.afm
APPS	lout.lzh	996036	ok	lout/font/helvenar.afm
APPS	lout.lzh	996036	ok	lout/font/helvenarbol.afm
APPS	lout.lzh	996036	ok	lout/font/helvenarbolobl.afm
APPS	lout.lzh	996036	ok	lout/font/helvenarobl.afm
APPS	lout.lzh	996036	ok	lout/font/helveobl.afm
APPS	lout.lzh	996036	ok	lout/font/newcenschbol.afm
APPS	lout.lzh	996036	ok	lout/font/newcenschbolita.afm
APPS	lout.lzh	996036	ok	lout/font/newcenschita.afm
APPS	lout.lzh	996036	ok	lout/font/newcenschrom.afm
APPS	lout.lzh	996036	ok	lout/font/palatbol.afm
APPS	lout.lzh	996036	ok	lout/font/palatbolita.afm
APPS	lout.lzh	996036	ok	lout/font/palatita.afm
APPS	lout.lzh	996036	ok	lout/font/palatrom.afm
APPS	lout.lzh	996036	ok	lout/font/readme
APPS	lout.lzh	996036	ok	lout/font/symbo.afm
APPS	lout.lzh	996036	ok	lout/font/timesbol.afm
APPS	lout.lzh	996036	ok	lout/font/timesbolita.afm
APPS	lout.lzh	996036	ok	lout/font/timesita.afm
APPS	lout.lzh	996036	ok	lout/font/timesrom.afm
APPS	lout.lzh	996036	ok	lout/font/zapfchamedita.afm
APPS	lout.lzh	996036	ok	lout/font/zapfdin.afm
APPS	lout.lzh	996036	ok	lout/include/bl
APPS	lout.lzh	996036	ok	lout/include/book
APPS	lout.lzh	996036	ok	lout/include/dl
APPS	lout.lzh	996036	ok	lout/include/doc
APPS	lout.lzh	996036	ok	lout/include/eq
APPS	lout.lzh	996036	ok	lout/include/fig
APPS	lout.lzh	996036	ok	lout/include/fig_prepend
APPS	lout.lzh	996036	ok	lout/include/ft
APPS	lout.lzh	996036	ok	lout/include/pas
APPS	lout.lzh	996036	ok	lout/include/readme
APPS	lout.lzh	996036	ok	lout/include/report
APPS	lout.lzh	996036	ok	lout/include/rl
APPS	lout.lzh	996036	ok	lout/include/tab
APPS	lout.lzh	996036	ok	lout/include/tab_prepend
APPS	lout.lzh	996036	ok	lout/lout
APPS	lout.lzh	996036	ok	lout/makefile
APPS	lout.lzh	996036	ok	lout/makefile.osk
APPS	lout.lzh	996036	ok	lout/makefile.unix
APPS	lout.lzh	996036	ok	lout/man/lout.1
APPS	lout.lzh	996036	ok	lout/math_bsd.h
APPS	lout.lzh	996036	ok	lout/readme
APPS	lout.lzh	996036	ok	lout/readme.osk
APPS	lout.lzh	996036	ok	lout/z01.c
APPS	lout.lzh	996036	ok	lout/z02.c
APPS	lout.lzh	996036	ok	lout/z03.c
APPS	lout.lzh	996036	ok	lout/z04.c
APPS	lout.lzh	996036	ok	lout/z05.c
APPS	lout.lzh	996036	ok	lout/z06.c
APPS	lout.lzh	996036	ok	lout/z07.c
APPS	lout.lzh	996036	ok	lout/z08.c
APPS	lout.lzh	996036	ok	lout/z09.c
APPS	lout.lzh	996036	ok	lout/z10.c
APPS	lout.lzh	996036	ok	lout/z11.c
APPS	lout.lzh	996036	ok	lout/z12.c
APPS	lout.lzh	996036	ok	lout/z13.c
APPS	lout.lzh	996036	ok	lout/z14.c
APPS	lout.lzh	996036	ok	lout/z15.c
APPS	lout.lzh	996036	ok	lout/z16.c
APPS	lout.lzh	996036	ok	lout/z17.c
APPS	lout.lzh	996036	ok	lout/z18.c
APPS	lout.lzh	996036	ok	lout/z19.c
APPS	lout.lzh	996036	ok	lout/z20.c
APPS	lout.lzh	996036	ok	lout/z21.c
APPS	lout.lzh	996036	ok	lout/z22.c
APPS	lout.lzh	996036	ok	lout/z23.c
APPS	lout.lzh	996036	ok	lout/z24.c
APPS	lout.lzh	996036	ok	lout/z25.c
APPS	lout.lzh	996036	ok	lout/z26.c
APPS	lout.lzh	996036	ok	lout/z27.c
APPS	lout.lzh	996036	ok	lout/z28.c
APPS	lout.lzh	996036	ok	lout/z29.c
APPS	lout.lzh	996036	ok	lout/z30.c
APPS	lout.lzh	996036	ok	lout/z31.c
APPS	lout.lzh	996036	ok	lout/z32.c
APPS	lout.lzh	996036	ok	lout/z33.c
APPS	lout.lzh	996036	ok	lout/z34.c
APPS	lout.lzh	996036	ok	lout/z35.c
APPS	lout2.lzh	1531502	ok	LOUT2/
APPS	lout2.lzh	1531502	ok	LOUT2/DOC/
APPS	lout2.lzh	1531502	ok	LOUT2/DOC/README
APPS	lout2.lzh	1531502	ok	LOUT2/DOC/TR.BEGIN/
APPS	lout2.lzh	1531502	ok	LOUT2/DOC/TR.BEGIN/README
APPS	lout2.lzh	1531502	ok	LOUT2/DOC/TR.BEGIN/outfile.ps
APPS	lout2.lzh	1531502	ok	LOUT2/DOC/TR.BEGIN/s00
APPS	lout2.lzh	1531502	ok	LOUT2/DOC/TR.BEGIN/s01
APPS	lout2.lzh	1531502	ok	LOUT2/DOC/TR.BEGIN/s02
APPS	lout2.lzh	1531502	ok	LOUT2/DOC/TR.BEGIN/s03
APPS	lout2.lzh	1531502	ok	LOUT2/DOC/TR.BEGIN/s04
APPS	lout2.lzh	1531502	ok	LOUT2/DOC/TR.BEGIN/s05
APPS	lout2.lzh	1531502	ok	LOUT2/DOC/TR.BEGIN/s06
APPS	lout2.lzh	1531502	ok	LOUT2/DOC/TR.BEGIN/s07
APPS	lout2.lzh	1531502	ok	LOUT2/DOC/TR.BEGIN/s08
APPS	lout2.lzh	1531502	ok	LOUT2/DOC/TR.BEGIN/s09
APPS	lout2.lzh	1531502	ok	LOUT2/DOC/TR.BEGIN/s10
APPS	lout2.lzh	1531502	ok	LOUT2/DOC/TR.BEGIN/s11
APPS	lout2.lzh	1531502	ok	LOUT2/DOC/TR.BEGIN/s12
APPS	lout2.lzh	1531502	ok	LOUT2/DOC/TR.BEGIN/s13
APPS	lout2.lzh	1531502	ok	LOUT2/DOC/TR.BEGIN/s14
APPS	lout2.lzh	1531502	ok	LOUT2/DOC/TR.BEGIN/s15
APPS	lout2.lzh	1531502	ok	LOUT2/DOC/TR.BEGIN/s16
APPS	lout2.lzh	1531502	ok	LOUT2/DOC/TR.BEGIN/setup
APPS	lout2.lzh	1531502	ok	LOUT2/DOC/TR.EQ/
APPS	lout2.lzh	1531502	ok	LOUT2/DOC/TR.EQ/README
APPS	lout2.lzh	1531502	ok	LOUT2/DOC/TR.EQ/outfile.ps
APPS	lout2.lzh	1531502	ok	LOUT2/DOC/TR.EQ/s0
APPS	lout2.lzh	1531502	ok	LOUT2/DOC/TR.EQ/s1
APPS	lout2.lzh	1531502	ok	LOUT2/DOC/TR.EQ/s2
APPS	lout2.lzh	1531502	ok	LOUT2/DOC/TR.EQ/s3
APPS	lout2.lzh	1531502	ok	LOUT2/DOC/TR.EQ/s4
APPS	lout2.lzh	1531502	ok	LOUT2/DOC/TR.EQ/s5
APPS	lout2.lzh	1531502	ok	LOUT2/DOC/TR.EQ/s6
APPS	lout2.lzh	1531502	ok	LOUT2/DOC/TR.EQ/setup
APPS	lout2.lzh	1531502	ok	LOUT2/DOC/TR.FIG/
APPS	lout2.lzh	1531502	ok	LOUT2/DOC/TR.FIG/README
APPS	lout2.lzh	1531502	ok	LOUT2/DOC/TR.FIG/outfile.ps
APPS	lout2.lzh	1531502	ok	LOUT2/DOC/TR.FIG/s0
APPS	lout2.lzh	1531502	ok	LOUT2/DOC/TR.FIG/s1
APPS	lout2.lzh	1531502	ok	LOUT2/DOC/TR.FIG/s2
APPS	lout2.lzh	1531502	ok	LOUT2/DOC/TR.FIG/s3
APPS	lout2.lzh	1531502	ok	LOUT2/DOC/TR.FIG/s4
APPS	lout2.lzh	1531502	ok	LOUT2/DOC/TR.FIG/s5
APPS	lout2.lzh	1531502	ok	LOUT2/DOC/TR.FIG/s6
APPS	lout2.lzh	1531502	ok	LOUT2/DOC/TR.FIG/s7
APPS	lout2.lzh	1531502	ok	LOUT2/DOC/TR.FIG/s8
APPS	lout2.lzh	1531502	ok	LOUT2/DOC/TR.FIG/setup
APPS	lout2.lzh	1531502	ok	LOUT2/DOC/TR.IMPL/
APPS	lout2.lzh	1531502	ok	LOUT2/DOC/TR.IMPL/README
APPS	lout2.lzh	1531502	ok	LOUT2/DOC/TR.IMPL/oldrefs.ld
APPS	lout2.lzh	1531502	ok	LOUT2/DOC/TR.IMPL/oldrefs.li
APPS	lout2.lzh	1531502	ok	LOUT2/DOC/TR.IMPL/outfile.ps
APPS	lout2.lzh	1531502	ok	LOUT2/DOC/TR.IMPL/s0.0
APPS	lout2.lzh	1531502	ok	LOUT2/DOC/TR.IMPL/s1.0
APPS	lout2.lzh	1531502	ok	LOUT2/DOC/TR.IMPL/s2.0
APPS	lout2.lzh	1531502	ok	LOUT2/DOC/TR.IMPL/s2.1
APPS	lout2.lzh	1531502	ok	LOUT2/DOC/TR.IMPL/s2.2
APPS	lout2.lzh	1531502	ok	LOUT2/DOC/TR.IMPL/s2.3
APPS	lout2.lzh	1531502	ok	LOUT2/DOC/TR.IMPL/s2.4
APPS	lout2.lzh	1531502	ok	LOUT2/DOC/TR.IMPL/s2.5
APPS	lout2.lzh	1531502	ok	LOUT2/DOC/TR.IMPL/s2.9
APPS	lout2.lzh	1531502	ok	LOUT2/DOC/TR.IMPL/s3.0
APPS	lout2.lzh	1531502	ok	LOUT2/DOC/TR.IMPL/s3.1
APPS	lout2.lzh	1531502	ok	LOUT2/DOC/TR.IMPL/s3.2
APPS	lout2.lzh	1531502	ok	LOUT2/DOC/TR.IMPL/s3.3
APPS	lout2.lzh	1531502	ok	LOUT2/DOC/TR.IMPL/s3.4
APPS	lout2.lzh	1531502	ok	LOUT2/DOC/TR.IMPL/s3.9
APPS	lout2.lzh	1531502	ok	LOUT2/DOC/TR.IMPL/s4.0
APPS	lout2.lzh	1531502	ok	LOUT2/DOC/TR.IMPL/s5.0
APPS	lout2.lzh	1531502	ok	LOUT2/DOC/TR.IMPL/s5.1
APPS	lout2.lzh	1531502	ok	LOUT2/DOC/TR.IMPL/s5.2
APPS	lout2.lzh	1531502	ok	LOUT2/DOC/TR.IMPL/s5.3
APPS	lout2.lzh	1531502	ok	LOUT2/DOC/TR.IMPL/s5.4
APPS	lout2.lzh	1531502	ok	LOUT2/DOC/TR.IMPL/s5.5
APPS	lout2.lzh	1531502	ok	LOUT2/DOC/TR.IMPL/s5.9
APPS	lout2.lzh	1531502	ok	LOUT2/DOC/TR.IMPL/s6.0
APPS	lout2.lzh	1531502	ok	LOUT2/DOC/TR.IMPL/s6.1
APPS	lout2.lzh	1531502	ok	LOUT2/DOC/TR.IMPL/s6.2
APPS	lout2.lzh	1531502	ok	LOUT2/DOC/TR.IMPL/s6.9
APPS	lout2.lzh	1531502	ok	LOUT2/DOC/TR.IMPL/s7.0
APPS	lout2.lzh	1531502	ok	LOUT2/DOC/TR.IMPL/setup
APPS	lout2.lzh	1531502	ok	LOUT2/DOC/TR.LOUT/
APPS	lout2.lzh	1531502	ok	LOUT2/DOC/TR.LOUT/README
APPS	lout2.lzh	1531502	ok	LOUT2/DOC/TR.LOUT/ch0.00
APPS	lout2.lzh	1531502	ok	LOUT2/DOC/TR.LOUT/ch1.00
APPS	lout2.lzh	1531502	ok	LOUT2/DOC/TR.LOUT/ch1.01
APPS	lout2.lzh	1531502	ok	LOUT2/DOC/TR.LOUT/ch1.02
APPS	lout2.lzh	1531502	ok	LOUT2/DOC/TR.LOUT/ch1.03
APPS	lout2.lzh	1531502	ok	LOUT2/DOC/TR.LOUT/ch1.04
APPS	lout2.lzh	1531502	ok	LOUT2/DOC/TR.LOUT/ch1.99
APPS	lout2.lzh	1531502	ok	LOUT2/DOC/TR.LOUT/ch2.00
APPS	lout2.lzh	1531502	ok	LOUT2/DOC/TR.LOUT/ch2.01
APPS	lout2.lzh	1531502	ok	LOUT2/DOC/TR.LOUT/ch2.02
APPS	lout2.lzh	1531502	ok	LOUT2/DOC/TR.LOUT/ch2.03
APPS	lout2.lzh	1531502	ok	LOUT2/DOC/TR.LOUT/ch2.04
APPS	lout2.lzh	1531502	ok	LOUT2/DOC/TR.LOUT/ch2.05
APPS	lout2.lzh	1531502	ok	LOUT2/DOC/TR.LOUT/ch2.06
APPS	lout2.lzh	1531502	ok	LOUT2/DOC/TR.LOUT/ch2.99
APPS	lout2.lzh	1531502	ok	LOUT2/DOC/TR.LOUT/ch3.00
APPS	lout2.lzh	1531502	ok	LOUT2/DOC/TR.LOUT/ch3.01
APPS	lout2.lzh	1531502	ok	LOUT2/DOC/TR.LOUT/ch3.02
APPS	lout2.lzh	1531502	ok	LOUT2/DOC/TR.LOUT/ch3.03
APPS	lout2.lzh	1531502	ok	LOUT2/DOC/TR.LOUT/ch3.04
APPS	lout2.lzh	1531502	ok	LOUT2/DOC/TR.LOUT/ch3.05
APPS	lout2.lzh	1531502	ok	LOUT2/DOC/TR.LOUT/ch3.06
APPS	lout2.lzh	1531502	ok	LOUT2/DOC/TR.LOUT/ch3.07
APPS	lout2.lzh	1531502	ok	LOUT2/DOC/TR.LOUT/ch3.08
APPS	lout2.lzh	1531502	ok	LOUT2/DOC/TR.LOUT/ch3.09
APPS	lout2.lzh	1531502	ok	LOUT2/DOC/TR.LOUT/ch3.10
APPS	lout2.lzh	1531502	ok	LOUT2/DOC/TR.LOUT/ch3.11
APPS	lout2.lzh	1531502	ok	LOUT2/DOC/TR.LOUT/ch3.12
APPS	lout2.lzh	1531502	ok	LOUT2/DOC/TR.LOUT/ch3.13
APPS	lout2.lzh	1531502	ok	LOUT2/DOC/TR.LOUT/ch3.14
APPS	lout2.lzh	1531502	ok	LOUT2/DOC/TR.LOUT/ch3.15
APPS	lout2.lzh	1531502	ok	LOUT2/DOC/TR.LOUT/ch3.16
APPS	lout2.lzh	1531502	ok	LOUT2/DOC/TR.LOUT/ch3.17
APPS	lout2.lzh	1531502	ok	LOUT2/DOC/TR.LOUT/ch3.18
APPS	lout2.lzh	1531502	ok	LOUT2/DOC/TR.LOUT/ch3.19
APPS	lout2.lzh	1531502	ok	LOUT2/DOC/TR.LOUT/ch3.20
APPS	lout2.lzh	1531502	ok	LOUT2/DOC/TR.LOUT/ch3.21
APPS	lout2.lzh	1531502	ok	LOUT2/DOC/TR.LOUT/ch3.22
APPS	lout2.lzh	1531502	ok	LOUT2/DOC/TR.LOUT/ch3.23
APPS	lout2.lzh	1531502	ok	LOUT2/DOC/TR.LOUT/ch3.24
APPS	lout2.lzh	1531502	ok	LOUT2/DOC/TR.LOUT/ch3.25
APPS	lout2.lzh	1531502	ok	LOUT2/DOC/TR.LOUT/ch3.26
APPS	lout2.lzh	1531502	ok	LOUT2/DOC/TR.LOUT/ch3.99
APPS	lout2.lzh	1531502	ok	LOUT2/DOC/TR.LOUT/ch4.00
APPS	lout2.lzh	1531502	ok	LOUT2/DOC/TR.LOUT/ch4.01
APPS	lout2.lzh	1531502	ok	LOUT2/DOC/TR.LOUT/ch4.02
APPS	lout2.lzh	1531502	ok	LOUT2/DOC/TR.LOUT/ch4.03
APPS	lout2.lzh	1531502	ok	LOUT2/DOC/TR.LOUT/ch4.04
APPS	lout2.lzh	1531502	ok	LOUT2/DOC/TR.LOUT/ch4.05
APPS	lout2.lzh	1531502	ok	LOUT2/DOC/TR.LOUT/ch4.99
APPS	lout2.lzh	1531502	ok	LOUT2/DOC/TR.LOUT/outfile.ps
APPS	lout2.lzh	1531502	ok	LOUT2/DOC/TR.LOUT/setup
APPS	lout2.lzh	1531502	ok	LOUT2/DOC/TR.OVER/
APPS	lout2.lzh	1531502	ok	LOUT2/DOC/TR.OVER/README
APPS	lout2.lzh	1531502	ok	LOUT2/DOC/TR.OVER/outfile.ps
APPS	lout2.lzh	1531502	ok	LOUT2/DOC/TR.OVER/s0
APPS	lout2.lzh	1531502	ok	LOUT2/DOC/TR.OVER/s1
APPS	lout2.lzh	1531502	ok	LOUT2/DOC/TR.OVER/s2
APPS	lout2.lzh	1531502	ok	LOUT2/DOC/TR.OVER/s3
APPS	lout2.lzh	1531502	ok	LOUT2/DOC/TR.OVER/s4
APPS	lout2.lzh	1531502	ok	LOUT2/DOC/TR.OVER/s5
APPS	lout2.lzh	1531502	ok	LOUT2/DOC/TR.OVER/s6
APPS	lout2.lzh	1531502	ok	LOUT2/DOC/TR.OVER/s7
APPS	lout2.lzh	1531502	ok	LOUT2/DOC/TR.OVER/setup
APPS	lout2.lzh	1531502	ok	LOUT2/DOC/TR.TAB/
APPS	lout2.lzh	1531502	ok	LOUT2/DOC/TR.TAB/README
APPS	lout2.lzh	1531502	ok	LOUT2/DOC/TR.TAB/outfile.ps
APPS	lout2.lzh	1531502	ok	LOUT2/DOC/TR.TAB/s0
APPS	lout2.lzh	1531502	ok	LOUT2/DOC/TR.TAB/s1
APPS	lout2.lzh	1531502	ok	LOUT2/DOC/TR.TAB/s2
APPS	lout2.lzh	1531502	ok	LOUT2/DOC/TR.TAB/s3
APPS	lout2.lzh	1531502	ok	LOUT2/DOC/TR.TAB/s4
APPS	lout2.lzh	1531502	ok	LOUT2/DOC/TR.TAB/s5
APPS	lout2.lzh	1531502	ok	LOUT2/DOC/TR.TAB/s6
APPS	lout2.lzh	1531502	ok	LOUT2/DOC/TR.TAB/s7
APPS	lout2.lzh	1531502	ok	LOUT2/DOC/TR.TAB/setup
APPS	lout2.lzh	1531502	ok	LOUT2/LIB/
APPS	lout2.lzh	1531502	ok	LOUT2/LIB/data/
APPS	lout2.lzh	1531502	ok	LOUT2/LIB/data/README
APPS	lout2.lzh	1531502	ok	LOUT2/LIB/data/loutrefs.ld
APPS	lout2.lzh	1531502	ok	LOUT2/LIB/data/loutrefs.li
APPS	lout2.lzh	1531502	ok	LOUT2/LIB/data/refstyles.ld
APPS	lout2.lzh	1531502	ok	LOUT2/LIB/data/refstyles.li
APPS	lout2.lzh	1531502	ok	LOUT2/LIB/data/standard.ld
APPS	lout2.lzh	1531502	ok	LOUT2/LIB/data/standard.li
APPS	lout2.lzh	1531502	ok	LOUT2/LIB/evec/
APPS	lout2.lzh	1531502	ok	LOUT2/LIB/evec/Ding.CEV
APPS	lout2.lzh	1531502	ok	LOUT2/LIB/evec/Latin1.CEV
APPS	lout2.lzh	1531502	ok	LOUT2/LIB/evec/LoutLatin1.CEV
APPS	lout2.lzh	1531502	ok	LOUT2/LIB/evec/README
APPS	lout2.lzh	1531502	ok	LOUT2/LIB/evec/Std.CEV
APPS	lout2.lzh	1531502	ok	LOUT2/LIB/evec/Symb.CEV
APPS	lout2.lzh	1531502	ok	LOUT2/LIB/evec/null.dec
APPS	lout2.lzh	1531502	ok	LOUT2/LIB/evec/null.oct
APPS	lout2.lzh	1531502	ok	LOUT2/LIB/font/
APPS	lout2.lzh	1531502	ok	LOUT2/LIB/font/AvantGarBoo.AFM
APPS	lout2.lzh	1531502	ok	LOUT2/LIB/font/AvantGarBooObl.AFM
APPS	lout2.lzh	1531502	ok	LOUT2/LIB/font/AvantGarDem.AFM
APPS	lout2.lzh	1531502	ok	LOUT2/LIB/font/AvantGarDemObl.AFM
APPS	lout2.lzh	1531502	ok	LOUT2/LIB/font/BookmDem.AFM
APPS	lout2.lzh	1531502	ok	LOUT2/LIB/font/BookmDemIta.AFM
APPS	lout2.lzh	1531502	ok	LOUT2/LIB/font/BookmLig.AFM
APPS	lout2.lzh	1531502	ok	LOUT2/LIB/font/BookmLigIta.AFM
APPS	lout2.lzh	1531502	ok	LOUT2/LIB/font/Couri.AFM
APPS	lout2.lzh	1531502	ok	LOUT2/LIB/font/CouriBol.AFM
APPS	lout2.lzh	1531502	ok	LOUT2/LIB/font/CouriBolObl.AFM
APPS	lout2.lzh	1531502	ok	LOUT2/LIB/font/CouriObl.AFM
APPS	lout2.lzh	1531502	ok	LOUT2/LIB/font/Helve.AFM
APPS	lout2.lzh	1531502	ok	LOUT2/LIB/font/HelveBol.AFM
APPS	lout2.lzh	1531502	ok	LOUT2/LIB/font/HelveBolObl.AFM
APPS	lout2.lzh	1531502	ok	LOUT2/LIB/font/HelveCon.AFM
APPS	lout2.lzh	1531502	ok	LOUT2/LIB/font/HelveConBol.AFM
APPS	lout2.lzh	1531502	ok	LOUT2/LIB/font/HelveConBolObl.AFM
APPS	lout2.lzh	1531502	ok	LOUT2/LIB/font/HelveConObl.AFM
APPS	lout2.lzh	1531502	ok	LOUT2/LIB/font/HelveNar.AFM
APPS	lout2.lzh	1531502	ok	LOUT2/LIB/font/HelveNarBol.AFM
APPS	lout2.lzh	1531502	ok	LOUT2/LIB/font/HelveNarBolObl.AFM
APPS	lout2.lzh	1531502	ok	LOUT2/LIB/font/HelveNarObl.AFM
APPS	lout2.lzh	1531502	ok	LOUT2/LIB/font/HelveObl.AFM
APPS	lout2.lzh	1531502	ok	LOUT2/LIB/font/NewCenSchBol.AFM
APPS	lout2.lzh	1531502	ok	LOUT2/LIB/font/NewCenSchBolIta.AFM
APPS	lout2.lzh	1531502	ok	LOUT2/LIB/font/NewCenSchIta.AFM
APPS	lout2.lzh	1531502	ok	LOUT2/LIB/font/NewCenSchRom.AFM
APPS	lout2.lzh	1531502	ok	LOUT2/LIB/font/PalatBol.AFM
APPS	lout2.lzh	1531502	ok	LOUT2/LIB/font/PalatBolIta.AFM
APPS	lout2.lzh	1531502	ok	LOUT2/LIB/font/PalatIta.AFM
APPS	lout2.lzh	1531502	ok	LOUT2/LIB/font/PalatRom.AFM
APPS	lout2.lzh	1531502	ok	LOUT2/LIB/font/README
APPS	lout2.lzh	1531502	ok	LOUT2/LIB/font/Symbo.AFM
APPS	lout2.lzh	1531502	ok	LOUT2/LIB/font/TimesBol.AFM
APPS	lout2.lzh	1531502	ok	LOUT2/LIB/font/TimesBolIta.AFM
APPS	lout2.lzh	1531502	ok	LOUT2/LIB/font/TimesIta.AFM
APPS	lout2.lzh	1531502	ok	LOUT2/LIB/font/TimesRom.AFM
APPS	lout2.lzh	1531502	ok	LOUT2/LIB/font/ZapfChaMedIta.AFM
APPS	lout2.lzh	1531502	ok	LOUT2/LIB/font/ZapfDin.AFM
APPS	lout2.lzh	1531502	ok	LOUT2/LIB/include/
APPS	lout2.lzh	1531502	ok	LOUT2/LIB/include/README
APPS	lout2.lzh	1531502	ok	LOUT2/LIB/include/book
APPS	lout2.lzh	1531502	ok	LOUT2/LIB/include/dl
APPS	lout2.lzh	1531502	ok	LOUT2/LIB/include/doc
APPS	lout2.lzh	1531502	ok	LOUT2/LIB/include/eq
APPS	lout2.lzh	1531502	ok	LOUT2/LIB/include/fig
APPS	lout2.lzh	1531502	ok	LOUT2/LIB/include/fig_prepend
APPS	lout2.lzh	1531502	ok	LOUT2/LIB/include/fontdefs0
APPS	lout2.lzh	1531502	ok	LOUT2/LIB/include/fontdefs1
APPS	lout2.lzh	1531502	ok	LOUT2/LIB/include/ft
APPS	lout2.lzh	1531502	ok	LOUT2/LIB/include/lout.hyph
APPS	lout2.lzh	1531502	ok	LOUT2/LIB/include/lout.hyph.pk
APPS	lout2.lzh	1531502	ok	LOUT2/LIB/include/pas
APPS	lout2.lzh	1531502	ok	LOUT2/LIB/include/report
APPS	lout2.lzh	1531502	ok	LOUT2/LIB/include/tab
APPS	lout2.lzh	1531502	ok	LOUT2/LIB/include/tab_prepend
APPS	lout2.lzh	1531502	ok	LOUT2/LIB/include/tl
APPS	lout2.lzh	1531502	ok	LOUT2/MAN/
APPS	lout2.lzh	1531502	ok	LOUT2/MAN/lout.1
APPS	lout2.lzh	1531502	ok	LOUT2/MAN/lout.1.ps
APPS	lout2.lzh	1531502	ok	LOUT2/Makefile
APPS	lout2.lzh	1531502	ok	LOUT2/README
APPS	lout2.lzh	1531502	ok	LOUT2/externs
APPS	lout2.lzh	1531502	ok	LOUT2/gnu.gpl
APPS	lout2.lzh	1531502	ok	LOUT2/hyph.install
APPS	lout2.lzh	1531502	ok	LOUT2/lout
APPS	lout2.lzh	1531502	ok	LOUT2/lout.li
APPS	lout2.lzh	1531502	ok	LOUT2/makefile.org
APPS	lout2.lzh	1531502	ok	LOUT2/math_bsd.h
APPS	lout2.lzh	1531502	ok	LOUT2/news.blurb
APPS	lout2.lzh	1531502	ok	LOUT2/test
APPS	lout2.lzh	1531502	ok	LOUT2/test.ld
APPS	lout2.lzh	1531502	ok	LOUT2/z01.c
APPS	lout2.lzh	1531502	ok	LOUT2/z01.r
APPS	lout2.lzh	1531502	ok	LOUT2/z02.c
APPS	lout2.lzh	1531502	ok	LOUT2/z02.r
APPS	lout2.lzh	1531502	ok	LOUT2/z03.c
APPS	lout2.lzh	1531502	ok	LOUT2/z03.r
APPS	lout2.lzh	1531502	ok	LOUT2/z04.c
APPS	lout2.lzh	1531502	ok	LOUT2/z04.r
APPS	lout2.lzh	1531502	ok	LOUT2/z05.c
APPS	lout2.lzh	1531502	ok	LOUT2/z05.r
APPS	lout2.lzh	1531502	ok	LOUT2/z06.c
APPS	lout2.lzh	1531502	ok	LOUT2/z06.r
APPS	lout2.lzh	1531502	ok	LOUT2/z07.c
APPS	lout2.lzh	1531502	ok	LOUT2/z07.r
APPS	lout2.lzh	1531502	ok	LOUT2/z08.c
APPS	lout2.lzh	1531502	ok	LOUT2/z08.r
APPS	lout2.lzh	1531502	ok	LOUT2/z09.c
APPS	lout2.lzh	1531502	ok	LOUT2/z09.r
APPS	lout2.lzh	1531502	ok	LOUT2/z10.c
APPS	lout2.lzh	1531502	ok	LOUT2/z10.r
APPS	lout2.lzh	1531502	ok	LOUT2/z11.c
APPS	lout2.lzh	1531502	ok	LOUT2/z11.r
APPS	lout2.lzh	1531502	ok	LOUT2/z12.c
APPS	lout2.lzh	1531502	ok	LOUT2/z12.r
APPS	lout2.lzh	1531502	ok	LOUT2/z13.c
APPS	lout2.lzh	1531502	ok	LOUT2/z13.r
APPS	lout2.lzh	1531502	ok	LOUT2/z14.c
APPS	lout2.lzh	1531502	ok	LOUT2/z14.r
APPS	lout2.lzh	1531502	ok	LOUT2/z15.c
APPS	lout2.lzh	1531502	ok	LOUT2/z15.r
APPS	lout2.lzh	1531502	ok	LOUT2/z16.c
APPS	lout2.lzh	1531502	ok	LOUT2/z16.r
APPS	lout2.lzh	1531502	ok	LOUT2/z17.c
APPS	lout2.lzh	1531502	ok	LOUT2/z17.r
APPS	lout2.lzh	1531502	ok	LOUT2/z18.c
APPS	lout2.lzh	1531502	ok	LOUT2/z18.r
APPS	lout2.lzh	1531502	ok	LOUT2/z19.c
APPS	lout2.lzh	1531502	ok	LOUT2/z19.r
APPS	lout2.lzh	1531502	ok	LOUT2/z2.r
APPS	lout2.lzh	1531502	ok	LOUT2/z20.a
APPS	lout2.lzh	1531502	ok	LOUT2/z20.c
APPS	lout2.lzh	1531502	ok	LOUT2/z20.r
APPS	lout2.lzh	1531502	ok	LOUT2/z21.c
APPS	lout2.lzh	1531502	ok	LOUT2/z21.r
APPS	lout2.lzh	1531502	ok	LOUT2/z22.c
APPS	lout2.lzh	1531502	ok	LOUT2/z22.r
APPS	lout2.lzh	1531502	ok	LOUT2/z23.c
APPS	lout2.lzh	1531502	ok	LOUT2/z23.r
APPS	lout2.lzh	1531502	ok	LOUT2/z24.c
APPS	lout2.lzh	1531502	ok	LOUT2/z24.r
APPS	lout2.lzh	1531502	ok	LOUT2/z25.c
APPS	lout2.lzh	1531502	ok	LOUT2/z25.r
APPS	lout2.lzh	1531502	ok	LOUT2/z26.c
APPS	lout2.lzh	1531502	ok	LOUT2/z26.r
APPS	lout2.lzh	1531502	ok	LOUT2/z27.c
APPS	lout2.lzh	1531502	ok	LOUT2/z27.r
APPS	lout2.lzh	1531502	ok	LOUT2/z28.c
APPS	lout2.lzh	1531502	ok	LOUT2/z28.r
APPS	lout2.lzh	1531502	ok	LOUT2/z29.c
APPS	lout2.lzh	1531502	ok	LOUT2/z29.r
APPS	lout2.lzh	1531502	ok	LOUT2/z30.c
APPS	lout2.lzh	1531502	ok	LOUT2/z30.r
APPS	lout2.lzh	1531502	ok	LOUT2/z31.c
APPS	lout2.lzh	1531502	ok	LOUT2/z31.r
APPS	lout2.lzh	1531502	ok	LOUT2/z32.c
APPS	lout2.lzh	1531502	ok	LOUT2/z32.r
APPS	lout2.lzh	1531502	ok	LOUT2/z33.c
APPS	lout2.lzh	1531502	ok	LOUT2/z33.r
APPS	lout2.lzh	1531502	ok	LOUT2/z34.c
APPS	lout2.lzh	1531502	ok	LOUT2/z34.r
APPS	lout2.lzh	1531502	ok	LOUT2/z35.c
APPS	lout2.lzh	1531502	ok	LOUT2/z35.r
APPS	lout2.lzh	1531502	ok	LOUT2/z36.c
APPS	lout2.lzh	1531502	ok	LOUT2/z36.r
APPS	lout2.lzh	1531502	ok	LOUT2/z37.c
APPS	lout2.lzh	1531502	ok	LOUT2/z37.r
APPS	lout2.lzh	1531502	ok	LOUT2/z38.c
APPS	lout2.lzh	1531502	ok	LOUT2/z38.r
APPS	lout2.lzh	1531502	ok	LOUT2/z39.c
APPS	lout2.lzh	1531502	ok	LOUT2/z39.r
APPS	macutils.lzh	487710	ok	MACUTILS/00contents
APPS	macutils.lzh	487710	ok	MACUTILS/BINHEX/
APPS	macutils.lzh	487710	ok	MACUTILS/BINHEX/00Contents
APPS	macutils.lzh	487710	ok	MACUTILS/BINHEX/binhex.c
APPS	macutils.lzh	487710	ok	MACUTILS/BINHEX/binhex.r
APPS	macutils.lzh	487710	ok	MACUTILS/BINHEX/dofile.c
APPS	macutils.lzh	487710	ok	MACUTILS/BINHEX/dofile.r
APPS	macutils.lzh	487710	ok	MACUTILS/BINHEX/makefile
APPS	macutils.lzh	487710	ok	MACUTILS/BINHEX/makefile.unix
APPS	macutils.lzh	487710	ok	MACUTILS/CMDS/
APPS	macutils.lzh	487710	ok	MACUTILS/CMDS/binhex
APPS	macutils.lzh	487710	ok	MACUTILS/CMDS/hexbin
APPS	macutils.lzh	487710	ok	MACUTILS/CMDS/macbin
APPS	macutils.lzh	487710	ok	MACUTILS/CMDS/macsave
APPS	macutils.lzh	487710	ok	MACUTILS/CMDS/macstream
APPS	macutils.lzh	487710	ok	MACUTILS/CMDS/macunpac
APPS	macutils.lzh	487710	ok	MACUTILS/CMDS/mcvert
APPS	macutils.lzh	487710	ok	MACUTILS/CMDS/unmacpack
APPS	macutils.lzh	487710	ok	MACUTILS/CMDS/unsit
APPS	macutils.lzh	487710	ok	MACUTILS/CMDS/unsit_DJL
APPS	macutils.lzh	487710	ok	MACUTILS/COMM/
APPS	macutils.lzh	487710	ok	MACUTILS/COMM/00Contents
APPS	macutils.lzh	487710	ok	MACUTILS/COMM/comm.h
APPS	macutils.lzh	487710	ok	MACUTILS/COMM/frommac.c
APPS	macutils.lzh	487710	ok	MACUTILS/COMM/globals.c
APPS	macutils.lzh	487710	ok	MACUTILS/COMM/globals.h
APPS	macutils.lzh	487710	ok	MACUTILS/COMM/makefile
APPS	macutils.lzh	487710	ok	MACUTILS/COMM/protocol.h
APPS	macutils.lzh	487710	ok	MACUTILS/COMM/tomac.c
APPS	macutils.lzh	487710	ok	MACUTILS/COMM/tty.c
APPS	macutils.lzh	487710	ok	MACUTILS/COMM/xm_from.c
APPS	macutils.lzh	487710	ok	MACUTILS/COMM/xm_to.c
APPS	macutils.lzh	487710	ok	MACUTILS/COMM/ym_from.c
APPS	macutils.lzh	487710	ok	MACUTILS/COMM/ym_to.c
APPS	macutils.lzh	487710	ok	MACUTILS/COMM/zm_from.c
APPS	macutils.lzh	487710	ok	MACUTILS/COMM/zm_to.c
APPS	macutils.lzh	487710	ok	MACUTILS/CRC/
APPS	macutils.lzh	487710	ok	MACUTILS/CRC/00Contents
APPS	macutils.lzh	487710	ok	MACUTILS/CRC/arc.c
APPS	macutils.lzh	487710	ok	MACUTILS/CRC/arc.r
APPS	macutils.lzh	487710	ok	MACUTILS/CRC/binhex.c
APPS	macutils.lzh	487710	ok	MACUTILS/CRC/binhex.r
APPS	macutils.lzh	487710	ok	MACUTILS/CRC/ccitt.c
APPS	macutils.lzh	487710	ok	MACUTILS/CRC/ccitt.r
APPS	macutils.lzh	487710	ok	MACUTILS/CRC/ccitt32.c
APPS	macutils.lzh	487710	ok	MACUTILS/CRC/ccitt32.r
APPS	macutils.lzh	487710	ok	MACUTILS/CRC/kermit.c
APPS	macutils.lzh	487710	ok	MACUTILS/CRC/kermit.r
APPS	macutils.lzh	487710	ok	MACUTILS/CRC/libcrc.l
APPS	macutils.lzh	487710	ok	MACUTILS/CRC/makecrc
APPS	macutils.lzh	487710	ok	MACUTILS/CRC/makecrc.c
APPS	macutils.lzh	487710	ok	MACUTILS/CRC/makefile
APPS	macutils.lzh	487710	ok	MACUTILS/CRC/makefile.unix
APPS	macutils.lzh	487710	ok	MACUTILS/CRC/zip.c
APPS	macutils.lzh	487710	ok	MACUTILS/CRC/zip.r
APPS	macutils.lzh	487710	ok	MACUTILS/DOC/
APPS	macutils.lzh	487710	ok	MACUTILS/DOC/00Contents
APPS	macutils.lzh	487710	ok	MACUTILS/DOC/README.crc
APPS	macutils.lzh	487710	ok	MACUTILS/DOC/README.crc.orig
APPS	macutils.lzh	487710	ok	MACUTILS/DOC/README.hexbin
APPS	macutils.lzh	487710	ok	MACUTILS/DOC/README.macget
APPS	macutils.lzh	487710	ok	MACUTILS/DOC/README.macput
APPS	macutils.lzh	487710	ok	MACUTILS/DOC/README.scan
APPS	macutils.lzh	487710	ok	MACUTILS/DOC/README.unpit
APPS	macutils.lzh	487710	ok	MACUTILS/DOC/README.unsit
APPS	macutils.lzh	487710	ok	MACUTILS/DOC/README.zoom
APPS	macutils.lzh	487710	ok	MACUTILS/FILEIO/
APPS	macutils.lzh	487710	ok	MACUTILS/FILEIO/00Contents
APPS	macutils.lzh	487710	ok	MACUTILS/FILEIO/appledouble.h
APPS	macutils.lzh	487710	ok	MACUTILS/FILEIO/aufs.h
APPS	macutils.lzh	487710	ok	MACUTILS/FILEIO/fileglob.c
APPS	macutils.lzh	487710	ok	MACUTILS/FILEIO/fileglob.h
APPS	macutils.lzh	487710	ok	MACUTILS/FILEIO/fileglob.r
APPS	macutils.lzh	487710	ok	MACUTILS/FILEIO/kind.h
APPS	macutils.lzh	487710	ok	MACUTILS/FILEIO/machdr.h
APPS	macutils.lzh	487710	ok	MACUTILS/FILEIO/makefile
APPS	macutils.lzh	487710	ok	MACUTILS/FILEIO/makefile.unix
APPS	macutils.lzh	487710	ok	MACUTILS/FILEIO/rdfile.c
APPS	macutils.lzh	487710	ok	MACUTILS/FILEIO/rdfile.h
APPS	macutils.lzh	487710	ok	MACUTILS/FILEIO/rdfile.r
APPS	macutils.lzh	487710	ok	MACUTILS/FILEIO/rdfileopt.h
APPS	macutils.lzh	487710	ok	MACUTILS/FILEIO/wrfile.c
APPS	macutils.lzh	487710	ok	MACUTILS/FILEIO/wrfile.h
APPS	macutils.lzh	487710	ok	MACUTILS/FILEIO/wrfile.r
APPS	macutils.lzh	487710	ok	MACUTILS/FILEIO/wrfileopt.h
APPS	macutils.lzh	487710	ok	MACUTILS/HEXBIN/
APPS	macutils.lzh	487710	ok	MACUTILS/HEXBIN/00Contents
APPS	macutils.lzh	487710	ok	MACUTILS/HEXBIN/buffer.c
APPS	macutils.lzh	487710	ok	MACUTILS/HEXBIN/buffer.h
APPS	macutils.lzh	487710	ok	MACUTILS/HEXBIN/buffer.r
APPS	macutils.lzh	487710	ok	MACUTILS/HEXBIN/crc.c
APPS	macutils.lzh	487710	ok	MACUTILS/HEXBIN/crc.h
APPS	macutils.lzh	487710	ok	MACUTILS/HEXBIN/crc.r
APPS	macutils.lzh	487710	ok	MACUTILS/HEXBIN/dl.c
APPS	macutils.lzh	487710	ok	MACUTILS/HEXBIN/dl.r
APPS	macutils.lzh	487710	ok	MACUTILS/HEXBIN/globals.c
APPS	macutils.lzh	487710	ok	MACUTILS/HEXBIN/globals.h
APPS	macutils.lzh	487710	ok	MACUTILS/HEXBIN/globals.r
APPS	macutils.lzh	487710	ok	MACUTILS/HEXBIN/hecx.c
APPS	macutils.lzh	487710	ok	MACUTILS/HEXBIN/hecx.r
APPS	macutils.lzh	487710	ok	MACUTILS/HEXBIN/hexbin.c
APPS	macutils.lzh	487710	ok	MACUTILS/HEXBIN/hexbin.h
APPS	macutils.lzh	487710	ok	MACUTILS/HEXBIN/hexbin.r
APPS	macutils.lzh	487710	ok	MACUTILS/HEXBIN/hqx.c
APPS	macutils.lzh	487710	ok	MACUTILS/HEXBIN/hqx.diff
APPS	macutils.lzh	487710	ok	MACUTILS/HEXBIN/hqx.r
APPS	macutils.lzh	487710	ok	MACUTILS/HEXBIN/makefile
APPS	macutils.lzh	487710	ok	MACUTILS/HEXBIN/makefile.unix
APPS	macutils.lzh	487710	ok	MACUTILS/HEXBIN/mu.c
APPS	macutils.lzh	487710	ok	MACUTILS/HEXBIN/mu.r
APPS	macutils.lzh	487710	ok	MACUTILS/HEXBIN/printhdr.c
APPS	macutils.lzh	487710	ok	MACUTILS/HEXBIN/printhdr.h
APPS	macutils.lzh	487710	ok	MACUTILS/HEXBIN/printhdr.r
APPS	macutils.lzh	487710	ok	MACUTILS/HEXBIN/readline.c
APPS	macutils.lzh	487710	ok	MACUTILS/HEXBIN/readline.h
APPS	macutils.lzh	487710	ok	MACUTILS/HEXBIN/readline.r
APPS	macutils.lzh	487710	ok	MACUTILS/MACUNPACK/
APPS	macutils.lzh	487710	ok	MACUTILS/MACUNPACK/00Contents
APPS	macutils.lzh	487710	ok	MACUTILS/MACUNPACK/UnMacpack
APPS	macutils.lzh	487710	ok	MACUTILS/MACUNPACK/arc.h
APPS	macutils.lzh	487710	ok	MACUTILS/MACUNPACK/bin.c
APPS	macutils.lzh	487710	ok	MACUTILS/MACUNPACK/bin.r
APPS	macutils.lzh	487710	ok	MACUTILS/MACUNPACK/bits_be.c
APPS	macutils.lzh	487710	ok	MACUTILS/MACUNPACK/bits_be.h
APPS	macutils.lzh	487710	ok	MACUTILS/MACUNPACK/bits_be.r
APPS	macutils.lzh	487710	ok	MACUTILS/MACUNPACK/cpt.c
APPS	macutils.lzh	487710	ok	MACUTILS/MACUNPACK/cpt.h
APPS	macutils.lzh	487710	ok	MACUTILS/MACUNPACK/cpt.r
APPS	macutils.lzh	487710	ok	MACUTILS/MACUNPACK/crc.c
APPS	macutils.lzh	487710	ok	MACUTILS/MACUNPACK/crc.h
APPS	macutils.lzh	487710	ok	MACUTILS/MACUNPACK/crc.r
APPS	macutils.lzh	487710	ok	MACUTILS/MACUNPACK/dd.c
APPS	macutils.lzh	487710	ok	MACUTILS/MACUNPACK/dd.h
APPS	macutils.lzh	487710	ok	MACUTILS/MACUNPACK/dd.r
APPS	macutils.lzh	487710	ok	MACUTILS/MACUNPACK/de_compress.c
APPS	macutils.lzh	487710	ok	MACUTILS/MACUNPACK/de_compress.r
APPS	macutils.lzh	487710	ok	MACUTILS/MACUNPACK/de_huffman.c
APPS	macutils.lzh	487710	ok	MACUTILS/MACUNPACK/de_huffman.r
APPS	macutils.lzh	487710	ok	MACUTILS/MACUNPACK/de_lzah.c
APPS	macutils.lzh	487710	ok	MACUTILS/MACUNPACK/de_lzah.r
APPS	macutils.lzh	487710	ok	MACUTILS/MACUNPACK/de_lzh.c
APPS	macutils.lzh	487710	ok	MACUTILS/MACUNPACK/de_lzh.r
APPS	macutils.lzh	487710	ok	MACUTILS/MACUNPACK/dia.c
APPS	macutils.lzh	487710	ok	MACUTILS/MACUNPACK/dia.h
APPS	macutils.lzh	487710	ok	MACUTILS/MACUNPACK/dia.r
APPS	macutils.lzh	487710	ok	MACUTILS/MACUNPACK/dir.c
APPS	macutils.lzh	487710	ok	MACUTILS/MACUNPACK/dir.r
APPS	macutils.lzh	487710	ok	MACUTILS/MACUNPACK/fputc.c
APPS	macutils.lzh	487710	ok	MACUTILS/MACUNPACK/fputc.r
APPS	macutils.lzh	487710	ok	MACUTILS/MACUNPACK/globals.c
APPS	macutils.lzh	487710	ok	MACUTILS/MACUNPACK/globals.h
APPS	macutils.lzh	487710	ok	MACUTILS/MACUNPACK/globals.r
APPS	macutils.lzh	487710	ok	MACUTILS/MACUNPACK/huffman.h
APPS	macutils.lzh	487710	ok	MACUTILS/MACUNPACK/jdw.c
APPS	macutils.lzh	487710	ok	MACUTILS/MACUNPACK/jdw.h
APPS	macutils.lzh	487710	ok	MACUTILS/MACUNPACK/jdw.r
APPS	macutils.lzh	487710	ok	MACUTILS/MACUNPACK/lzc.c
APPS	macutils.lzh	487710	ok	MACUTILS/MACUNPACK/lzc.h
APPS	macutils.lzh	487710	ok	MACUTILS/MACUNPACK/lzc.r
APPS	macutils.lzh	487710	ok	MACUTILS/MACUNPACK/lzh.c
APPS	macutils.lzh	487710	ok	MACUTILS/MACUNPACK/lzh.h
APPS	macutils.lzh	487710	ok	MACUTILS/MACUNPACK/lzh.r
APPS	macutils.lzh	487710	ok	MACUTILS/MACUNPACK/macbinary.c
APPS	macutils.lzh	487710	ok	MACUTILS/MACUNPACK/macbinary.r
APPS	macutils.lzh	487710	ok	MACUTILS/MACUNPACK/macunpack.c
APPS	macutils.lzh	487710	ok	MACUTILS/MACUNPACK/macunpack.h
APPS	macutils.lzh	487710	ok	MACUTILS/MACUNPACK/macunpack.r
APPS	macutils.lzh	487710	ok	MACUTILS/MACUNPACK/makefile
APPS	macutils.lzh	487710	ok	MACUTILS/MACUNPACK/makefile.unix
APPS	macutils.lzh	487710	ok	MACUTILS/MACUNPACK/mcb.c
APPS	macutils.lzh	487710	ok	MACUTILS/MACUNPACK/mcb.r
APPS	macutils.lzh	487710	ok	MACUTILS/MACUNPACK/osk.h
APPS	macutils.lzh	487710	ok	MACUTILS/MACUNPACK/pit.c
APPS	macutils.lzh	487710	ok	MACUTILS/MACUNPACK/pit.h
APPS	macutils.lzh	487710	ok	MACUTILS/MACUNPACK/pit.r
APPS	macutils.lzh	487710	ok	MACUTILS/MACUNPACK/sit.c
APPS	macutils.lzh	487710	ok	MACUTILS/MACUNPACK/sit.h
APPS	macutils.lzh	487710	ok	MACUTILS/MACUNPACK/sit.r
APPS	macutils.lzh	487710	ok	MACUTILS/MACUNPACK/stf.c
APPS	macutils.lzh	487710	ok	MACUTILS/MACUNPACK/stf.h
APPS	macutils.lzh	487710	ok	MACUTILS/MACUNPACK/stf.r
APPS	macutils.lzh	487710	ok	MACUTILS/MACUNPACK/zma.c
APPS	macutils.lzh	487710	ok	MACUTILS/MACUNPACK/zma.h
APPS	macutils.lzh	487710	ok	MACUTILS/MACUNPACK/zma.r
APPS	macutils.lzh	487710	ok	MACUTILS/MACUNPACK/zmahdr.h
APPS	macutils.lzh	487710	ok	MACUTILS/MAN/
APPS	macutils.lzh	487710	ok	MACUTILS/MAN/00Contents
APPS	macutils.lzh	487710	ok	MACUTILS/MAN/binhex.1
APPS	macutils.lzh	487710	ok	MACUTILS/MAN/frommac.1
APPS	macutils.lzh	487710	ok	MACUTILS/MAN/hexbin.1
APPS	macutils.lzh	487710	ok	MACUTILS/MAN/hexbin.man
APPS	macutils.lzh	487710	ok	MACUTILS/MAN/macsave.1
APPS	macutils.lzh	487710	ok	MACUTILS/MAN/macstream.1
APPS	macutils.lzh	487710	ok	MACUTILS/MAN/macunpack.1
APPS	macutils.lzh	487710	ok	MACUTILS/MAN/macutil.1
APPS	macutils.lzh	487710	ok	MACUTILS/MAN/tomac.1
APPS	macutils.lzh	487710	ok	MACUTILS/MCVERT/
APPS	macutils.lzh	487710	ok	MACUTILS/MCVERT/00Contents
APPS	macutils.lzh	487710	ok	MACUTILS/MCVERT/hqxify.c
APPS	macutils.lzh	487710	ok	MACUTILS/MCVERT/hqxify.r
APPS	macutils.lzh	487710	ok	MACUTILS/MCVERT/mactypes.h
APPS	macutils.lzh	487710	ok	MACUTILS/MCVERT/makefile
APPS	macutils.lzh	487710	ok	MACUTILS/MCVERT/makefile.unix
APPS	macutils.lzh	487710	ok	MACUTILS/MCVERT/mcvert.1
APPS	macutils.lzh	487710	ok	MACUTILS/MCVERT/mcvert.c
APPS	macutils.lzh	487710	ok	MACUTILS/MCVERT/mcvert.man
APPS	macutils.lzh	487710	ok	MACUTILS/MCVERT/mcvert.r
APPS	macutils.lzh	487710	ok	MACUTILS/MCVERT/mcvert_15..hdr
APPS	macutils.lzh	487710	ok	MACUTILS/MCVERT/readme.OSK
APPS	macutils.lzh	487710	ok	MACUTILS/MCVERT/unpack.c
APPS	macutils.lzh	487710	ok	MACUTILS/MCVERT/unpack.r
APPS	macutils.lzh	487710	ok	MACUTILS/MIXED/
APPS	macutils.lzh	487710	ok	MACUTILS/MIXED/00Contents
APPS	macutils.lzh	487710	ok	MACUTILS/MIXED/dir.c
APPS	macutils.lzh	487710	ok	MACUTILS/MIXED/dir.r
APPS	macutils.lzh	487710	ok	MACUTILS/MIXED/fputc.c
APPS	macutils.lzh	487710	ok	MACUTILS/MIXED/fputc.r
APPS	macutils.lzh	487710	ok	MACUTILS/MIXED/globals.c
APPS	macutils.lzh	487710	ok	MACUTILS/MIXED/globals.h
APPS	macutils.lzh	487710	ok	MACUTILS/MIXED/globals.r
APPS	macutils.lzh	487710	ok	MACUTILS/MIXED/macbinary.c
APPS	macutils.lzh	487710	ok	MACUTILS/MIXED/macbinary.r
APPS	macutils.lzh	487710	ok	MACUTILS/MIXED/macsave.c
APPS	macutils.lzh	487710	ok	MACUTILS/MIXED/macsave.r
APPS	macutils.lzh	487710	ok	MACUTILS/MIXED/macstream.c
APPS	macutils.lzh	487710	ok	MACUTILS/MIXED/macstream.r
APPS	macutils.lzh	487710	ok	MACUTILS/MIXED/makefile
APPS	macutils.lzh	487710	ok	MACUTILS/MIXED/makefile.unix
APPS	macutils.lzh	487710	ok	MACUTILS/MIXED/mcb.c
APPS	macutils.lzh	487710	ok	MACUTILS/MIXED/mcb.r
APPS	macutils.lzh	487710	ok	MACUTILS/UNSIT/
APPS	macutils.lzh	487710	ok	MACUTILS/UNSIT/contents.unsit
APPS	macutils.lzh	487710	ok	MACUTILS/UNSIT/getopt.c
APPS	macutils.lzh	487710	ok	MACUTILS/UNSIT/getopt.r
APPS	macutils.lzh	487710	ok	MACUTILS/UNSIT/makefile
APPS	macutils.lzh	487710	ok	MACUTILS/UNSIT/stuffit.h
APPS	macutils.lzh	487710	ok	MACUTILS/UNSIT/unsit.1
APPS	macutils.lzh	487710	ok	MACUTILS/UNSIT/unsit.c
APPS	macutils.lzh	487710	ok	MACUTILS/UNSIT/unsit.r
APPS	macutils.lzh	487710	ok	MACUTILS/UNSIT/unstuffit.1
APPS	macutils.lzh	487710	ok	MACUTILS/UNSIT/updcrc.c
APPS	macutils.lzh	487710	ok	MACUTILS/UNSIT/updcrc.r
APPS	macutils.lzh	487710	ok	MACUTILS/UTIL/
APPS	macutils.lzh	487710	ok	MACUTILS/UTIL/backtrans.c
APPS	macutils.lzh	487710	ok	MACUTILS/UTIL/backtrans.r
APPS	macutils.lzh	487710	ok	MACUTILS/UTIL/curtime.h
APPS	macutils.lzh	487710	ok	MACUTILS/UTIL/makefile
APPS	macutils.lzh	487710	ok	MACUTILS/UTIL/makefile.2
APPS	macutils.lzh	487710	ok	MACUTILS/UTIL/makefile.unix
APPS	macutils.lzh	487710	ok	MACUTILS/UTIL/masks.h
APPS	macutils.lzh	487710	ok	MACUTILS/UTIL/patchlevel.h
APPS	macutils.lzh	487710	ok	MACUTILS/UTIL/transname.c
APPS	macutils.lzh	487710	ok	MACUTILS/UTIL/transname.r
APPS	macutils.lzh	487710	ok	MACUTILS/UTIL/util.c
APPS	macutils.lzh	487710	ok	MACUTILS/UTIL/util.h
APPS	macutils.lzh	487710	ok	MACUTILS/UTIL/util.r
APPS	macutils.lzh	487710	ok	MACUTILS/contents.OSK
APPS	macutils.lzh	487710	ok	MACUTILS/makefile.unix
APPS	macutils.lzh	487710	ok	MACUTILS/readme
APPS	macutils.lzh	487710	ok	MACUTILS/readme.OSK
APPS	md5.lzh	76147	ok	MD5/
APPS	md5.lzh	76147	ok	MD5/README
APPS	md5.lzh	76147	ok	MD5/global.h
APPS	md5.lzh	76147	ok	MD5/makefile
APPS	md5.lzh	76147	ok	MD5/md5
APPS	md5.lzh	76147	ok	MD5/md5.1
APPS	md5.lzh	76147	ok	MD5/md5.1.ps
APPS	md5.lzh	76147	ok	MD5/md5.1.txt
APPS	md5.lzh	76147	ok	MD5/md5.h
APPS	md5.lzh	76147	ok	MD5/md5.tar.gz
APPS	md5.lzh	76147	ok	MD5/md5c.c
APPS	md5.lzh	76147	ok	MD5/md5c.r
APPS	md5.lzh	76147	ok	MD5/mddriver.c
APPS	md5.lzh	76147	ok	MD5/mddriver.r
APPS	md5.lzh	76147	ok	MD5/rfc1321.txt
APPS	md5.lzh	76147	ok	MD5/string.h
APPS	md5.lzh	76147	ok	MD5/test
APPS	md5.lzh	76147	ok	MD5/time.h
APPS	memacs.3.12_mm1.lzh	115805	ok	CMD/
APPS	memacs.3.12_mm1.lzh	115805	ok	CMD/bpage.cmd
APPS	memacs.3.12_mm1.lzh	115805	ok	CMD/cpage.cmd
APPS	memacs.3.12_mm1.lzh	115805	ok	CMD/cua.cmd
APPS	memacs.3.12_mm1.lzh	115805	ok	CMD/dev.cmd
APPS	memacs.3.12_mm1.lzh	115805	ok	CMD/ehelp.cmd
APPS	memacs.3.12_mm1.lzh	115805	ok	CMD/ehelp1.txt
APPS	memacs.3.12_mm1.lzh	115805	ok	CMD/ehelp2.txt
APPS	memacs.3.12_mm1.lzh	115805	ok	CMD/emacs.rc
APPS	memacs.3.12_mm1.lzh	115805	ok	CMD/epage.cmd
APPS	memacs.3.12_mm1.lzh	115805	ok	CMD/error.cmd
APPS	memacs.3.12_mm1.lzh	115805	ok	CMD/filter.cmd
APPS	memacs.3.12_mm1.lzh	115805	ok	CMD/lpage.cmd
APPS	memacs.3.12_mm1.lzh	115805	ok	CMD/mdi.cmd
APPS	memacs.3.12_mm1.lzh	115805	ok	CMD/mewin.cmd
APPS	memacs.3.12_mm1.lzh	115805	ok	CMD/newpage.cmd
APPS	memacs.3.12_mm1.lzh	115805	ok	CMD/opage.cmd
APPS	memacs.3.12_mm1.lzh	115805	ok	CMD/ppage.cmd
APPS	memacs.3.12_mm1.lzh	115805	ok	CMD/shell.cmd
APPS	memacs.3.12_mm1.lzh	115805	ok	CMD/wpage.cmd
APPS	memacs.3.12_mm1.lzh	115805	ok	MM1.installation
APPS	memacs.3.12_mm1.lzh	115805	ok	ReadMe.MM1
APPS	memacs.3.12_mm1.lzh	115805	ok	emacs
APPS	memacs.3.12_mm1.lzh	115805	ok	emacs.rc
APPS	memacs.3.12_mm1.lzh	115805	ok	termcap.entry
APPS	mg.binary.lzh	42436	ok	mg
APPS	mg.doc.txt.lzh	18034	ok	mg.doc.txt
APPS	microemacs3.11.lzh	62976	ok	README.Microemacs3.11
APPS	microemacs3.11.lzh	62976	ok	me
APPS	msdos_diskaccess.lzh	52224	ok	MS_DISK_ACCESS/Customize
APPS	msdos_diskaccess.lzh	52224	ok	ms_disk_access/manifest
APPS	msdos_diskaccess.lzh	52224	ok	MS_DISK_ACCESS/Makefile
APPS	msdos_diskaccess.lzh	52224	ok	MS_DISK_ACCESS/Mcopy.1
APPS	msdos_diskaccess.lzh	52224	ok	MS_DISK_ACCESS/Mdel.1
APPS	msdos_diskaccess.lzh	52224	ok	MS_DISK_ACCESS/Mdir.1
APPS	msdos_diskaccess.lzh	52224	ok	MS_DISK_ACCESS/Mkdfs.1
APPS	msdos_diskaccess.lzh	52224	ok	MS_DISK_ACCESS/Mmd.1
APPS	msdos_diskaccess.lzh	52224	ok	MS_DISK_ACCESS/Mrd.1
APPS	msdos_diskaccess.lzh	52224	ok	MS_DISK_ACCESS/Mread.1
APPS	msdos_diskaccess.lzh	52224	ok	MS_DISK_ACCESS/Mren.1
APPS	msdos_diskaccess.lzh	52224	ok	MS_DISK_ACCESS/Mtype.1
APPS	msdos_diskaccess.lzh	52224	ok	MS_DISK_ACCESS/Mwrite.1
APPS	msdos_diskaccess.lzh	52224	ok	MS_DISK_ACCESS/README.osk
APPS	msdos_diskaccess.lzh	52224	ok	MS_DISK_ACCESS/Readme
APPS	msdos_diskaccess.lzh	52224	ok	MS_DISK_ACCESS/bootblk.h
APPS	msdos_diskaccess.lzh	52224	ok	MS_DISK_ACCESS/convdate.c
APPS	msdos_diskaccess.lzh	52224	ok	MS_DISK_ACCESS/devices.c
APPS	msdos_diskaccess.lzh	52224	ok	MS_DISK_ACCESS/devices.h
APPS	msdos_diskaccess.lzh	52224	ok	MS_DISK_ACCESS/fixname.c
APPS	msdos_diskaccess.lzh	52224	ok	MS_DISK_ACCESS/getfat.c
APPS	msdos_diskaccess.lzh	52224	ok	MS_DISK_ACCESS/hdtoms.c
APPS	msdos_diskaccess.lzh	52224	ok	MS_DISK_ACCESS/hdtoms.tos.c
APPS	msdos_diskaccess.lzh	52224	ok	MS_DISK_ACCESS/init.c
APPS	msdos_diskaccess.lzh	52224	ok	MS_DISK_ACCESS/isdir.c
APPS	msdos_diskaccess.lzh	52224	ok	MS_DISK_ACCESS/match.c
APPS	msdos_diskaccess.lzh	52224	ok	MS_DISK_ACCESS/mcopy.c
APPS	msdos_diskaccess.lzh	52224	ok	MS_DISK_ACCESS/mdel.c
APPS	msdos_diskaccess.lzh	52224	ok	MS_DISK_ACCESS/mdir.c
APPS	msdos_diskaccess.lzh	52224	ok	MS_DISK_ACCESS/mkdfs.c
APPS	msdos_diskaccess.lzh	52224	ok	MS_DISK_ACCESS/mkentry.c
APPS	msdos_diskaccess.lzh	52224	ok	MS_DISK_ACCESS/mmd.c
APPS	msdos_diskaccess.lzh	52224	ok	MS_DISK_ACCESS/mrd.c
APPS	msdos_diskaccess.lzh	52224	ok	MS_DISK_ACCESS/mread.c
APPS	msdos_diskaccess.lzh	52224	ok	MS_DISK_ACCESS/mren.c
APPS	msdos_diskaccess.lzh	52224	ok	MS_DISK_ACCESS/msdos.h
APPS	msdos_diskaccess.lzh	52224	ok	MS_DISK_ACCESS/mstohd.c
APPS	msdos_diskaccess.lzh	52224	ok	MS_DISK_ACCESS/mstohd.d0.c
APPS	msdos_diskaccess.lzh	52224	ok	MS_DISK_ACCESS/mstohd.tos.c
APPS	msdos_diskaccess.lzh	52224	ok	MS_DISK_ACCESS/mtype.c
APPS	msdos_diskaccess.lzh	52224	ok	MS_DISK_ACCESS/mwrite.c
APPS	msdos_diskaccess.lzh	52224	ok	MS_DISK_ACCESS/notiz
APPS	msdos_diskaccess.lzh	52224	ok	MS_DISK_ACCESS/pdinfo
APPS	msdos_diskaccess.lzh	52224	ok	MS_DISK_ACCESS/putfat.c
APPS	msdos_diskaccess.lzh	52224	ok	MS_DISK_ACCESS/search.c
APPS	msdos_diskaccess.lzh	52224	ok	MS_DISK_ACCESS/subdir.c
APPS	msdos_diskaccess.lzh	52224	ok	MS_DISK_ACCESS/unixname.c
APPS	oleo1.6.tar.gz	1309171	ok	.
APPS	oleo1.6.tar.gz	1309171	ok	OLEO1.6
APPS	oleo1.6.tar.gz	1309171	ok	OLEO1.6/alloca.c
APPS	oleo1.6.tar.gz	1309171	ok	OLEO1.6/announce
APPS	oleo1.6.tar.gz	1309171	ok	OLEO1.6/args.c
APPS	oleo1.6.tar.gz	1309171	ok	OLEO1.6/args.h
APPS	oleo1.6.tar.gz	1309171	ok	OLEO1.6/basic.c
APPS	oleo1.6.tar.gz	1309171	ok	OLEO1.6/basic.h
APPS	oleo1.6.tar.gz	1309171	ok	OLEO1.6/bugs
APPS	oleo1.6.tar.gz	1309171	ok	OLEO1.6/busi.c
APPS	oleo1.6.tar.gz	1309171	ok	OLEO1.6/byte_compile.c
APPS	oleo1.6.tar.gz	1309171	ok	OLEO1.6/byte_compile.h
APPS	oleo1.6.tar.gz	1309171	ok	OLEO1.6/cell.h
APPS	oleo1.6.tar.gz	1309171	ok	OLEO1.6/cells.c
APPS	oleo1.6.tar.gz	1309171	ok	OLEO1.6/changelog
APPS	oleo1.6.tar.gz	1309171	ok	OLEO1.6/cmd.c
APPS	oleo1.6.tar.gz	1309171	ok	OLEO1.6/cmd.h
APPS	oleo1.6.tar.gz	1309171	ok	OLEO1.6/configure
APPS	oleo1.6.tar.gz	1309171	ok	OLEO1.6/configure.in
APPS	oleo1.6.tar.gz	1309171	ok	OLEO1.6/copying
APPS	oleo1.6.tar.gz	1309171	ok	OLEO1.6/date.c
APPS	oleo1.6.tar.gz	1309171	ok	OLEO1.6/decompile.c
APPS	oleo1.6.tar.gz	1309171	ok	OLEO1.6/decompile.h
APPS	oleo1.6.tar.gz	1309171	ok	OLEO1.6/default.mk
APPS	oleo1.6.tar.gz	1309171	ok	OLEO1.6/defun.h
APPS	oleo1.6.tar.gz	1309171	ok	OLEO1.6/defuns.h
APPS	oleo1.6.tar.gz	1309171	ok	OLEO1.6/display.c
APPS	oleo1.6.tar.gz	1309171	ok	OLEO1.6/display.h
APPS	oleo1.6.tar.gz	1309171	ok	OLEO1.6/eightbit
APPS	oleo1.6.tar.gz	1309171	ok	OLEO1.6/errors.h
APPS	oleo1.6.tar.gz	1309171	ok	OLEO1.6/eval.c
APPS	oleo1.6.tar.gz	1309171	ok	OLEO1.6/eval.h
APPS	oleo1.6.tar.gz	1309171	ok	OLEO1.6/font.c
APPS	oleo1.6.tar.gz	1309171	ok	OLEO1.6/font.h
APPS	oleo1.6.tar.gz	1309171	ok	OLEO1.6/format.c
APPS	oleo1.6.tar.gz	1309171	ok	OLEO1.6/format.h
APPS	oleo1.6.tar.gz	1309171	ok	OLEO1.6/forminfo.c
APPS	oleo1.6.tar.gz	1309171	ok	OLEO1.6/forminfo.h
APPS	oleo1.6.tar.gz	1309171	ok	OLEO1.6/funcdef.h
APPS	oleo1.6.tar.gz	1309171	ok	OLEO1.6/funcs.c
APPS	oleo1.6.tar.gz	1309171	ok	OLEO1.6/funcs.h
APPS	oleo1.6.tar.gz	1309171	ok	OLEO1.6/getdate.c
APPS	oleo1.6.tar.gz	1309171	ok	OLEO1.6/getdate.y
APPS	oleo1.6.tar.gz	1309171	ok	OLEO1.6/getopt.c
APPS	oleo1.6.tar.gz	1309171	ok	OLEO1.6/getopt.h
APPS	oleo1.6.tar.gz	1309171	ok	OLEO1.6/getopt1.c
APPS	oleo1.6.tar.gz	1309171	ok	OLEO1.6/global.h
APPS	oleo1.6.tar.gz	1309171	ok	OLEO1.6/graph.c
APPS	oleo1.6.tar.gz	1309171	ok	OLEO1.6/graph.h
APPS	oleo1.6.tar.gz	1309171	ok	OLEO1.6/hash.c
APPS	oleo1.6.tar.gz	1309171	ok	OLEO1.6/hash.h
APPS	oleo1.6.tar.gz	1309171	ok	OLEO1.6/help.c
APPS	oleo1.6.tar.gz	1309171	ok	OLEO1.6/help.h
APPS	oleo1.6.tar.gz	1309171	ok	OLEO1.6/info.c
APPS	oleo1.6.tar.gz	1309171	ok	OLEO1.6/info.h
APPS	oleo1.6.tar.gz	1309171	ok	OLEO1.6/init.c
APPS	oleo1.6.tar.gz	1309171	ok	OLEO1.6/init.h
APPS	oleo1.6.tar.gz	1309171	ok	OLEO1.6/input.c
APPS	oleo1.6.tar.gz	1309171	ok	OLEO1.6/input.h
APPS	oleo1.6.tar.gz	1309171	ok	OLEO1.6/install
APPS	oleo1.6.tar.gz	1309171	ok	OLEO1.6/install.oleo
APPS	oleo1.6.tar.gz	1309171	ok	OLEO1.6/io_abstract.h
APPS	oleo1.6.tar.gz	1309171	ok	OLEO1.6/io_curses.c
APPS	oleo1.6.tar.gz	1309171	ok	OLEO1.6/io_curses.h
APPS	oleo1.6.tar.gz	1309171	ok	OLEO1.6/io_edit.c
APPS	oleo1.6.tar.gz	1309171	ok	OLEO1.6/io_edit.h
APPS	oleo1.6.tar.gz	1309171	ok	OLEO1.6/io_generic.h
APPS	oleo1.6.tar.gz	1309171	ok	OLEO1.6/io_term.c
APPS	oleo1.6.tar.gz	1309171	ok	OLEO1.6/io_term.h
APPS	oleo1.6.tar.gz	1309171	ok	OLEO1.6/io_utils.c
APPS	oleo1.6.tar.gz	1309171	ok	OLEO1.6/io_utils.h
APPS	oleo1.6.tar.gz	1309171	ok	OLEO1.6/io_x11.c
APPS	oleo1.6.tar.gz	1309171	ok	OLEO1.6/io_x11.h
APPS	oleo1.6.tar.gz	1309171	ok	OLEO1.6/ir.c
APPS	oleo1.6.tar.gz	1309171	ok	OLEO1.6/ir.h
APPS	oleo1.6.tar.gz	1309171	ok	OLEO1.6/irs_1992.oleo
APPS	oleo1.6.tar.gz	1309171	ok	OLEO1.6/key.c
APPS	oleo1.6.tar.gz	1309171	ok	OLEO1.6/key.h
APPS	oleo1.6.tar.gz	1309171	ok	OLEO1.6/keys
APPS	oleo1.6.tar.gz	1309171	ok	OLEO1.6/line.c
APPS	oleo1.6.tar.gz	1309171	ok	OLEO1.6/line.h
APPS	oleo1.6.tar.gz	1309171	ok	OLEO1.6/list.c
APPS	oleo1.6.tar.gz	1309171	ok	OLEO1.6/list.h
APPS	oleo1.6.tar.gz	1309171	ok	OLEO1.6/lists.c
APPS	oleo1.6.tar.gz	1309171	ok	OLEO1.6/lists.h
APPS	oleo1.6.tar.gz	1309171	ok	OLEO1.6/makefile
APPS	oleo1.6.tar.gz	1309171	ok	OLEO1.6/makefile.in
APPS	oleo1.6.tar.gz	1309171	ok	OLEO1.6/mktime.c
APPS	oleo1.6.tar.gz	1309171	ok	OLEO1.6/news
APPS	oleo1.6.tar.gz	1309171	ok	OLEO1.6/node.h
APPS	oleo1.6.tar.gz	1309171	ok	OLEO1.6/obstack.c
APPS	oleo1.6.tar.gz	1309171	ok	OLEO1.6/obstack.h
APPS	oleo1.6.tar.gz	1309171	ok	OLEO1.6/oleofile.c
APPS	oleo1.6.tar.gz	1309171	ok	OLEO1.6/oleofile.h
APPS	oleo1.6.tar.gz	1309171	ok	OLEO1.6/output.r
APPS	oleo1.6.tar.gz	1309171	ok	OLEO1.6/panic.c
APPS	oleo1.6.tar.gz	1309171	ok	OLEO1.6/panic.h
APPS	oleo1.6.tar.gz	1309171	ok	OLEO1.6/parse.h
APPS	oleo1.6.tar.gz	1309171	ok	OLEO1.6/parse.tab.c
APPS	oleo1.6.tar.gz	1309171	ok	OLEO1.6/parse.y
APPS	oleo1.6.tar.gz	1309171	ok	OLEO1.6/posixtm.c
APPS	oleo1.6.tar.gz	1309171	ok	OLEO1.6/posixtm.y
APPS	oleo1.6.tar.gz	1309171	ok	OLEO1.6/print.c
APPS	oleo1.6.tar.gz	1309171	ok	OLEO1.6/print.h
APPS	oleo1.6.tar.gz	1309171	ok	OLEO1.6/proto.h
APPS	oleo1.6.tar.gz	1309171	ok	OLEO1.6/random.c
APPS	oleo1.6.tar.gz	1309171	ok	OLEO1.6/readme
APPS	oleo1.6.tar.gz	1309171	ok	OLEO1.6/ref.c
APPS	oleo1.6.tar.gz	1309171	ok	OLEO1.6/ref.h
APPS	oleo1.6.tar.gz	1309171	ok	OLEO1.6/regions.c
APPS	oleo1.6.tar.gz	1309171	ok	OLEO1.6/regions.h
APPS	oleo1.6.tar.gz	1309171	ok	OLEO1.6/sc.c
APPS	oleo1.6.tar.gz	1309171	ok	OLEO1.6/sc.h
APPS	oleo1.6.tar.gz	1309171	ok	OLEO1.6/sort.c
APPS	oleo1.6.tar.gz	1309171	ok	OLEO1.6/strftime.c
APPS	oleo1.6.tar.gz	1309171	ok	OLEO1.6/string.c
APPS	oleo1.6.tar.gz	1309171	ok	OLEO1.6/stub.c
APPS	oleo1.6.tar.gz	1309171	ok	OLEO1.6/stub.h
APPS	oleo1.6.tar.gz	1309171	ok	OLEO1.6/stubs.h
APPS	oleo1.6.tar.gz	1309171	ok	OLEO1.6/sylk.c
APPS	oleo1.6.tar.gz	1309171	ok	OLEO1.6/sylk.h
APPS	oleo1.6.tar.gz	1309171	ok	OLEO1.6/sysdef.h
APPS	oleo1.6.tar.gz	1309171	ok	OLEO1.6/using
APPS	oleo1.6.tar.gz	1309171	ok	OLEO1.6/utils.c
APPS	oleo1.6.tar.gz	1309171	ok	OLEO1.6/utils.h
APPS	oleo1.6.tar.gz	1309171	ok	OLEO1.6/vfprintf.c
APPS	oleo1.6.tar.gz	1309171	ok	OLEO1.6/vsprintf.c
APPS	oleo1.6.tar.gz	1309171	ok	OLEO1.6/window.c
APPS	oleo1.6.tar.gz	1309171	ok	OLEO1.6/window.h
APPS	oleo1.6.tar.gz	1309171	ok	OLEO1.6/xmalloc.c
APPS	oleo1.6.tar.gz	1309171	ok	OLEO1.6/xrdb.c
APPS	oleo1.6.tar.gz	1309171	ok	OLEO1.6/_doprnt.c
APPS	oleo1.6.tar.gz	1309171	ok	OLEO1.6/RELS
APPS	oleo1.6.tar.gz	1309171	ok	OLEO1.6/RELS/args.r
APPS	oleo1.6.tar.gz	1309171	ok	OLEO1.6/RELS/basic.r
APPS	oleo1.6.tar.gz	1309171	ok	OLEO1.6/RELS/busi.r
APPS	oleo1.6.tar.gz	1309171	ok	OLEO1.6/RELS/byte_compile.r
APPS	oleo1.6.tar.gz	1309171	ok	OLEO1.6/RELS/cells.r
APPS	oleo1.6.tar.gz	1309171	ok	OLEO1.6/RELS/cmd.r
APPS	oleo1.6.tar.gz	1309171	ok	OLEO1.6/RELS/date.r
APPS	oleo1.6.tar.gz	1309171	ok	OLEO1.6/RELS/decompile.r
APPS	oleo1.6.tar.gz	1309171	ok	OLEO1.6/RELS/display.r
APPS	oleo1.6.tar.gz	1309171	ok	OLEO1.6/RELS/eval.r
APPS	oleo1.6.tar.gz	1309171	ok	OLEO1.6/RELS/font.r
APPS	oleo1.6.tar.gz	1309171	ok	OLEO1.6/RELS/format.r
APPS	oleo1.6.tar.gz	1309171	ok	OLEO1.6/RELS/forminfo.r
APPS	oleo1.6.tar.gz	1309171	ok	OLEO1.6/RELS/funcs.r
APPS	oleo1.6.tar.gz	1309171	ok	OLEO1.6/RELS/getdate.r
APPS	oleo1.6.tar.gz	1309171	ok	OLEO1.6/RELS/getopt.r
APPS	oleo1.6.tar.gz	1309171	ok	OLEO1.6/RELS/getopt1.r
APPS	oleo1.6.tar.gz	1309171	ok	OLEO1.6/RELS/graph.r
APPS	oleo1.6.tar.gz	1309171	ok	OLEO1.6/RELS/hash.r
APPS	oleo1.6.tar.gz	1309171	ok	OLEO1.6/RELS/help.r
APPS	oleo1.6.tar.gz	1309171	ok	OLEO1.6/RELS/info.r
APPS	oleo1.6.tar.gz	1309171	ok	OLEO1.6/RELS/init.r
APPS	oleo1.6.tar.gz	1309171	ok	OLEO1.6/RELS/input.r
APPS	oleo1.6.tar.gz	1309171	ok	OLEO1.6/RELS/io_curses.r
APPS	oleo1.6.tar.gz	1309171	ok	OLEO1.6/RELS/io_edit.r
APPS	oleo1.6.tar.gz	1309171	ok	OLEO1.6/RELS/io_term.r
APPS	oleo1.6.tar.gz	1309171	ok	OLEO1.6/RELS/io_utils.r
APPS	oleo1.6.tar.gz	1309171	ok	OLEO1.6/RELS/io_x11.r
APPS	oleo1.6.tar.gz	1309171	ok	OLEO1.6/RELS/ir.r
APPS	oleo1.6.tar.gz	1309171	ok	OLEO1.6/RELS/key.r
APPS	oleo1.6.tar.gz	1309171	ok	OLEO1.6/RELS/line.r
APPS	oleo1.6.tar.gz	1309171	ok	OLEO1.6/RELS/list.r
APPS	oleo1.6.tar.gz	1309171	ok	OLEO1.6/RELS/lists.r
APPS	oleo1.6.tar.gz	1309171	ok	OLEO1.6/RELS/obstack.r
APPS	oleo1.6.tar.gz	1309171	ok	OLEO1.6/RELS/oleofile.r
APPS	oleo1.6.tar.gz	1309171	ok	OLEO1.6/RELS/panic.r
APPS	oleo1.6.tar.gz	1309171	ok	OLEO1.6/RELS/parse.tab.r
APPS	oleo1.6.tar.gz	1309171	ok	OLEO1.6/RELS/posixtm.r
APPS	oleo1.6.tar.gz	1309171	ok	OLEO1.6/RELS/print.r
APPS	oleo1.6.tar.gz	1309171	ok	OLEO1.6/RELS/random.r
APPS	oleo1.6.tar.gz	1309171	ok	OLEO1.6/RELS/ref.r
APPS	oleo1.6.tar.gz	1309171	ok	OLEO1.6/RELS/regions.r
APPS	oleo1.6.tar.gz	1309171	ok	OLEO1.6/RELS/sc.r
APPS	oleo1.6.tar.gz	1309171	ok	OLEO1.6/RELS/sort.r
APPS	oleo1.6.tar.gz	1309171	ok	OLEO1.6/RELS/string.r
APPS	oleo1.6.tar.gz	1309171	ok	OLEO1.6/RELS/stub.r
APPS	oleo1.6.tar.gz	1309171	ok	OLEO1.6/RELS/sylk.r
APPS	oleo1.6.tar.gz	1309171	ok	OLEO1.6/RELS/utils.r
APPS	oleo1.6.tar.gz	1309171	ok	OLEO1.6/RELS/window.r
APPS	oleo1.6.tar.gz	1309171	ok	OLEO1.6/RELS/xrdb.r
APPS	oleo1.6.tar.gz	1309171	ok	DEFS
APPS	oleo1.6.tar.gz	1309171	ok	DEFS/agraph.h
APPS	oleo1.6.tar.gz	1309171	ok	DEFS/assert.h
APPS	oleo1.6.tar.gz	1309171	ok	DEFS/cdi.h
APPS	oleo1.6.tar.gz	1309171	ok	DEFS/ctype.h
APPS	oleo1.6.tar.gz	1309171	ok	DEFS/curses.h
APPS	oleo1.6.tar.gz	1309171	ok	DEFS/dcmd.h
APPS	oleo1.6.tar.gz	1309171	ok	DEFS/dir.h
APPS	oleo1.6.tar.gz	1309171	ok	DEFS/direct.h
APPS	oleo1.6.tar.gz	1309171	ok	DEFS/dma68450.h
APPS	oleo1.6.tar.gz	1309171	ok	DEFS/errno.h
APPS	oleo1.6.tar.gz	1309171	ok	DEFS/events.h
APPS	oleo1.6.tar.gz	1309171	ok	DEFS/fcntl.h
APPS	oleo1.6.tar.gz	1309171	ok	DEFS/fdc179x.h
APPS	oleo1.6.tar.gz	1309171	ok	DEFS/findfn.h
APPS	oleo1.6.tar.gz	1309171	ok	DEFS/float.h
APPS	oleo1.6.tar.gz	1309171	ok	DEFS/fnsplit.h
APPS	oleo1.6.tar.gz	1309171	ok	DEFS/limits.h
APPS	oleo1.6.tar.gz	1309171	ok	DEFS/malloc.h
APPS	oleo1.6.tar.gz	1309171	ok	DEFS/math.h
APPS	oleo1.6.tar.gz	1309171	ok	DEFS/memory.h
APPS	oleo1.6.tar.gz	1309171	ok	DEFS/modes.h
APPS	oleo1.6.tar.gz	1309171	ok	DEFS/module.h
APPS	oleo1.6.tar.gz	1309171	ok	DEFS/net.h
APPS	oleo1.6.tar.gz	1309171	ok	DEFS/os9signal.h
APPS	oleo1.6.tar.gz	1309171	ok	DEFS/p2c.h
APPS	oleo1.6.tar.gz	1309171	ok	DEFS/path.h
APPS	oleo1.6.tar.gz	1309171	ok	DEFS/procid.h
APPS	oleo1.6.tar.gz	1309171	ok	DEFS/profht.h
APPS	oleo1.6.tar.gz	1309171	ok	DEFS/pwd.h
APPS	oleo1.6.tar.gz	1309171	ok	DEFS/rbf.h
APPS	oleo1.6.tar.gz	1309171	ok	DEFS/sbf.h
APPS	oleo1.6.tar.gz	1309171	ok	DEFS/scf.h
APPS	oleo1.6.tar.gz	1309171	ok	DEFS/security.h
APPS	oleo1.6.tar.gz	1309171	ok	DEFS/setjmp.h
APPS	oleo1.6.tar.gz	1309171	ok	DEFS/setsys.h
APPS	oleo1.6.tar.gz	1309171	ok	DEFS/sgstat.h
APPS	oleo1.6.tar.gz	1309171	ok	DEFS/sgtty.h
APPS	oleo1.6.tar.gz	1309171	ok	DEFS/sg_codes.h
APPS	oleo1.6.tar.gz	1309171	ok	DEFS/sigmask.h
APPS	oleo1.6.tar.gz	1309171	ok	DEFS/signal.h
APPS	oleo1.6.tar.gz	1309171	ok	DEFS/stat.h
APPS	oleo1.6.tar.gz	1309171	ok	DEFS/stddef.h
APPS	oleo1.6.tar.gz	1309171	ok	DEFS/stdio.h
APPS	oleo1.6.tar.gz	1309171	ok	DEFS/stdlib.h
APPS	oleo1.6.tar.gz	1309171	ok	DEFS/string.h
APPS	oleo1.6.tar.gz	1309171	ok	DEFS/strings.h
APPS	oleo1.6.tar.gz	1309171	ok	DEFS/sysio.h
APPS	oleo1.6.tar.gz	1309171	ok	DEFS/tapehead.h
APPS	oleo1.6.tar.gz	1309171	ok	DEFS/tcap.h
APPS	oleo1.6.tar.gz	1309171	ok	DEFS/term.h
APPS	oleo1.6.tar.gz	1309171	ok	DEFS/termcap.h
APPS	oleo1.6.tar.gz	1309171	ok	DEFS/terminfo.h
APPS	oleo1.6.tar.gz	1309171	ok	DEFS/termio.h
APPS	oleo1.6.tar.gz	1309171	ok	DEFS/time.h
APPS	oleo1.6.tar.gz	1309171	ok	DEFS/tsys.h
APPS	oleo1.6.tar.gz	1309171	ok	DEFS/types.h
APPS	oleo1.6.tar.gz	1309171	ok	DEFS/unistd.h
APPS	oleo1.6.tar.gz	1309171	ok	DEFS/varargs.h
APPS	oleo1.6.tar.gz	1309171	ok	DEFS/xosdefs.h
APPS	oleo1.6.tar.gz	1309171	ok	CURSES
APPS	oleo1.6.tar.gz	1309171	ok	CURSES/addch.c
APPS	oleo1.6.tar.gz	1309171	ok	CURSES/addstr.c
APPS	oleo1.6.tar.gz	1309171	ok	CURSES/box.c
APPS	oleo1.6.tar.gz	1309171	ok	CURSES/clear.c
APPS	oleo1.6.tar.gz	1309171	ok	CURSES/clrtobot.c
APPS	oleo1.6.tar.gz	1309171	ok	CURSES/clrtoeol.c
APPS	oleo1.6.tar.gz	1309171	ok	CURSES/cr_put.c
APPS	oleo1.6.tar.gz	1309171	ok	CURSES/cr_tty.c
APPS	oleo1.6.tar.gz	1309171	ok	CURSES/curses.c
APPS	oleo1.6.tar.gz	1309171	ok	CURSES/curses.ext
APPS	oleo1.6.tar.gz	1309171	ok	CURSES/default.mk
APPS	oleo1.6.tar.gz	1309171	ok	CURSES/delch.c
APPS	oleo1.6.tar.gz	1309171	ok	CURSES/deleteln.c
APPS	oleo1.6.tar.gz	1309171	ok	CURSES/delwin.c
APPS	oleo1.6.tar.gz	1309171	ok	CURSES/endwin.c
APPS	oleo1.6.tar.gz	1309171	ok	CURSES/erase.c
APPS	oleo1.6.tar.gz	1309171	ok	CURSES/fullname.c
APPS	oleo1.6.tar.gz	1309171	ok	CURSES/gccout_col.r
APPS	oleo1.6.tar.gz	1309171	ok	CURSES/getch.c
APPS	oleo1.6.tar.gz	1309171	ok	CURSES/getstr.c
APPS	oleo1.6.tar.gz	1309171	ok	CURSES/idlok.c
APPS	oleo1.6.tar.gz	1309171	ok	CURSES/id_subwins.c
APPS	oleo1.6.tar.gz	1309171	ok	CURSES/initscr.c
APPS	oleo1.6.tar.gz	1309171	ok	CURSES/insch.c
APPS	oleo1.6.tar.gz	1309171	ok	CURSES/insertln.c
APPS	oleo1.6.tar.gz	1309171	ok	CURSES/longname.c
APPS	oleo1.6.tar.gz	1309171	ok	CURSES/makefile
APPS	oleo1.6.tar.gz	1309171	ok	CURSES/makefile.unix
APPS	oleo1.6.tar.gz	1309171	ok	CURSES/move.c
APPS	oleo1.6.tar.gz	1309171	ok	CURSES/mvprintw.c
APPS	oleo1.6.tar.gz	1309171	ok	CURSES/mvscanw.c
APPS	oleo1.6.tar.gz	1309171	ok	CURSES/mvwin.c
APPS	oleo1.6.tar.gz	1309171	ok	CURSES/newwin.c
APPS	oleo1.6.tar.gz	1309171	ok	CURSES/overlay.c
APPS	oleo1.6.tar.gz	1309171	ok	CURSES/overwrite.c
APPS	oleo1.6.tar.gz	1309171	ok	CURSES/printw.c
APPS	oleo1.6.tar.gz	1309171	ok	CURSES/putchar.c
APPS	oleo1.6.tar.gz	1309171	ok	CURSES/readme
APPS	oleo1.6.tar.gz	1309171	ok	CURSES/refresh.c
APPS	oleo1.6.tar.gz	1309171	ok	CURSES/scanw.c
APPS	oleo1.6.tar.gz	1309171	ok	CURSES/scroll.c
APPS	oleo1.6.tar.gz	1309171	ok	CURSES/standout.c
APPS	oleo1.6.tar.gz	1309171	ok	CURSES/toucholap.c
APPS	oleo1.6.tar.gz	1309171	ok	CURSES/touchwin.c
APPS	oleo1.6.tar.gz	1309171	ok	CURSES/tstp.c
APPS	oleo1.6.tar.gz	1309171	ok	CURSES/unctrl.c
APPS	oleo1.6.tar.gz	1309171	ok	CURSES/MANUAL
APPS	oleo1.6.tar.gz	1309171	ok	CURSES/MANUAL/appen.a
APPS	oleo1.6.tar.gz	1309171	ok	CURSES/MANUAL/appen.b
APPS	oleo1.6.tar.gz	1309171	ok	CURSES/MANUAL/appen.c
APPS	oleo1.6.tar.gz	1309171	ok	CURSES/MANUAL/c_macros
APPS	oleo1.6.tar.gz	1309171	ok	CURSES/MANUAL/doc.i
APPS	oleo1.6.tar.gz	1309171	ok	CURSES/MANUAL/doc.ii
APPS	oleo1.6.tar.gz	1309171	ok	CURSES/MANUAL/doc.iii
APPS	oleo1.6.tar.gz	1309171	ok	CURSES/MANUAL/doc.iv
APPS	oleo1.6.tar.gz	1309171	ok	CURSES/MANUAL/intro.0
APPS	oleo1.6.tar.gz	1309171	ok	CURSES/MANUAL/intro.1
APPS	oleo1.6.tar.gz	1309171	ok	CURSES/MANUAL/intro.2
APPS	oleo1.6.tar.gz	1309171	ok	CURSES/MANUAL/intro.3
APPS	oleo1.6.tar.gz	1309171	ok	CURSES/MANUAL/intro.4
APPS	oleo1.6.tar.gz	1309171	ok	CURSES/MANUAL/intro.5
APPS	oleo1.6.tar.gz	1309171	ok	CURSES/MANUAL/life.c
APPS	oleo1.6.tar.gz	1309171	ok	CURSES/MANUAL/macros
APPS	oleo1.6.tar.gz	1309171	ok	CURSES/MANUAL/makefile
APPS	oleo1.6.tar.gz	1309171	ok	CURSES/MANUAL/master
APPS	oleo1.6.tar.gz	1309171	ok	CURSES/MANUAL/twinkle1.c
APPS	oleo1.6.tar.gz	1309171	ok	CURSES/MANUAL/twinkle2.c
APPS	oleo1.6.tar.gz	1309171	ok	CURSES/MANUAL/win_st.c
APPS	oleo1.6.tar.gz	1309171	ok	CURSES/RELS
APPS	oleo1.6.tar.gz	1309171	ok	CURSES/RELS/addch.r
APPS	oleo1.6.tar.gz	1309171	ok	CURSES/RELS/addstr.r
APPS	oleo1.6.tar.gz	1309171	ok	CURSES/RELS/box.r
APPS	oleo1.6.tar.gz	1309171	ok	CURSES/RELS/clear.r
APPS	oleo1.6.tar.gz	1309171	ok	CURSES/RELS/clrtobot.r
APPS	oleo1.6.tar.gz	1309171	ok	CURSES/RELS/clrtoeol.r
APPS	oleo1.6.tar.gz	1309171	ok	CURSES/RELS/cr_put.r
APPS	oleo1.6.tar.gz	1309171	ok	CURSES/RELS/cr_tty.r
APPS	oleo1.6.tar.gz	1309171	ok	CURSES/RELS/curses.r
APPS	oleo1.6.tar.gz	1309171	ok	CURSES/RELS/delch.r
APPS	oleo1.6.tar.gz	1309171	ok	CURSES/RELS/deleteln.r
APPS	oleo1.6.tar.gz	1309171	ok	CURSES/RELS/delwin.r
APPS	oleo1.6.tar.gz	1309171	ok	CURSES/RELS/endwin.r
APPS	oleo1.6.tar.gz	1309171	ok	CURSES/RELS/erase.r
APPS	oleo1.6.tar.gz	1309171	ok	CURSES/RELS/fullname.r
APPS	oleo1.6.tar.gz	1309171	ok	CURSES/RELS/getch.r
APPS	oleo1.6.tar.gz	1309171	ok	CURSES/RELS/getstr.r
APPS	oleo1.6.tar.gz	1309171	ok	CURSES/RELS/idlok.r
APPS	oleo1.6.tar.gz	1309171	ok	CURSES/RELS/id_subwins.r
APPS	oleo1.6.tar.gz	1309171	ok	CURSES/RELS/initscr.r
APPS	oleo1.6.tar.gz	1309171	ok	CURSES/RELS/insch.r
APPS	oleo1.6.tar.gz	1309171	ok	CURSES/RELS/insertln.r
APPS	oleo1.6.tar.gz	1309171	ok	CURSES/RELS/longname.r
APPS	oleo1.6.tar.gz	1309171	ok	CURSES/RELS/move.r
APPS	oleo1.6.tar.gz	1309171	ok	CURSES/RELS/mvprintw.r
APPS	oleo1.6.tar.gz	1309171	ok	CURSES/RELS/mvscanw.r
APPS	oleo1.6.tar.gz	1309171	ok	CURSES/RELS/mvwin.r
APPS	oleo1.6.tar.gz	1309171	ok	CURSES/RELS/newwin.r
APPS	oleo1.6.tar.gz	1309171	ok	CURSES/RELS/overlay.r
APPS	oleo1.6.tar.gz	1309171	ok	CURSES/RELS/overwrite.r
APPS	oleo1.6.tar.gz	1309171	ok	CURSES/RELS/printw.r
APPS	oleo1.6.tar.gz	1309171	ok	CURSES/RELS/putchar.r
APPS	oleo1.6.tar.gz	1309171	ok	CURSES/RELS/refresh.r
APPS	oleo1.6.tar.gz	1309171	ok	CURSES/RELS/scanw.r
APPS	oleo1.6.tar.gz	1309171	ok	CURSES/RELS/scroll.r
APPS	oleo1.6.tar.gz	1309171	ok	CURSES/RELS/standout.r
APPS	oleo1.6.tar.gz	1309171	ok	CURSES/RELS/toucholap.r
APPS	oleo1.6.tar.gz	1309171	ok	CURSES/RELS/touchwin.r
APPS	oleo1.6.tar.gz	1309171	ok	CURSES/RELS/tstp.r
APPS	oleo1.6.tar.gz	1309171	ok	CURSES/RELS/unctrl.r
APPS	oleo1.6.tar.gz	1309171	ok	LIBS
APPS	oleo1.6.tar.gz	1309171	ok	LIBS/htlib.l
APPS	oleo1.6.tar.gz	1309171	ok	LIBS/htlibg.l
APPS	oleo1.6.tar.gz	1309171	ok	LIBS/libcurses.l
APPS	oleo1.6.tar.gz	1309171	ok	CMDS
APPS	oleo1.6.tar.gz	1309171	ok	CMDS/oleo
APPS	oleo1.6.tar.gz	1309171	ok	readme
APPS	sc.lzh	151588	ok	sc/1040.tax.1991.sc
APPS	sc.lzh	151588	ok	sc/cmds/cat
APPS	sc.lzh	151588	ok	sc/cmds/psc
APPS	sc.lzh	151588	ok	sc/cmds/sc
APPS	sc.lzh	151588	ok	sc/cmds/scqref
APPS	sc.lzh	151588	ok	sc/doc/psc.man
APPS	sc.lzh	151588	ok	sc/doc/readme.unix
APPS	sc.lzh	151588	ok	sc/doc/sc.man
APPS	sc.lzh	151588	ok	sc/doc/sc.msg
APPS	sc.lzh	151588	ok	sc/doc/todo.unix
APPS	sc.lzh	151588	ok	sc/doc/tutorial.sc
APPS	sc.lzh	151588	ok	sc/manifest.sc
APPS	sc.lzh	151588	ok	sc/readme.sc.osk
APPS	sox_osk.lzh	95214	ok	great_oz.echo.iff
APPS	sox_osk.lzh	95214	ok	great_oz.iff
APPS	sox_osk.lzh	95214	ok	great_oz.vibro.echo.iff
APPS	sox_osk.lzh	95214	ok	great_oz.vibro.iff
APPS	sox_osk.lzh	95214	ok	sox
APPS	trminfo1.lzh	12544	ok	Manifest.trm
APPS	trminfo1.lzh	12544	ok	SYS/TERM/a/abm85
APPS	trminfo1.lzh	12544	ok	SYS/TERM/a/abm85h
APPS	trminfo1.lzh	12544	ok	SYS/TERM/a/adm3
APPS	trminfo1.lzh	12544	ok	SYS/TERM/a/adm31
APPS	trminfo1.lzh	12544	ok	SYS/TERM/a/adm3a
APPS	trminfo1.lzh	12544	ok	SYS/TERM/a/ansi
APPS	trminfo1.lzh	12544	ok	SYS/TERM/c/coco3
APPS	trminfo1.lzh	12544	ok	SYS/TERM/d/dt100
APPS	trminfo1.lzh	12544	ok	SYS/TERM/d/dt100.nrv
APPS	trminfo1.lzh	12544	ok	SYS/TERM/s/st
APPS	trminfo1.lzh	12544	ok	SYS/TERM/t/tvi912
APPS	trminfo1.lzh	12544	ok	SYS/TERM/t/tvi912c
APPS	trminfo1.lzh	12544	ok	SYS/TERM/t/tvi920c
APPS	trminfo1.lzh	12544	ok	SYS/TERM/v/vga
APPS	trminfo1.lzh	12544	ok	SYS/TERM/v/vga.nrv
APPS	trminfo1.lzh	12544	ok	SYS/TERM/v/vsc
APPS	trminfo1.lzh	12544	ok	SYS/TERM/v/vsc1
APPS	trminfo1.lzh	12544	ok	SYS/TERM/v/vt100
APPS	trminfo1.lzh	12544	ok	SYS/TERM/v/vt52
APPS	trminfo1.lzh	12544	ok	SYS/TERM/w/w60
APPS	trminfo1.lzh	12544	ok	SYS/TERM/w/w60.nrv
APPS	trminfo1.lzh	12544	ok	SYS/TERM/w/win
APPS	trminfo1.lzh	12544	ok	SYS/TERM/w/win40x25
APPS	trminfo1.lzh	12544	ok	SYS/TERM/w/win40x26
APPS	trminfo1.lzh	12544	ok	SYS/TERM/w/win40x51
APPS	trminfo1.lzh	12544	ok	SYS/TERM/w/win80x25
APPS	trminfo1.lzh	12544	ok	SYS/TERM/w/win90x29
APPS	trminfo1.lzh	12544	ok	SYS/TERM/w/win90x59
APPS	trminfo1.lzh	12544	ok	readme.terminfo
DEMOS	UB68K.ABS	300	bare_file	UB68K.ABS
DEMOS	UB_68000.LZH	108982	ok	basic.h
DEMOS	UB_68000.LZH	108982	ok	basic.l
DEMOS	UB_68000.LZH	108982	ok	bench1
DEMOS	UB_68000.LZH	108982	ok	bench1.b
DEMOS	UB_68000.LZH	108982	ok	bench10
DEMOS	UB_68000.LZH	108982	ok	bench10.b
DEMOS	UB_68000.LZH	108982	ok	bench11.b
DEMOS	UB_68000.LZH	108982	ok	bench2
DEMOS	UB_68000.LZH	108982	ok	bench2.b
DEMOS	UB_68000.LZH	108982	ok	bench3
DEMOS	UB_68000.LZH	108982	ok	bench3.b
DEMOS	UB_68000.LZH	108982	ok	bench4
DEMOS	UB_68000.LZH	108982	ok	bench4.b
DEMOS	UB_68000.LZH	108982	ok	bench5
DEMOS	UB_68000.LZH	108982	ok	bench5.b
DEMOS	UB_68000.LZH	108982	ok	bench6
DEMOS	UB_68000.LZH	108982	ok	bench6.b
DEMOS	UB_68000.LZH	108982	ok	bench7
DEMOS	UB_68000.LZH	108982	ok	bench7.b
DEMOS	UB_68000.LZH	108982	ok	bench8
DEMOS	UB_68000.LZH	108982	ok	bench8.b
DEMOS	UB_68000.LZH	108982	ok	bench9
DEMOS	UB_68000.LZH	108982	ok	bench9.b
DEMOS	UB_68000.LZH	108982	ok	cat.b
DEMOS	UB_68000.LZH	108982	ok	conv.b
DEMOS	UB_68000.LZH	108982	ok	fdump.b
DEMOS	UB_68000.LZH	108982	ok	lst.b
DEMOS	UB_68000.LZH	108982	ok	mini_manual
DEMOS	UB_68000.LZH	108982	ok	pu.b
DEMOS	UB_68000.LZH	108982	ok	pu1.b
DEMOS	UB_68000.LZH	108982	ok	pu2.b
DEMOS	UB_68000.LZH	108982	ok	pu3.b
DEMOS	UB_68000.LZH	108982	ok	pu4.b
DEMOS	UB_68000.LZH	108982	ok	pu5.b
DEMOS	UB_68000.LZH	108982	ok	pu6.b
DEMOS	UB_68000.LZH	108982	ok	read.me
DEMOS	UB_68000.LZH	108982	ok	rm.b
DEMOS	UB_68000.LZH	108982	ok	ub68kdemo
DEMOS	UB_68000.LZH	108982	ok	unibasic.faq
DEMOS	UB_68020.LZH	103202	ok	basic.h
DEMOS	UB_68020.LZH	103202	ok	basic.l
DEMOS	UB_68020.LZH	103202	ok	bench1
DEMOS	UB_68020.LZH	103202	ok	bench1.b
DEMOS	UB_68020.LZH	103202	ok	bench10
DEMOS	UB_68020.LZH	103202	ok	bench10.b
DEMOS	UB_68020.LZH	103202	ok	bench11.b
DEMOS	UB_68020.LZH	103202	ok	bench2
DEMOS	UB_68020.LZH	103202	ok	bench2.b
DEMOS	UB_68020.LZH	103202	ok	bench3
DEMOS	UB_68020.LZH	103202	ok	bench3.b
DEMOS	UB_68020.LZH	103202	ok	bench4
DEMOS	UB_68020.LZH	103202	ok	bench4.b
DEMOS	UB_68020.LZH	103202	ok	bench5
DEMOS	UB_68020.LZH	103202	ok	bench5.b
DEMOS	UB_68020.LZH	103202	ok	bench6
DEMOS	UB_68020.LZH	103202	ok	bench6.b
DEMOS	UB_68020.LZH	103202	ok	bench7
DEMOS	UB_68020.LZH	103202	ok	bench7.b
DEMOS	UB_68020.LZH	103202	ok	bench8
DEMOS	UB_68020.LZH	103202	ok	bench8.b
DEMOS	UB_68020.LZH	103202	ok	bench9
DEMOS	UB_68020.LZH	103202	ok	bench9.b
DEMOS	UB_68020.LZH	103202	ok	cat.b
DEMOS	UB_68020.LZH	103202	ok	conv.b
DEMOS	UB_68020.LZH	103202	ok	fdump.b
DEMOS	UB_68020.LZH	103202	ok	lst.b
DEMOS	UB_68020.LZH	103202	ok	mini_manual
DEMOS	UB_68020.LZH	103202	ok	pu.b
DEMOS	UB_68020.LZH	103202	ok	pu1.b
DEMOS	UB_68020.LZH	103202	ok	pu2.b
DEMOS	UB_68020.LZH	103202	ok	pu3.b
DEMOS	UB_68020.LZH	103202	ok	pu4.b
DEMOS	UB_68020.LZH	103202	ok	pu5.b
DEMOS	UB_68020.LZH	103202	ok	pu6.b
DEMOS	UB_68020.LZH	103202	ok	read.me
DEMOS	UB_68020.LZH	103202	ok	rm.b
DEMOS	UB_68020.LZH	103202	ok	ubdemo
DEMOS	UB_68020.LZH	103202	ok	unibasic.faq
SRC	boyerm.c	3272	bare_file	boyerm.c
SRC	cron.tar.Z	5798	ok	cron.doc
SRC	cron.tar.Z	5798	ok	Makefile
SRC	cron.tar.Z	5798	ok	cron.c
SRC	cron.tar.Z	5798	ok	crontab.eg
SRC	cron.tar.Z	5798	ok	telcron.c
SRC	dhry.lzh	99983	ok	DHRYSTONE/
SRC	dhry.lzh	99983	ok	DHRYSTONE/Makefile
SRC	dhry.lzh	99983	ok	DHRYSTONE/README
SRC	dhry.lzh	99983	ok	DHRYSTONE/dhry
SRC	dhry.lzh	99983	ok	DHRYSTONE/dhryGcc
SRC	dhry.lzh	99983	ok	DHRYSTONE/dhryGcc2
SRC	dhry.lzh	99983	ok	DHRYSTONE/dhryGcc2in
SRC	dhry.lzh	99983	ok	DHRYSTONE/dhryGcc2mx
SRC	dhry.lzh	99983	ok	DHRYSTONE/dhryGcc2o2
SRC	dhry.lzh	99983	ok	DHRYSTONE/dhryGccin
SRC	dhry.lzh	99983	ok	DHRYSTONE/dhryGccmx
SRC	dhry.lzh	99983	ok	DHRYSTONE/dhryGcco2
SRC	dhry.lzh	99983	ok	DHRYSTONE/dhryO2
SRC	dhry.lzh	99983	ok	DHRYSTONE/dhry_gbl.h
SRC	dhry.lzh	99983	ok	DHRYSTONE/dhry_p1.c
SRC	dhry.lzh	99983	ok	DHRYSTONE/dhry_p1.r
SRC	dhry.lzh	99983	ok	DHRYSTONE/dhry_p2.c
SRC	dhry.lzh	99983	ok	DHRYSTONE/dhry_p2.r
SRC	dhry.lzh	99983	ok	DHRYSTONE/dhryshamu
SRC	dhry.lzh	99983	ok	DHRYSTONE/dhryshamu2
SRC	drivr.c	7507	bare_file	drivr.c
SRC	less.tar.Z	93201	ok	LESS/
SRC	less.tar.Z	93201	ok	LESS/README
SRC	less.tar.Z	93201	ok	LESS/ch.c
SRC	less.tar.Z	93201	ok	LESS/cmd.h
SRC	less.tar.Z	93201	ok	LESS/command.c
SRC	less.tar.Z	93201	ok	LESS/decode.c
SRC	less.tar.Z	93201	ok	LESS/defines.h
SRC	less.tar.Z	93201	ok	LESS/funcs.h
SRC	less.tar.Z	93201	ok	LESS/help.c
SRC	less.tar.Z	93201	ok	LESS/input.c
SRC	less.tar.Z	93201	ok	LESS/less.h
SRC	less.tar.Z	93201	ok	LESS/less.help
SRC	less.tar.Z	93201	ok	LESS/less.nro
SRC	less.tar.Z	93201	ok	LESS/prompt.c
SRC	less.tar.Z	93201	ok	LESS/screen.c
SRC	less.tar.Z	93201	ok	LESS/signal.c
SRC	less.tar.Z	93201	ok	LESS/tags.c
SRC	less.tar.Z	93201	ok	LESS/lesskey
SRC	less.tar.Z	93201	ok	LESS/lesskey.c
SRC	less.tar.Z	93201	ok	LESS/lesskey.nro
SRC	less.tar.Z	93201	ok	LESS/ttyin.c
SRC	less.tar.Z	93201	ok	LESS/vecho.c
SRC	less.tar.Z	93201	ok	LESS/version.c
SRC	less.tar.Z	93201	ok	LESS/line.c
SRC	less.tar.Z	93201	ok	LESS/linenum.c
SRC	less.tar.Z	93201	ok	LESS/main.c
SRC	less.tar.Z	93201	ok	LESS/makefile
SRC	less.tar.Z	93201	ok	LESS/mkfuncs.awk
SRC	less.tar.Z	93201	ok	LESS/option.c
SRC	less.tar.Z	93201	ok	LESS/os.c
SRC	less.tar.Z	93201	ok	LESS/output.c
SRC	less.tar.Z	93201	ok	LESS/position.c
SRC	less.tar.Z	93201	ok	LESS/position.h
SRC	less.tar.Z	93201	ok	LESS/prim.c
SRC	less.tar.Z	93201	ok	LESS/README.OSK
SRC	less.v177.lzh	263629	ok	less/CHANGES
SRC	less.v177.lzh	263629	ok	less/CMDS/less
SRC	less.v177.lzh	263629	ok	less/CMDS/lesskey
SRC	less.v177.lzh	263629	ok	less/Makefile
SRC	less.v177.lzh	263629	ok	less/README
SRC	less.v177.lzh	263629	ok	less/RELS/brac.r
SRC	less.v177.lzh	263629	ok	less/RELS/ch.r
SRC	less.v177.lzh	263629	ok	less/RELS/charset.r
SRC	less.v177.lzh	263629	ok	less/RELS/cmdbuf.r
SRC	less.v177.lzh	263629	ok	less/RELS/command.r
SRC	less.v177.lzh	263629	ok	less/RELS/decode.r
SRC	less.v177.lzh	263629	ok	less/RELS/edit.r
SRC	less.v177.lzh	263629	ok	less/RELS/filename.r
SRC	less.v177.lzh	263629	ok	less/RELS/forwback.r
SRC	less.v177.lzh	263629	ok	less/RELS/help.r
SRC	less.v177.lzh	263629	ok	less/RELS/input.r
SRC	less.v177.lzh	263629	ok	less/RELS/jump.r
SRC	less.v177.lzh	263629	ok	less/RELS/line.r
SRC	less.v177.lzh	263629	ok	less/RELS/linenum.r
SRC	less.v177.lzh	263629	ok	less/RELS/lsystem.r
SRC	less.v177.lzh	263629	ok	less/RELS/main.r
SRC	less.v177.lzh	263629	ok	less/RELS/optfunc.r
SRC	less.v177.lzh	263629	ok	less/RELS/option.r
SRC	less.v177.lzh	263629	ok	less/RELS/opttbl.r
SRC	less.v177.lzh	263629	ok	less/RELS/os.r
SRC	less.v177.lzh	263629	ok	less/RELS/osk.r
SRC	less.v177.lzh	263629	ok	less/brac.c
SRC	less.v177.lzh	263629	ok	less/ch.c
SRC	less.v177.lzh	263629	ok	less/charset.c
SRC	less.v177.lzh	263629	ok	less/cmd.h
SRC	less.v177.lzh	263629	ok	less/cmdbuf.c
SRC	less.v177.lzh	263629	ok	less/command.c
SRC	less.v177.lzh	263629	ok	less/decode.c
SRC	less.v177.lzh	263629	ok	less/defines.h
SRC	less.v177.lzh	263629	ok	less/edit.c
SRC	less.v177.lzh	263629	ok	less/filename.c
SRC	less.v177.lzh	263629	ok	less/forwback.c
SRC	less.v177.lzh	263629	ok	less/funcs.h
SRC	less.v177.lzh	263629	ok	less/help.c
SRC	less.v177.lzh	263629	ok	less/ifile.c
SRC	less.v177.lzh	263629	ok	less/input.c
SRC	less.v177.lzh	263629	ok	less/jump.c
SRC	less.v177.lzh	263629	ok	less/less.h
SRC	less.v177.lzh	263629	ok	less/less.hlp
SRC	less.v177.lzh	263629	ok	less/less.man
SRC	less.v177.lzh	263629	ok	less/less.nro
SRC	less.v177.lzh	263629	ok	less/lesskey.c
SRC	less.v177.lzh	263629	ok	less/lesskey.man
SRC	less.v177.lzh	263629	ok	less/lesskey.nro
SRC	less.v177.lzh	263629	ok	less/line.c
SRC	less.v177.lzh	263629	ok	less/linenum.c
SRC	less.v177.lzh	263629	ok	less/linstall
SRC	less.v177.lzh	263629	ok	less/lsystem.c
SRC	less.v177.lzh	263629	ok	less/main.c
SRC	less.v177.lzh	263629	ok	less/mark.c
SRC	less.v177.lzh	263629	ok	less/mkfuncs.awk
SRC	less.v177.lzh	263629	ok	less/optfunc.c
SRC	less.v177.lzh	263629	ok	less/option.c
SRC	less.v177.lzh	263629	ok	less/option.h
SRC	less.v177.lzh	263629	ok	less/opttbl.c
SRC	less.v177.lzh	263629	ok	less/os.c
SRC	less.v177.lzh	263629	ok	less/osk.c
SRC	less.v177.lzh	263629	ok	less/output.c
SRC	less.v177.lzh	263629	ok	less/position.c
SRC	less.v177.lzh	263629	ok	less/position.h
SRC	less.v177.lzh	263629	ok	less/prompt.c
SRC	less.v177.lzh	263629	ok	less/readme.osk
SRC	less.v177.lzh	263629	ok	less/regex.c
SRC	less.v177.lzh	263629	ok	less/regex.h
SRC	less.v177.lzh	263629	ok	less/screen.c
SRC	less.v177.lzh	263629	ok	less/search.c
SRC	less.v177.lzh	263629	ok	less/signal.c
SRC	less.v177.lzh	263629	ok	less/tags
SRC	less.v177.lzh	263629	ok	less/tags.c
SRC	less.v177.lzh	263629	ok	less/ttyin.c
SRC	less.v177.lzh	263629	ok	less/vecho
SRC	less.v177.lzh	263629	ok	less/vecho.c
SRC	less.v177.lzh	263629	ok	less/version.c
SRC	lharc.lzh	116224	ok	lharc/readme
SRC	lharc.lzh	116224	ok	LHARC/README.1st
SRC	lharc.lzh	116224	ok	LHARC/README.cio
SRC	lharc.lzh	116224	ok	LHARC/lharc.c
SRC	lharc.lzh	116224	ok	LHARC/lharc.cio
SRC	lharc.lzh	116224	ok	LHARC/lharc.doc
SRC	lharc.lzh	116224	ok	LHARC/lharc.no_cio
SRC	lharc.lzh	116224	ok	LHARC/lhdir.c
SRC	lharc.lzh	116224	ok	LHARC/lhdir.h
SRC	lharc.lzh	116224	ok	LHARC/lhio.c
SRC	lharc.lzh	116224	ok	LHARC/lhio.h
SRC	lharc.lzh	116224	ok	LHARC/lzhuf.c
SRC	lharc.lzh	116224	ok	LHARC/make.date
SRC	lharc.lzh	116224	ok	LHARC/makefile
SRC	lharc.lzh	116224	ok	LHARC/makefile.cc_osk
SRC	lharc.lzh	116224	ok	LHARC/makefile.gcc
SRC	lharc.lzh	116224	ok	README.lharc
SRC	lharc.lzh	116224	ok	lharc.tuned
SRC	lharc141.lzh	115266	ok	lharc/copyright.notice
SRC	lharc141.lzh	115266	ok	LHARC/DEFS_SYS/stat.h
SRC	lharc141.lzh	115266	ok	LHARC/DEFS_SYS/types.h
SRC	lharc141.lzh	115266	ok	LHARC/LIB/blarslib.l
SRC	lharc141.lzh	115266	ok	lharc/readme
SRC	lharc141.lzh	115266	ok	LHARC/README.1st
SRC	lharc141.lzh	115266	ok	LHARC/lharc
SRC	lharc141.lzh	115266	ok	LHARC/lharc.c
SRC	lharc141.lzh	115266	ok	LHARC/lharc.doc
SRC	lharc141.lzh	115266	ok	LHARC/lharcs
SRC	lharc141.lzh	115266	ok	LHARC/lhdir.c
SRC	lharc141.lzh	115266	ok	LHARC/lhdir.h
SRC	lharc141.lzh	115266	ok	LHARC/lhio.c
SRC	lharc141.lzh	115266	ok	LHARC/lhio.h
SRC	lharc141.lzh	115266	ok	LHARC/lzhuf.c
SRC	lharc141.lzh	115266	ok	LHARC/make.date
SRC	lharc141.lzh	115266	ok	LHARC/makefile
SRC	lharc141.lzh	115266	ok	LHARC/makefile.cc_osk
SRC	lharc141.lzh	115266	ok	LHARC/makefile.gcc
SRC	lharc141.lzh	115266	ok	LHARC/makefile.strict
SRC	lharc141.lzh	115266	ok	LHARC/oskio.c
SRC	lharc141.lzh	115266	ok	LHARC/readme.lharc
SRC	lharc141.lzh	115266	ok	LHARC/stat.c
SRC	lharc141.lzh	115266	ok	LHARC/stat.h
SRC	lharc141.lzh	115266	ok	LHARC/utime.c
SRC	linkup_src.tar.gz	68954	ok	linkup_src
SRC	linkup_src.tar.gz	68954	ok	linkup_src/about.c
SRC	linkup_src.tar.gz	68954	ok	linkup_src/adds.c
SRC	linkup_src.tar.gz	68954	ok	linkup_src/affirm.c
SRC	linkup_src.tar.gz	68954	ok	linkup_src/ansi.c
SRC	linkup_src.tar.gz	68954	ok	linkup_src/ansishow.c
SRC	linkup_src.tar.gz	68954	ok	linkup_src/autodial.c
SRC	linkup_src.tar.gz	68954	ok	linkup_src/buffersubs.c
SRC	linkup_src.tar.gz	68954	ok	linkup_src/button.c
SRC	linkup_src.tar.gz	68954	ok	linkup_src/capture.c
SRC	linkup_src.tar.gz	68954	ok	linkup_src/cleanup.c
SRC	linkup_src.tar.gz	68954	ok	linkup_src/conference.c
SRC	linkup_src.tar.gz	68954	ok	linkup_src/config.c
SRC	linkup_src.tar.gz	68954	ok	linkup_src/deskrc.c
SRC	linkup_src.tar.gz	68954	ok	linkup_src/dialfile.c
SRC	linkup_src.tar.gz	68954	ok	linkup_src/do_close.c
SRC	linkup_src.tar.gz	68954	ok	linkup_src/do_colors.c
SRC	linkup_src.tar.gz	68954	ok	linkup_src/do_file.c
SRC	linkup_src.tar.gz	68954	ok	linkup_src/do_font.c
SRC	linkup_src.tar.gz	68954	ok	linkup_src/do_modem.c
SRC	linkup_src.tar.gz	68954	ok	linkup_src/do_mouse.c
SRC	linkup_src.tar.gz	68954	ok	linkup_src/do_movewin.c
SRC	linkup_src.tar.gz	68954	ok	linkup_src/do_settings.c
SRC	linkup_src.tar.gz	68954	ok	linkup_src/echo.c
SRC	linkup_src.tar.gz	68954	ok	linkup_src/env.c
SRC	linkup_src.tar.gz	68954	ok	linkup_src/events.c
SRC	linkup_src.tar.gz	68954	ok	linkup_src/fnkeys.c
SRC	linkup_src.tar.gz	68954	ok	linkup_src/fontselect.c
SRC	linkup_src.tar.gz	68954	ok	linkup_src/gsmsel.c
SRC	linkup_src.tar.gz	68954	ok	linkup_src/icons.c
SRC	linkup_src.tar.gz	68954	ok	linkup_src/kermit.c
SRC	linkup_src.tar.gz	68954	ok	linkup_src/kwindows.c
SRC	linkup_src.tar.gz	68954	ok	linkup_src/linkup.c
SRC	linkup_src.tar.gz	68954	ok	linkup_src/loadmods.c
SRC	linkup_src.tar.gz	68954	ok	linkup_src/macros.c
SRC	linkup_src.tar.gz	68954	ok	linkup_src/mainloop.c
SRC	linkup_src.tar.gz	68954	ok	linkup_src/parse.c
SRC	linkup_src.tar.gz	68954	ok	linkup_src/phonebook.c
SRC	linkup_src.tar.gz	68954	ok	linkup_src/pipe.c
SRC	linkup_src.tar.gz	68954	ok	linkup_src/portsnooze.c
SRC	linkup_src.tar.gz	68954	ok	linkup_src/setup.c
SRC	linkup_src.tar.gz	68954	ok	linkup_src/sound.c
SRC	linkup_src.tar.gz	68954	ok	linkup_src/textbox.c
SRC	linkup_src.tar.gz	68954	ok	linkup_src/titleset.c
SRC	linkup_src.tar.gz	68954	ok	linkup_src/transfer.c
SRC	linkup_src.tar.gz	68954	ok	linkup_src/vt100.c
SRC	linkup_src.tar.gz	68954	ok	linkup_src/window_routines.c
SRC	linkup_src.tar.gz	68954	ok	linkup_src/wyse50.c
SRC	linkup_src.tar.gz	68954	ok	linkup_src/xyzmodem.c
SRC	linkup_src.tar.gz	68954	ok	linkup_src/linkup_68k.mak
SRC	linkup_src.tar.gz	68954	ok	linkup_src/linkup_cpu32.mak
SRC	linkup_src.tar.gz	68954	ok	linkup_src/button.h
SRC	linkup_src.tar.gz	68954	ok	linkup_src/common.h
SRC	linkup_src.tar.gz	68954	ok	linkup_src/dt_colors.h
SRC	linkup_src.tar.gz	68954	ok	linkup_src/font.h
SRC	linkup_src.tar.gz	68954	ok	linkup_src/icons.h
SRC	linkup_src.tar.gz	68954	ok	linkup_src/io.h
SRC	linkup_src.tar.gz	68954	ok	linkup_src/kwin2mgr.h
SRC	linkup_src.tar.gz	68954	ok	linkup_src/linkup.h
SRC	linkup_src.tar.gz	68954	ok	linkup_src/menulib.h
SRC	linkup_src.tar.gz	68954	ok	linkup_src/proto.h
SRC	linkup_src.tar.gz	68954	ok	linkup_src/sound.h
SRC	linkup_src.tar.gz	68954	ok	linkup_src/textbox.h
SRC	linkup_src.tar.gz	68954	ok	linkup_src/windef.h
SRC	linkup_src.tar.gz	68954	ok	linkup_src/linkup.pjt
SRC	linkup_src.tar.gz	68954	ok	linkup_src/idir_cpu32
SRC	linkup_src.tar.gz	68954	ok	linkup_src/idir_68k
SRC	msdos_diskaccess.lzh	52224	ok	MS_DISK_ACCESS/Customize
SRC	msdos_diskaccess.lzh	52224	ok	ms_disk_access/manifest
SRC	msdos_diskaccess.lzh	52224	ok	MS_DISK_ACCESS/Makefile
SRC	msdos_diskaccess.lzh	52224	ok	MS_DISK_ACCESS/Mcopy.1
SRC	msdos_diskaccess.lzh	52224	ok	MS_DISK_ACCESS/Mdel.1
SRC	msdos_diskaccess.lzh	52224	ok	MS_DISK_ACCESS/Mdir.1
SRC	msdos_diskaccess.lzh	52224	ok	MS_DISK_ACCESS/Mkdfs.1
SRC	msdos_diskaccess.lzh	52224	ok	MS_DISK_ACCESS/Mmd.1
SRC	msdos_diskaccess.lzh	52224	ok	MS_DISK_ACCESS/Mrd.1
SRC	msdos_diskaccess.lzh	52224	ok	MS_DISK_ACCESS/Mread.1
SRC	msdos_diskaccess.lzh	52224	ok	MS_DISK_ACCESS/Mren.1
SRC	msdos_diskaccess.lzh	52224	ok	MS_DISK_ACCESS/Mtype.1
SRC	msdos_diskaccess.lzh	52224	ok	MS_DISK_ACCESS/Mwrite.1
SRC	msdos_diskaccess.lzh	52224	ok	MS_DISK_ACCESS/README.osk
SRC	msdos_diskaccess.lzh	52224	ok	MS_DISK_ACCESS/Readme
SRC	msdos_diskaccess.lzh	52224	ok	MS_DISK_ACCESS/bootblk.h
SRC	msdos_diskaccess.lzh	52224	ok	MS_DISK_ACCESS/convdate.c
SRC	msdos_diskaccess.lzh	52224	ok	MS_DISK_ACCESS/devices.c
SRC	msdos_diskaccess.lzh	52224	ok	MS_DISK_ACCESS/devices.h
SRC	msdos_diskaccess.lzh	52224	ok	MS_DISK_ACCESS/fixname.c
SRC	msdos_diskaccess.lzh	52224	ok	MS_DISK_ACCESS/getfat.c
SRC	msdos_diskaccess.lzh	52224	ok	MS_DISK_ACCESS/hdtoms.c
SRC	msdos_diskaccess.lzh	52224	ok	MS_DISK_ACCESS/hdtoms.tos.c
SRC	msdos_diskaccess.lzh	52224	ok	MS_DISK_ACCESS/init.c
SRC	msdos_diskaccess.lzh	52224	ok	MS_DISK_ACCESS/isdir.c
SRC	msdos_diskaccess.lzh	52224	ok	MS_DISK_ACCESS/match.c
SRC	msdos_diskaccess.lzh	52224	ok	MS_DISK_ACCESS/mcopy.c
SRC	msdos_diskaccess.lzh	52224	ok	MS_DISK_ACCESS/mdel.c
SRC	msdos_diskaccess.lzh	52224	ok	MS_DISK_ACCESS/mdir.c
SRC	msdos_diskaccess.lzh	52224	ok	MS_DISK_ACCESS/mkdfs.c
SRC	msdos_diskaccess.lzh	52224	ok	MS_DISK_ACCESS/mkentry.c
SRC	msdos_diskaccess.lzh	52224	ok	MS_DISK_ACCESS/mmd.c
SRC	msdos_diskaccess.lzh	52224	ok	MS_DISK_ACCESS/mrd.c
SRC	msdos_diskaccess.lzh	52224	ok	MS_DISK_ACCESS/mread.c
SRC	msdos_diskaccess.lzh	52224	ok	MS_DISK_ACCESS/mren.c
SRC	msdos_diskaccess.lzh	52224	ok	MS_DISK_ACCESS/msdos.h
SRC	msdos_diskaccess.lzh	52224	ok	MS_DISK_ACCESS/mstohd.c
SRC	msdos_diskaccess.lzh	52224	ok	MS_DISK_ACCESS/mstohd.d0.c
SRC	msdos_diskaccess.lzh	52224	ok	MS_DISK_ACCESS/mstohd.tos.c
SRC	msdos_diskaccess.lzh	52224	ok	MS_DISK_ACCESS/mtype.c
SRC	msdos_diskaccess.lzh	52224	ok	MS_DISK_ACCESS/mwrite.c
SRC	msdos_diskaccess.lzh	52224	ok	MS_DISK_ACCESS/notiz
SRC	msdos_diskaccess.lzh	52224	ok	MS_DISK_ACCESS/pdinfo
SRC	msdos_diskaccess.lzh	52224	ok	MS_DISK_ACCESS/putfat.c
SRC	msdos_diskaccess.lzh	52224	ok	MS_DISK_ACCESS/search.c
SRC	msdos_diskaccess.lzh	52224	ok	MS_DISK_ACCESS/subdir.c
SRC	msdos_diskaccess.lzh	52224	ok	MS_DISK_ACCESS/unixname.c
SRC	rex.tar.Z	12318	ok	.
SRC	rex.tar.Z	12318	ok	./Makefile
SRC	rex.tar.Z	12318	ok	./chp.c
SRC	rex.tar.Z	12318	ok	./rex.c
SRC	rex.tar.Z	12318	ok	./rexd.c
SRC	rex.tar.Z	12318	ok	./rexdc.c
SRC	rex.tar.Z	12318	ok	./README
SRC	rex.tar.Z	12318	ok	./remdate.c
SRC	screen.src.lzh	96053	ok	SCREEN_LIB/Makefile
SRC	screen.src.lzh	96053	ok	SCREEN_LIB/RELS/
SRC	screen.src.lzh	96053	ok	SCREEN_LIB/RELS/ansi.r
SRC	screen.src.lzh	96053	ok	SCREEN_LIB/RELS/screen
SRC	screen.src.lzh	96053	ok	SCREEN_LIB/RELS/screen.r
SRC	screen.src.lzh	96053	ok	SCREEN_LIB/RELS/select.r
SRC	screen.src.lzh	96053	ok	SCREEN_LIB/RELS/wait_nw.r
SRC	screen.src.lzh	96053	ok	SCREEN_LIB/ansi.c
SRC	screen.src.lzh	96053	ok	SCREEN_LIB/cern_readme
SRC	screen.src.lzh	96053	ok	SCREEN_LIB/manifest
SRC	screen.src.lzh	96053	ok	SCREEN_LIB/readme
SRC	screen.src.lzh	96053	ok	SCREEN_LIB/screen.c
SRC	screen.src.lzh	96053	ok	SCREEN_LIB/screen.c.orig
SRC	screen.src.lzh	96053	ok	SCREEN_LIB/screen.h
SRC	screen.src.lzh	96053	ok	SCREEN_LIB/screen.man
SRC	screen.src.lzh	96053	ok	SCREEN_LIB/select.c
SRC	screen.src.lzh	96053	ok	SCREEN_LIB/wait_nw.c
SRC	timer.c	2654	bare_file	timer.c
SRC	unc.lzh	28700	ok	UNC/Readme.OSK
SRC	unc.lzh	28700	ok	UNC/a.out.h
SRC	unc.lzh	28700	ok	UNC/alloc.c
SRC	unc.lzh	28700	ok	UNC/doc
SRC	unc.lzh	28700	ok	UNC/file.c
SRC	unc.lzh	28700	ok	UNC/getparms.c
SRC	unc.lzh	28700	ok	UNC/heur.c
SRC	unc.lzh	28700	ok	UNC/iset.c
SRC	unc.lzh	28700	ok	UNC/main.c
SRC	unc.lzh	28700	ok	UNC/makefile
SRC	unc.lzh	28700	ok	UNC/os9traps.c
SRC	unc.lzh	28700	ok	UNC/osk.c
SRC	unc.lzh	28700	ok	UNC/osk.h
SRC	unc.lzh	28700	ok	UNC/prin.c
SRC	unc.lzh	28700	ok	UNC/readme.1st
SRC	unc.lzh	28700	ok	UNC/readme.org
SRC	unc.lzh	28700	ok	UNC/readme.unx
SRC	unc.lzh	28700	ok	UNC/robj.c
SRC	unc.lzh	28700	ok	UNC/unc.h
SRC	xlisp.lzh	169984	ok	README.xlisp
SRC	xlisp.lzh	169984	ok	XLISP/CMDS/init.lsp
SRC	xlisp.lzh	169984	ok	XLISP/CMDS/xlisp
SRC	xlisp.lzh	169984	ok	XLISP/DOC/grunwald.doc
SRC	xlisp.lzh	169984	ok	XLISP/DOC/winterp.doc
SRC	xlisp.lzh	169984	ok	XLISP/DOC/xlisp.doc
SRC	xlisp.lzh	169984	ok	XLISP/SRC/getline.c
SRC	xlisp.lzh	169984	ok	XLISP/SRC/history.c
SRC	xlisp.lzh	169984	ok	XLISP/SRC/makefile
SRC	xlisp.lzh	169984	ok	XLISP/SRC/makefile.gcc
SRC	xlisp.lzh	169984	ok	XLISP/SRC/makefile.osk
SRC	xlisp.lzh	169984	ok	XLISP/SRC/os9stuff.c
SRC	xlisp.lzh	169984	ok	XLISP/SRC/osdefs.h
SRC	xlisp.lzh	169984	ok	XLISP/SRC/oskstuff.c
SRC	xlisp.lzh	169984	ok	XLISP/SRC/osptrs.h
SRC	xlisp.lzh	169984	ok	XLISP/SRC/signal.r
SRC	xlisp.lzh	169984	ok	XLISP/SRC/xlbfun.c
SRC	xlisp.lzh	169984	ok	XLISP/SRC/xlcont.c
SRC	xlisp.lzh	169984	ok	XLISP/SRC/xldbug.c
SRC	xlisp.lzh	169984	ok	XLISP/SRC/xldmem.c
SRC	xlisp.lzh	169984	ok	XLISP/SRC/xldmem.h
SRC	xlisp.lzh	169984	ok	XLISP/SRC/xleval.c
SRC	xlisp.lzh	169984	ok	XLISP/SRC/xlfio.c
SRC	xlisp.lzh	169984	ok	XLISP/SRC/xlftab.c
SRC	xlisp.lzh	169984	ok	XLISP/SRC/xlglob.c
SRC	xlisp.lzh	169984	ok	XLISP/SRC/xlimage.c
SRC	xlisp.lzh	169984	ok	XLISP/SRC/xlinit.c
SRC	xlisp.lzh	169984	ok	XLISP/SRC/xlio.c
SRC	xlisp.lzh	169984	ok	XLISP/SRC/xlisp.c
SRC	xlisp.lzh	169984	ok	XLISP/SRC/xlisp.h
SRC	xlisp.lzh	169984	ok	XLISP/SRC/xljump.c
SRC	xlisp.lzh	169984	ok	XLISP/SRC/xllist.c
SRC	xlisp.lzh	169984	ok	XLISP/SRC/xlmath.c
SRC	xlisp.lzh	169984	ok	XLISP/SRC/xlobj.c
SRC	xlisp.lzh	169984	ok	XLISP/SRC/xlpp.c
SRC	xlisp.lzh	169984	ok	XLISP/SRC/xlprin.c
SRC	xlisp.lzh	169984	ok	XLISP/SRC/xlread.c
SRC	xlisp.lzh	169984	ok	XLISP/SRC/xlstr.c
SRC	xlisp.lzh	169984	ok	XLISP/SRC/xlstruct.c
SRC	xlisp.lzh	169984	ok	XLISP/SRC/xlsubr.c
SRC	xlisp.lzh	169984	ok	XLISP/SRC/xlsym.c
SRC	xlisp.lzh	169984	ok	XLISP/SRC/xlsys.c
SRC	xlisp.lzh	169984	ok	XLISP/about_effo
SRC	xlisp.lzh	169984	ok	XLISP/effo_info
SRC	xlisp.lzh	169984	ok	XLISP/history
SRC	xlisp.lzh	169984	ok	XLISP/ueber_effo
SRC	xlisp.lzh	169984	ok	XLISP/who_is_who
ARCHIVERS	ar2osk.ar	0	ok_os9ar	ar2
ARCHIVERS	ar2osk.ar	0	ok_os9ar	ar.doc
LIB	auxlib.ar	0	ok_os9ar	DEFS/getopt.h
LIB	auxlib.ar	0	ok_os9ar	DEFS/local.h
LIB	auxlib.ar	0	ok_os9ar	DEFS/password.h
LIB	auxlib.ar	0	ok_os9ar	DEFS/stat.h
LIB	auxlib.ar	0	ok_os9ar	DEFS/stdarg.h
LIB	auxlib.ar	0	ok_os9ar	DEFS/stddef.h
LIB	auxlib.ar	0	ok_os9ar	DEFS/stdlib.h
LIB	auxlib.ar	0	ok_os9ar	DEFS/string.h
LIB	auxlib.ar	0	ok_os9ar	DEFS/tick.h
LIB	auxlib.ar	0	ok_os9ar	LIB/alib.l
LIB	auxlib.ar	0	ok_os9ar	LIB/alib020.l
LIB	auxlib.ar	0	ok_os9ar	read.me
CMDS	ckfile.ar	0	ok_os9ar	checkfile.c
CMDS	ckfile.ar	0	ok_os9ar	ckfil.h
CMDS	ckfile.ar	0	ok_os9ar	scnloc.h
CMDS	ckfile.ar	0	ok_os9ar	checkfile.doc
CMDS	ckfile.ar	0	ok_os9ar	checkfile
CMDS	fstat.ar	0	ok_os9ar	fstat
CMDS	fstat.ar	0	ok_os9ar	fstat.c
CMDS	macbin.ar	0	ok_os9ar	macbin
CMDS	macbin.ar	0	ok_os9ar	macbin.doc
GAMES	mines.ar	0	ok_os9ar	ReadMe
GAMES	mines.ar	0	ok_os9ar	mines
GAMES	mines.ar	0	ok_os9ar	mines.c
GRAPHICS	pbmdoc.ar	0	ok_os9ar	FORMATS
GRAPHICS	pbmdoc.ar	0	ok_os9ar	README
GRAPHICS	pbmdoc.ar	0	ok_os9ar	bmaliases
GRAPHICS	pbmdoc.ar	0	ok_os9ar	Readme1st
GRAPHICS	pbmdoc.ar	0	ok_os9ar	cbmtopbm.man
GRAPHICS	pbmdoc.ar	0	ok_os9ar	icontopbm.man
GRAPHICS	pbmdoc.ar	0	ok_os9ar	macptopbm.man
GRAPHICS	pbmdoc.ar	0	ok_os9ar	pblr.man
GRAPHICS	pbmdoc.ar	0	ok_os9ar	pbm.man
GRAPHICS	pbmdoc.ar	0	ok_os9ar	pbmcrop.man
GRAPHICS	pbmdoc.ar	0	ok_os9ar	pbmcut.man
GRAPHICS	pbmdoc.ar	0	ok_os9ar	pbmenlarge.man
GRAPHICS	pbmdoc.ar	0	ok_os9ar	pbmfliplr.man
GRAPHICS	pbmdoc.ar	0	ok_os9ar	pbmfliptb.man
GRAPHICS	pbmdoc.ar	0	ok_os9ar	pbminvert.man
GRAPHICS	pbmdoc.ar	0	ok_os9ar	pbmmake.man
GRAPHICS	pbmdoc.ar	0	ok_os9ar	pbmpaste.man
GRAPHICS	pbmdoc.ar	0	ok_os9ar	pbmtoascii.man
GRAPHICS	pbmdoc.ar	0	ok_os9ar	pbmtocbm.man
GRAPHICS	pbmdoc.ar	0	ok_os9ar	pbmtoicon.man
GRAPHICS	pbmdoc.ar	0	ok_os9ar	pbmtops.man
GRAPHICS	pbmdoc.ar	0	ok_os9ar	pbmtoptx.man
GRAPHICS	pbmdoc.ar	0	ok_os9ar	pbmtorast.man
GRAPHICS	pbmdoc.ar	0	ok_os9ar	pbmtox10bm.man
GRAPHICS	pbmdoc.ar	0	ok_os9ar	pbmtoxbm.man
GRAPHICS	pbmdoc.ar	0	ok_os9ar	pbmtrnspos.man
GRAPHICS	pbmdoc.ar	0	ok_os9ar	pbtb.man
GRAPHICS	pbmdoc.ar	0	ok_os9ar	rasttopbm.man
GRAPHICS	pbmdoc.ar	0	ok_os9ar	xbmtopbm.man
GRAPHICS	pbmdoc.ar	0	ok_os9ar	xwdtopbm.man
GRAPHICS	pbmdoc.ar	0	ok_os9ar	xxxtopbm.man
MISC	setterm121.ar	0	ok_os9ar	copying
MISC	setterm121.ar	0	ok_os9ar	readme
MISC	setterm121.ar	0	ok_os9ar	setterm
MISC	setterm121.ar	0	ok_os9ar	setterm.c
MISC	setterm121.ar	0	ok_os9ar	sys.setterm
MISC	setterm121.ar	0	ok_os9ar	termcap.extra
MISC	xasm.ar	0	ok_os9ar	as.c
MISC	xasm.ar	0	ok_os9ar	do0.c
MISC	xasm.ar	0	ok_os9ar	do1.c
MISC	xasm.ar	0	ok_os9ar	do11.c
MISC	xasm.ar	0	ok_os9ar	do4.c
MISC	xasm.ar	0	ok_os9ar	do5.c
MISC	xasm.ar	0	ok_os9ar	do9.c
MISC	xasm.ar	0	ok_os9ar	eval.c
MISC	xasm.ar	0	ok_os9ar	ffwd.c
MISC	xasm.ar	0	ok_os9ar	output.c
MISC	xasm.ar	0	ok_os9ar	pseudo.c
MISC	xasm.ar	0	ok_os9ar	symtab.c
MISC	xasm.ar	0	ok_os9ar	util.c
MISC	xasm.ar	0	ok_os9ar	as.h
MISC	xasm.ar	0	ok_os9ar	table0.h
MISC	xasm.ar	0	ok_os9ar	table1.h
MISC	xasm.ar	0	ok_os9ar	table11.h
MISC	xasm.ar	0	ok_os9ar	table4.h
MISC	xasm.ar	0	ok_os9ar	table5.h
MISC	xasm.ar	0	ok_os9ar	table9.h
MISC	xasm.ar	0	ok_os9ar	makefile
MISC	xasm.ar	0	ok_os9ar	asm.doc
LIB	unix.zoo	41133	ok_zoo	_secsince70.c
LIB	unix.zoo	41133	ok_zoo	alarm.c
LIB	unix.zoo	41133	ok_zoo	bcmp.c
LIB	unix.zoo	41133	ok_zoo	curses.h
LIB	unix.zoo	41133	ok_zoo	errno.h
LIB	unix.zoo	41133	ok_zoo	execl.c
LIB	unix.zoo	41133	ok_zoo	ioctl.c
LIB	unix.zoo	41133	ok_zoo	ioctl.h
LIB	unix.zoo	41133	ok_zoo	isatty.c
LIB	unix.zoo	41133	ok_zoo	lib_list
LIB	unix.zoo	41133	ok_zoo	makefile
LIB	unix.zoo	41133	ok_zoo	perror.c
LIB	unix.zoo	41133	ok_zoo	rand.c
LIB	unix.zoo	41133	ok_zoo	read.me
LIB	unix.zoo	41133	ok_zoo	signal.c
LIB	unix.zoo	41133	ok_zoo	signal.h
LIB	unix.zoo	41133	ok_zoo	stat.c
LIB	unix.zoo	41133	ok_zoo	stat.h
LIB	unix.zoo	41133	ok_zoo	strchr.c
LIB	unix.zoo	41133	ok_zoo	strcspn.c
LIB	unix.zoo	41133	ok_zoo	strpbrk.c
LIB	unix.zoo	41133	ok_zoo	strrchr.c
LIB	unix.zoo	41133	ok_zoo	strspn.c
LIB	unix.zoo	41133	ok_zoo	strtok.c
LIB	unix.zoo	41133	ok_zoo	term.h
LIB	unix.zoo	41133	ok_zoo	terminfo.h
LIB	unix.zoo	41133	ok_zoo	termio.h
LIB	unix.zoo	41133	ok_zoo	ttyname.c
